date,bdi,bci,bpi,bsi,bunker_vlsfo_usd_mt,brent_crude_usd,coking_coal_platts_usd,iron_ore_cfr_china_usd,china_steel_pmi,congestion_index,monsoon_risk_factor,rate_aus_dhamra_cape,rate_aus_paradip_panamax,rate_indo_haldia_supramax,rate_indo_paradip_panamax,rate_us_vizag_cape,rate_moz_gangavaram_panamax,rate_rus_paradip_supramax
2018-01-01,1195,1293,1097,921,677.7,99.94,271.9,134.2,50.1,1.33,0.11,24.02,31.55,20.08,17.95,55.13,35.09,45.78
2018-01-02,1221,1261,1191,930,665.7,92.14,296.3,134.1,49.9,1.21,0.1,23.91,32.69,20.13,18.11,53.67,34.45,45.53
2018-01-03,1215,1411,1036,1020,670.1,93.08,298.7,125.3,47.9,0.97,0.11,24.48,31.43,20.71,17.54,54.96,33.9,47.36
2018-01-04,1248,1531,1120,1027,661.6,95.86,291.9,139.4,51.2,1.1,0.14,25.67,31.83,20.51,17.82,56.97,34.98,46.54
2018-01-05,1326,1627,1206,1059,679.8,102.69,288.5,137.4,50.0,1.32,0.08,25.66,32.13,21.24,17.82,56.99,35.1,47.63
2018-01-06,1314,1565,1204,1117,677.8,96.89,292.8,135.7,50.4,1.19,0.08,25.9,32.78,20.72,18.31,57.5,34.64,49.23
2018-01-07,1301,1478,1204,1027,672.2,97.37,293.8,140.4,49.5,1.26,0.08,26.09,32.72,21.13,18.11,57.31,36.17,47.82
2018-01-08,1382,1817,1324,1156,693.7,102.41,304.8,143.1,49.3,1.35,0.07,27.74,33.87,21.67,18.45,60.1,37.0,48.8
2018-01-09,1419,1608,1289,1135,691.4,98.73,306.9,143.8,52.3,1.28,0.14,25.45,33.73,21.93,19.51,57.71,36.7,50.24
2018-01-10,1394,1863,1302,1062,700.7,96.1,306.2,137.4,48.4,1.2,0.1,26.96,34.11,20.41,19.0,59.29,36.49,48.63
2018-01-11,1420,1655,1317,1211,672.0,98.45,306.1,135.2,49.3,1.27,0.14,25.86,32.89,21.05,18.75,57.74,36.52,49.69
2018-01-12,1395,1651,1234,1153,691.6,102.5,306.2,142.4,52.4,1.28,0.11,25.92,33.02,21.55,18.45,58.85,34.62,50.36
2018-01-13,1371,1513,1262,1085,692.3,98.82,297.8,132.3,51.5,1.24,0.07,25.1,33.6,21.43,18.9,56.84,35.87,49.21
2018-01-14,1382,1665,1272,1131,687.1,103.67,300.0,145.9,50.4,1.17,0.05,26.39,33.21,21.31,18.33,58.85,36.56,49.37
2018-01-15,1285,1694,1172,1008,677.1,99.0,287.8,135.5,52.3,1.24,0.05,26.69,32.94,20.9,18.1,58.37,34.45,47.43
2018-01-16,1198,1489,1096,991,645.1,94.01,298.7,128.7,51.4,1.25,0.06,25.46,31.48,20.64,17.34,55.64,33.88,47.17
2018-01-17,1172,1496,1072,850,670.9,95.28,292.4,127.2,51.2,1.14,0.14,25.23,30.67,20.02,17.95,56.0,34.43,45.48
2018-01-18,1123,1365,997,866,669.1,92.14,280.1,125.7,51.3,1.17,0.15,24.69,31.49,19.92,17.17,54.02,33.27,45.75
2018-01-19,1143,1223,1105,953,669.3,92.96,288.3,131.9,51.6,1.2,0.1,24.29,31.8,20.39,18.19,53.52,34.51,46.21
2018-01-20,1100,1241,938,876,672.0,105.05,279.7,130.1,51.7,1.1,0.14,24.22,29.8,19.79,17.17,53.75,33.44,46.75
2018-01-21,1033,1097,896,840,650.7,95.15,268.0,123.2,53.8,1.25,0.08,23.67,29.94,19.57,17.09,52.61,32.73,46.11
2018-01-22,1113,1432,1149,846,665.2,96.23,262.6,129.0,51.0,1.28,0.07,25.23,31.48,19.44,18.12,55.5,34.58,45.69
2018-01-23,1105,1160,950,954,659.4,92.39,271.8,124.8,51.1,1.22,0.13,23.59,30.96,20.04,17.46,53.75,32.72,46.41
2018-01-24,1113,1387,941,937,668.4,98.01,272.0,132.8,49.9,1.16,0.11,24.15,30.64,20.42,16.9,55.41,33.41,47.27
2018-01-25,1045,1274,977,836,625.7,95.58,258.7,128.3,51.3,1.29,0.13,24.46,29.82,19.2,17.26,52.68,32.98,44.93
2018-01-26,1023,1325,825,812,633.1,97.13,253.7,126.4,53.7,1.3,0.1,23.91,29.69,19.05,15.87,53.12,31.89,44.19
2018-01-27,1035,1135,921,869,671.8,97.22,270.7,123.1,52.7,1.27,0.08,23.92,30.79,20.07,17.14,52.7,33.17,46.67
2018-01-28,982,1156,974,857,604.2,87.95,264.1,125.5,50.9,1.26,0.09,22.3,29.82,19.37,16.64,51.53,32.61,44.1
2018-01-29,1008,1340,835,845,642.4,89.37,254.7,125.8,51.7,1.31,0.11,24.36,28.87,19.47,16.12,53.82,32.41,44.28
2018-01-30,984,1042,794,865,659.0,89.18,255.7,128.0,50.1,1.26,0.11,23.24,29.03,19.75,16.24,51.21,32.07,45.61
2018-01-31,976,952,808,761,638.9,89.18,270.2,127.2,50.6,1.19,0.06,22.6,28.82,19.18,16.21,51.33,31.76,44.64
2018-02-01,953,892,889,747,631.2,91.9,251.6,129.0,52.0,1.26,0.1,23.38,30.09,19.2,16.61,49.99,31.95,43.72
2018-02-02,1055,1273,1005,810,652.5,91.59,270.1,126.9,51.2,1.25,0.05,23.93,30.04,19.5,17.16,53.97,34.15,44.16
2018-02-03,1060,1030,932,869,646.0,98.3,267.8,121.5,50.6,1.28,0.09,23.31,30.23,19.34,16.99,50.92,32.22,45.17
2018-02-04,1013,1106,941,824,645.6,96.99,268.6,131.5,52.5,1.35,0.06,23.54,30.19,19.39,16.75,51.41,32.75,45.59
2018-02-05,1062,1257,1025,850,641.2,93.12,262.6,125.2,51.9,1.2,0.05,23.7,31.38,19.43,17.16,53.21,33.18,45.25
2018-02-06,1006,1146,984,839,660.9,96.99,264.6,123.0,50.2,1.3,0.19,24.02,30.97,19.36,17.21,51.5,32.51,45.38
2018-02-07,1024,1196,910,867,667.9,96.16,267.0,127.7,49.6,1.19,0.07,23.94,30.69,20.03,17.11,54.09,33.14,45.79
2018-02-08,932,1037,735,709,632.5,89.56,258.3,126.4,51.4,1.21,0.06,23.2,28.36,18.89,16.31,50.69,30.94,43.89
2018-02-09,873,1028,741,693,605.8,84.52,251.4,121.4,50.3,1.4,0.16,23.28,27.65,18.61,16.12,50.17,30.67,43.07
2018-02-10,893,888,775,749,621.4,89.38,255.4,121.9,50.0,1.32,0.05,22.1,28.58,18.53,16.2,49.88,31.08,42.62
2018-02-11,940,974,827,747,632.7,89.22,274.8,123.9,53.6,1.3,0.05,22.46,29.68,18.97,16.56,50.48,32.13,44.25
2018-02-12,957,991,847,750,645.4,91.69,279.5,131.6,52.2,1.16,0.09,23.22,30.02,19.05,16.71,50.32,32.55,44.31
2018-02-13,960,1131,906,809,623.1,91.45,254.2,126.0,52.0,1.28,0.08,23.73,29.51,19.26,16.58,52.78,31.67,45.16
2018-02-14,954,1126,906,732,625.8,91.26,240.1,122.0,52.2,1.13,0.07,22.83,29.33,18.82,16.97,50.69,33.14,43.32
2018-02-15,887,988,780,713,636.2,91.13,256.9,120.1,51.1,1.29,0.06,22.49,28.48,18.77,15.99,49.29,31.33,44.05
2018-02-16,861,1002,803,710,639.1,86.27,251.0,122.1,53.0,1.19,0.09,23.04,29.15,18.74,15.77,51.67,31.96,43.68
2018-02-17,848,812,762,675,613.9,90.07,256.8,123.7,52.4,1.33,0.17,21.54,28.61,18.7,15.7,47.69,31.04,41.76
2018-02-18,913,1122,814,764,611.9,89.21,256.9,126.6,51.7,1.31,0.05,22.62,29.62,18.57,16.63,52.21,31.37,44.04
2018-02-19,940,1156,876,745,684.8,91.34,257.8,126.0,51.9,1.21,0.13,24.25,30.49,19.33,16.96,53.94,33.25,45.3
2018-02-20,860,968,763,740,636.6,91.68,258.5,119.8,51.2,1.33,0.16,22.86,29.19,19.24,16.28,50.89,31.98,43.3
2018-02-21,888,1090,868,718,624.6,86.76,262.3,122.2,52.2,1.47,0.07,22.87,29.08,18.45,16.45,51.02,32.33,43.34
2018-02-22,879,816,722,734,640.4,88.94,240.2,126.6,52.4,1.29,0.12,21.96,28.67,18.69,16.23,48.91,30.94,44.97
2018-02-23,855,869,736,717,622.3,88.89,242.5,118.4,52.2,1.37,0.1,21.73,28.55,18.89,16.0,49.18,30.84,42.82
2018-02-24,897,911,791,711,642.9,88.73,252.3,122.4,52.9,1.14,0.05,21.96,29.12,18.39,16.35,49.77,31.36,43.93
2018-02-25,961,1122,877,714,640.6,93.48,260.1,128.5,52.7,1.36,0.15,23.14,29.76,19.01,16.88,52.99,32.63,42.82
2018-02-26,1018,1051,973,833,647.1,90.52,263.2,131.2,53.2,1.29,0.1,23.12,30.63,19.37,17.0,51.19,33.42,44.67
2018-02-27,984,1163,880,798,639.7,90.3,265.1,126.0,54.0,1.31,0.08,22.93,30.02,19.38,16.81,52.82,32.11,44.93
2018-02-28,978,1207,813,809,618.9,89.8,269.0,124.9,53.7,1.38,0.05,23.3,29.57,18.77,16.21,52.97,32.09,44.27
2018-03-01,1005,1191,940,804,673.2,94.81,277.5,122.1,54.1,1.32,0.12,24.09,29.59,19.95,17.18,53.03,33.82,45.13
2018-03-02,1064,1246,997,842,637.6,91.95,274.3,131.2,52.0,1.22,0.11,24.35,31.16,19.11,16.92,53.39,34.07,45.93
2018-03-03,1049,1100,853,913,629.4,94.05,261.3,133.9,52.4,1.47,0.12,22.98,28.58,20.0,16.45,51.01,31.51,45.01
2018-03-04,1048,1113,945,795,646.5,97.83,266.9,138.9,53.8,1.24,0.12,22.87,30.51,18.95,16.86,52.11,32.84,44.47
2018-03-05,1001,1235,827,833,629.2,91.82,262.8,128.8,53.9,1.28,0.07,23.64,30.42,19.9,16.74,52.48,31.6,44.92
2018-03-06,951,1112,820,752,636.2,93.83,262.4,125.6,52.3,1.35,0.05,23.02,29.27,18.96,15.93,51.44,33.06,43.3
2018-03-07,1003,1121,859,799,654.1,96.21,266.6,123.6,53.9,1.36,0.1,23.72,29.94,19.98,17.0,52.62,32.35,45.08
2018-03-08,1082,1204,1018,860,669.0,96.08,287.9,122.1,52.0,1.4,0.09,23.92,31.07,19.61,16.98,52.8,34.45,46.46
2018-03-09,1087,1051,989,847,666.9,93.57,268.3,130.4,53.8,1.38,0.11,22.25,31.32,19.64,17.53,52.91,34.08,45.55
2018-03-10,1147,1233,976,941,657.8,96.31,281.2,140.8,53.2,1.47,0.16,25.54,30.93,20.56,16.99,52.83,33.27,46.11
2018-03-11,1174,1603,1117,993,666.5,91.97,299.7,137.3,51.6,1.42,0.1,25.92,31.57,20.12,18.05,56.14,34.58,47.13
2018-03-12,1149,1213,970,939,668.7,92.79,273.6,136.0,52.7,1.28,0.13,24.13,30.81,20.07,17.27,53.54,33.71,45.13
2018-03-13,1175,1415,1089,946,639.6,93.71,282.2,133.2,55.9,1.18,0.12,24.06,30.74,20.21,17.12,54.39,34.53,46.78
2018-03-14,1262,1657,1111,968,685.4,102.35,282.4,136.1,53.6,1.41,0.05,25.75,32.09,20.28,18.42,58.27,34.72,47.6
2018-03-15,1267,1387,1142,1032,655.6,94.81,291.2,125.1,56.1,1.52,0.05,24.7,31.71,20.82,18.13,54.91,34.32,47.43
2018-03-16,1353,1709,1282,1170,718.7,96.27,293.4,140.3,51.6,1.32,0.15,27.11,33.96,22.03,19.12,58.26,37.14,49.55
2018-03-17,1225,1585,1151,965,666.2,93.5,294.6,131.4,54.3,1.31,0.06,26.06,31.79,19.94,17.83,57.55,34.24,47.65
2018-03-18,1275,1556,1250,1002,675.7,98.38,292.6,132.3,50.3,1.43,0.11,25.85,32.9,20.97,18.74,56.68,35.86,47.37
2018-03-19,1286,1934,1178,1003,668.3,97.54,285.1,134.1,53.4,1.45,0.06,26.93,32.38,20.24,17.76,60.11,35.59,47.82
2018-03-20,1278,1351,1193,1000,669.4,99.75,298.4,133.7,54.2,1.5,0.13,23.74,32.54,20.85,17.55,56.47,35.4,47.46
2018-03-21,1289,1713,1160,916,714.4,98.92,294.4,132.6,54.4,1.54,0.11,26.9,33.07,20.61,17.97,60.22,35.37,46.5
2018-03-22,1195,1406,1102,973,682.6,92.12,290.7,132.9,52.5,1.41,0.09,24.94,31.95,20.45,17.67,55.92,34.19,48.2
2018-03-23,1193,1509,1113,923,644.9,93.51,273.6,130.5,54.7,1.32,0.13,24.67,31.16,19.65,17.47,54.65,34.77,46.67
2018-03-24,1219,1516,1110,913,694.1,99.41,288.5,133.9,52.8,1.33,0.11,26.13,32.31,20.47,17.94,56.1,34.85,47.45
2018-03-25,1302,1507,1091,1070,699.8,96.96,300.5,129.9,53.3,1.37,0.07,25.19,32.13,21.01,17.93,57.94,34.43,49.15
2018-03-26,1283,1597,1200,980,675.3,100.1,288.9,134.5,53.0,1.5,0.1,26.19,33.15,20.92,18.1,56.94,35.91,46.64
2018-03-27,1249,1288,1167,985,679.9,96.16,278.6,130.0,52.1,1.37,0.13,24.01,33.05,21.0,17.56,54.56,35.56,48.04
2018-03-28,1232,1556,1090,1043,672.9,93.8,286.6,131.3,55.4,1.48,0.14,25.78,31.12,21.37,17.88,56.0,33.92,49.37
2018-03-29,1286,1611,1107,969,709.5,96.43,302.4,136.0,53.5,1.29,0.09,26.79,32.79,20.89,18.11,58.61,36.42,48.05
2018-03-30,1311,1696,1297,981,671.0,95.19,304.1,129.7,54.8,1.44,0.17,26.21,33.69,20.41,18.44,58.76,35.75,47.36
2018-03-31,1291,1715,1217,1041,682.6,95.85,289.6,132.2,54.8,1.36,0.07,27.25,32.2,20.87,18.84,59.51,35.98,47.58
2018-04-01,1324,1685,1208,1104,678.2,98.35,286.3,138.7,52.3,1.46,0.05,27.15,33.03,21.14,18.27,57.75,36.44,47.64
2018-04-02,1336,1676,1164,997,664.6,99.33,294.4,131.2,55.0,1.4,0.05,26.27,32.67,20.63,18.08,58.06,35.33,47.11
2018-04-03,1392,1628,1238,1125,725.8,95.04,300.1,145.5,54.1,1.5,0.1,26.91,33.2,21.93,19.09,58.84,36.57,51.06
2018-04-04,1363,1604,1343,1109,671.6,98.47,304.2,142.4,52.2,1.39,0.1,26.35,33.51,21.59,18.4,57.79,35.68,49.6
2018-04-05,1353,1844,1259,988,691.4,96.87,298.8,135.3,54.0,1.42,0.11,27.49,33.4,20.76,18.65,59.8,37.08,47.77
2018-04-06,1340,1853,1203,1101,660.4,96.49,292.2,133.8,52.3,1.49,0.07,27.11,32.72,20.66,18.42,58.44,35.56,48.71
2018-04-07,1272,1521,1199,1051,672.2,97.27,300.0,135.8,55.4,1.4,0.19,25.35,32.09,20.79,18.24,57.4,34.57,47.4
2018-04-08,1295,1595,1144,1020,687.4,95.97,294.7,129.9,54.5,1.42,0.16,25.4,32.99,21.35,17.77,57.61,35.87,48.16
2018-04-09,1316,1506,1305,1102,671.3,101.17,299.3,128.2,53.4,1.48,0.05,24.92,32.33,20.72,18.54,56.08,36.12,48.39
2018-04-10,1324,1790,1304,1103,693.4,100.82,282.8,134.6,55.0,1.41,0.1,28.0,34.33,21.61,18.92,59.52,36.3,49.24
2018-04-11,1320,1716,1189,1056,680.0,100.72,276.7,135.8,51.6,1.29,0.1,26.67,32.91,20.9,17.65,57.87,35.04,48.19
2018-04-12,1255,1760,1116,985,693.5,95.41,277.9,134.9,52.6,1.36,0.13,26.81,31.99,20.49,17.69,59.43,35.06,47.64
2018-04-13,1243,1397,990,955,694.9,94.01,284.2,131.7,53.1,1.25,0.05,25.76,31.84,20.72,18.18,55.9,34.42,48.1
2018-04-14,1234,1443,1047,985,664.6,96.47,291.7,139.0,56.1,1.38,0.05,24.81,30.85,20.96,17.73,55.03,33.73,48.36
2018-04-15,1202,1463,1025,984,670.5,95.32,265.1,127.0,52.1,1.43,0.05,25.5,31.36,20.64,17.98,57.59,33.96,47.2
2018-04-16,1203,1513,1107,951,672.3,94.2,296.7,128.5,51.4,1.4,0.16,25.55,32.04,20.3,18.15,55.7,36.26,47.81
2018-04-17,1233,1461,1111,899,682.6,93.31,288.4,135.8,51.7,1.51,0.07,25.59,32.22,19.8,18.11,56.5,35.0,45.83
2018-04-18,1338,1544,1153,1120,686.5,97.98,308.9,132.2,54.5,1.52,0.13,25.7,32.05,21.39,18.1,57.12,35.63,49.2
2018-04-19,1354,1806,1235,1086,691.2,97.36,292.7,132.5,52.6,1.44,0.12,26.71,32.89,20.88,18.68,58.76,35.39,48.18
2018-04-20,1375,1821,1305,1077,687.2,100.44,306.0,138.4,53.1,1.23,0.09,26.78,33.64,21.1,19.25,59.25,35.67,48.57
2018-04-21,1378,1600,1310,1133,692.9,100.43,303.0,133.8,54.2,1.47,0.13,25.85,33.34,21.53,19.13,56.8,37.21,49.97
2018-04-22,1287,1746,1072,1090,699.5,99.96,299.2,134.9,53.1,1.34,0.05,26.91,32.21,20.66,18.01,60.63,35.32,49.86
2018-04-23,1294,1736,1184,917,690.6,94.18,291.6,132.8,53.5,1.47,0.08,26.14,32.45,20.78,18.3,58.66,36.32,46.49
2018-04-24,1306,1623,1120,1059,692.8,98.52,298.4,132.5,53.9,1.43,0.05,25.77,32.82,20.77,18.25,57.81,34.96,48.95
2018-04-25,1439,1842,1399,1076,709.5,97.99,317.6,131.3,52.7,1.48,0.1,27.53,35.38,21.33,19.22,61.66,38.06,49.98
2018-04-26,1435,1905,1387,1161,695.9,96.69,303.2,140.1,53.0,1.46,0.07,27.55,34.16,21.88,19.37,59.88,35.85,50.59
2018-04-27,1456,1733,1296,1161,705.6,99.04,312.6,135.2,53.5,1.61,0.19,27.01,34.25,22.2,18.72,60.15,36.84,50.31
2018-04-28,1460,1872,1309,1187,685.0,102.85,296.0,139.6,54.2,1.46,0.1,27.3,33.47,21.53,18.71,60.29,36.86,49.65
2018-04-29,1407,1470,1276,1095,713.8,98.34,311.0,136.7,52.2,1.31,0.13,26.83,33.3,20.77,18.6,55.81,36.2,49.14
2018-04-30,1471,2019,1217,1079,660.9,104.27,327.9,139.8,49.5,1.51,0.13,27.76,32.34,21.29,18.11,60.21,35.77,47.7
2018-05-01,1515,1718,1441,1177,706.6,102.47,307.1,141.2,53.9,1.39,0.1,26.72,34.9,21.53,19.32,59.45,37.62,50.34
2018-05-02,1560,2288,1443,1253,730.4,100.86,321.2,143.8,54.2,1.54,0.14,29.82,34.34,22.64,20.23,64.76,38.07,51.28
2018-05-03,1518,1917,1489,1250,687.8,104.05,324.4,139.0,53.3,1.55,0.1,27.97,35.24,22.26,19.3,60.36,37.66,51.21
2018-05-04,1594,2067,1416,1200,723.4,103.52,325.9,149.0,53.3,1.48,0.12,28.66,34.97,21.2,19.67,62.21,38.58,51.14
2018-05-05,1527,1884,1385,1258,699.1,98.96,319.7,134.8,52.3,1.32,0.19,27.82,34.84,21.79,18.95,59.87,36.93,51.26
2018-05-06,1562,1998,1354,1202,707.9,106.51,319.0,142.2,53.5,1.39,0.11,28.33,34.55,21.91,19.19,61.39,36.77,49.58
2018-05-07,1677,2507,1505,1339,741.3,104.4,331.4,149.6,53.9,1.55,0.08,30.8,35.9,22.32,20.15,68.31,38.34,53.04
2018-05-08,1629,1734,1444,1258,724.5,103.02,328.8,146.9,52.9,1.59,0.07,27.21,34.97,22.1,19.12,59.15,37.84,51.43
2018-05-09,1603,2336,1583,1275,687.9,100.42,327.0,140.4,55.8,1.43,0.1,30.13,36.37,22.3,19.53,63.63,38.62,52.4
2018-05-10,1612,2192,1464,1317,704.8,105.64,318.2,141.3,50.9,1.4,0.1,29.13,36.08,22.62,19.32,63.21,38.18,51.2
2018-05-11,1590,1893,1503,1194,731.4,103.62,324.7,139.9,52.9,1.33,0.1,27.58,35.51,22.31,19.58,60.33,38.22,50.98
2018-05-12,1515,1794,1390,1166,714.6,102.66,329.6,144.2,51.3,1.31,0.05,27.19,35.13,22.05,19.4,60.33,37.63,50.64
2018-05-13,1523,2242,1335,1214,735.0,99.96,314.5,139.1,53.7,1.42,0.05,28.78,34.16,21.86,19.39,63.57,37.65,50.84
2018-05-14,1474,1748,1363,1280,728.1,102.49,302.7,141.7,50.7,1.45,0.06,27.32,34.32,22.27,19.06,59.24,36.98,53.2
2018-05-15,1503,1763,1447,1149,701.3,103.17,314.5,142.5,51.0,1.28,0.1,27.54,34.63,21.93,19.54,58.59,37.71,51.09
2018-05-16,1461,2039,1279,1253,738.9,98.52,305.5,149.8,51.8,1.45,0.1,28.2,34.51,23.06,18.99,61.68,36.93,51.45
2018-05-17,1545,2071,1506,1320,711.9,98.05,309.6,143.9,52.8,1.51,0.12,28.62,34.87,22.43,19.8,63.23,38.34,51.8
2018-05-18,1510,1807,1351,1190,692.8,102.45,317.5,138.4,51.8,1.44,0.11,27.51,34.77,21.93,18.86,59.89,36.53,51.5
2018-05-19,1498,1966,1365,1172,696.3,96.87,309.5,135.5,51.7,1.52,0.08,28.33,34.62,22.03,19.28,61.65,36.89,50.91
2018-05-20,1544,1848,1485,1187,677.5,101.95,315.1,141.5,52.2,1.42,0.06,27.63,35.07,21.77,19.96,60.03,37.61,49.62
2018-05-21,1485,2079,1340,1173,728.4,99.47,315.0,140.5,52.0,1.41,0.12,28.05,34.31,22.0,19.52,62.76,38.21,51.05
2018-05-22,1501,2104,1405,1122,730.1,103.91,303.3,132.6,54.1,1.41,0.11,29.13,35.37,21.63,19.98,63.12,37.83,49.4
2018-05-23,1572,2151,1452,1238,699.5,101.05,309.3,140.5,53.1,1.5,0.06,28.17,33.37,22.77,19.09,63.4,38.35,52.24
2018-05-24,1494,1981,1404,1254,701.9,103.5,320.1,142.4,51.8,1.42,0.12,27.63,34.74,22.31,19.13,62.43,38.06,51.21
2018-05-25,1507,2224,1241,1164,708.4,99.68,300.7,139.5,54.7,1.33,0.14,29.55,33.51,21.97,18.89,62.69,35.53,50.6
2018-05-26,1524,1979,1296,1194,694.6,103.75,310.2,145.9,52.7,1.41,0.13,27.99,32.68,21.99,19.29,62.83,36.25,49.74
2018-05-27,1568,1861,1516,1154,687.8,107.12,308.4,137.0,50.9,1.41,0.14,27.59,35.33,21.37,19.87,58.93,38.7,49.0
2018-05-28,1508,2020,1482,1211,703.8,98.3,312.3,144.3,52.3,1.35,0.07,27.86,35.41,22.08,19.36,61.35,38.08,50.97
2018-05-29,1444,2147,1283,1158,694.5,100.63,312.8,143.5,52.6,1.43,0.13,29.29,32.6,21.6,18.65,62.57,36.23,51.02
2018-05-30,1475,1740,1359,1172,697.2,107.29,313.6,144.5,51.1,1.36,0.09,27.14,33.53,21.69,19.21,59.19,37.3,49.77
2018-05-31,1494,1870,1416,1173,708.7,100.9,333.9,135.0,50.6,1.41,0.18,27.95,35.74,22.0,19.39,61.89,38.09,49.77
2018-06-01,1510,2019,1460,1181,728.7,101.16,325.2,142.9,51.9,1.39,0.14,28.09,35.24,21.85,19.54,63.07,38.2,51.08
2018-06-02,1530,1981,1287,1235,705.1,103.32,311.2,139.6,51.3,1.29,0.12,28.53,34.21,21.84,18.8,61.66,36.35,51.99
2018-06-03,1498,1781,1337,1185,708.4,100.91,305.6,135.7,53.5,1.27,0.17,27.06,34.7,22.12,19.11,60.46,35.75,50.11
2018-06-04,1513,2134,1391,1212,718.5,96.78,338.4,140.1,52.5,1.29,0.08,28.68,34.87,22.04,19.09,63.32,37.54,50.88
2018-06-05,1530,2358,1482,1220,717.9,104.17,327.1,138.6,50.8,1.34,0.12,30.2,35.84,22.13,20.08,64.52,38.02,51.62
2018-06-06,1495,1958,1571,1237,696.2,95.75,319.6,144.9,52.1,1.46,0.19,28.08,34.59,21.56,19.84,61.27,38.05,51.4
2018-06-07,1592,1947,1479,1291,718.5,101.32,326.0,146.0,53.0,1.34,0.13,27.73,35.2,22.92,19.75,61.5,38.1,51.79
2018-06-08,1616,1876,1414,1285,728.2,105.78,330.3,140.0,49.8,1.38,0.11,28.68,33.45,22.84,19.9,60.52,37.64,52.76
2018-06-09,1555,2076,1488,1304,695.8,100.87,309.6,140.0,50.2,1.4,0.69,29.11,34.17,22.7,19.59,62.82,37.99,51.93
2018-06-10,1589,2278,1592,1276,735.7,100.58,326.3,142.3,51.3,1.31,0.67,30.04,36.12,22.82,20.67,64.76,39.21,52.17
2018-06-11,1539,2081,1449,1280,732.2,103.69,320.2,142.2,51.3,1.29,0.7,29.02,34.97,22.24,19.45,62.22,38.41,52.68
2018-06-12,1579,2075,1415,1277,704.7,100.02,316.8,147.6,51.2,1.41,0.69,28.62,34.66,22.5,19.53,61.5,37.57,51.95
2018-06-13,1637,2076,1616,1195,725.3,100.04,326.0,147.9,50.8,1.38,0.72,28.12,36.4,21.99,20.64,63.14,40.01,50.36
2018-06-14,1593,1917,1547,1323,726.8,103.07,337.7,144.2,50.7,1.28,0.73,28.07,36.0,22.59,19.87,62.16,38.59,53.41
2018-06-15,1640,2331,1467,1300,714.6,102.7,329.7,144.2,51.5,1.3,0.79,29.83,35.26,22.79,19.64,65.01,38.93,52.19
2018-06-16,1658,2380,1595,1304,732.2,100.34,349.3,138.7,52.3,1.34,0.74,29.99,36.53,23.32,20.31,65.93,39.85,53.24
2018-06-17,1697,2004,1685,1350,731.9,105.66,323.0,152.0,50.3,1.36,0.74,28.37,36.53,23.51,20.78,61.76,40.76,52.98
2018-06-18,1789,2768,1801,1384,718.2,106.7,343.1,147.6,53.8,1.44,0.81,30.88,37.28,23.31,21.23,68.61,40.83,53.2
2018-06-19,1770,2533,1676,1403,745.0,104.35,332.8,155.1,53.2,1.38,0.81,30.64,37.12,23.46,20.51,67.04,40.01,54.1
2018-06-20,1726,2603,1606,1325,716.4,103.81,330.6,148.4,52.3,1.25,0.77,31.43,36.19,22.73,20.26,66.94,38.88,52.64
2018-06-21,1675,2007,1679,1386,741.0,104.9,328.0,154.3,51.4,1.25,0.82,29.31,36.56,23.07,21.25,62.53,40.99,54.49
2018-06-22,1629,1928,1441,1278,711.4,105.94,332.0,147.4,53.0,1.33,0.79,27.52,35.47,22.41,19.88,60.63,38.34,51.93
2018-06-23,1620,2123,1558,1258,718.0,102.12,330.6,139.0,50.2,1.31,0.8,28.94,36.24,22.72,20.33,63.49,38.3,51.55
2018-06-24,1632,2258,1432,1239,742.4,104.66,324.4,142.6,49.5,1.23,0.88,30.22,34.9,23.11,19.72,64.11,38.7,52.48
2018-06-25,1641,2500,1629,1307,730.3,104.58,313.0,144.6,49.8,1.38,0.81,30.54,36.48,22.57,21.12,65.66,39.14,52.67
2018-06-26,1677,2379,1564,1330,711.0,105.95,346.6,142.8,49.2,1.12,0.81,30.23,36.82,22.17,20.37,64.43,38.9,54.03
2018-06-27,1671,2198,1678,1337,711.3,103.76,331.9,144.6,50.5,1.32,0.83,29.12,36.73,22.65,20.54,64.04,40.04,52.52
2018-06-28,1738,2169,1689,1310,725.4,102.46,332.7,142.5,50.6,1.18,0.76,29.65,37.14,23.06,20.75,63.81,40.67,53.08
2018-06-29,1717,2553,1527,1264,737.8,103.24,341.4,147.4,50.5,1.37,0.84,30.57,35.65,23.28,19.99,65.99,39.0,52.6
2018-06-30,1847,2368,1888,1484,752.4,107.33,355.5,151.9,50.1,1.29,0.86,29.97,38.63,24.37,21.83,66.47,41.86,53.74
2018-07-01,1869,2947,1924,1551,736.9,111.36,353.8,147.5,50.3,1.37,0.94,32.99,39.58,24.58,21.91,70.59,41.98,54.98
2018-07-02,1816,2449,1805,1365,725.9,104.76,351.5,157.9,52.1,1.27,0.87,30.5,37.85,22.84,21.37,65.71,41.39,52.73
2018-07-03,1752,2692,1599,1464,740.2,106.97,333.9,148.6,50.7,1.39,0.89,31.73,36.48,23.51,20.38,68.34,39.87,53.57
2018-07-04,1768,2549,1653,1404,735.1,104.39,351.0,145.5,51.0,1.14,0.89,31.26,36.83,22.99,20.17,66.19,39.81,53.42
2018-07-05,1748,2354,1670,1373,767.8,105.16,334.7,141.7,50.1,1.35,0.97,30.16,38.71,23.31,21.02,66.48,39.54,53.19
2018-07-06,1775,2330,1627,1372,739.2,109.11,340.9,149.2,47.9,1.23,0.93,29.53,36.72,23.52,20.75,64.46,38.46,52.7
2018-07-07,1790,2392,1846,1327,767.6,107.48,352.6,148.4,47.6,1.31,0.83,30.5,38.3,23.75,21.37,66.44,41.95,53.61
2018-07-08,1778,2519,1701,1451,721.4,102.26,355.6,152.2,52.2,1.31,0.95,30.58,36.64,23.62,20.67,66.24,39.38,55.06
2018-07-09,1726,2355,1414,1315,709.3,103.11,352.9,147.1,49.0,1.15,0.86,29.72,35.09,22.6,19.84,65.27,37.28,51.22
2018-07-10,1641,2083,1573,1253,706.1,106.31,339.3,140.5,48.8,1.32,0.88,29.05,35.1,21.99,19.7,62.31,38.62,50.51
2018-07-11,1612,2106,1490,1322,737.3,103.05,325.0,151.2,49.8,1.27,0.86,29.33,35.9,22.93,19.88,63.85,39.62,52.42
2018-07-12,1650,2216,1550,1202,750.3,100.43,319.4,147.3,50.1,1.25,0.98,29.9,35.94,22.49,20.76,63.84,39.32,51.53
2018-07-13,1654,1834,1532,1224,712.7,101.34,343.5,144.7,50.2,1.27,0.97,27.57,34.68,21.77,19.99,60.24,38.88,50.12
2018-07-14,1585,2163,1549,1251,709.3,104.01,335.6,144.4,51.4,1.23,0.97,28.78,35.19,22.6,19.83,63.44,38.85,50.87
2018-07-15,1589,1930,1577,1269,699.2,104.81,319.7,145.8,51.1,1.29,0.97,27.42,35.75,22.21,20.02,61.64,37.44,50.8
2018-07-16,1604,1925,1530,1290,691.4,102.61,334.1,138.6,48.2,1.18,0.96,27.16,35.98,22.64,20.01,59.71,37.96,51.55
2018-07-17,1555,1759,1433,1214,723.4,107.94,318.7,143.6,50.3,1.27,0.92,26.98,35.51,22.25,19.56,59.38,37.31,51.42
2018-07-18,1560,1748,1460,1357,716.5,103.89,333.9,141.2,48.6,1.25,0.94,27.11,35.0,23.05,19.86,60.03,38.88,52.6
2018-07-19,1559,1820,1464,1221,713.3,101.22,317.7,145.1,48.9,1.19,0.92,26.96,35.61,21.99,19.74,61.34,37.09,50.8
2018-07-20,1499,1825,1344,1176,684.9,98.78,331.1,138.4,47.7,1.33,0.91,27.17,33.65,21.6,19.05,59.66,36.4,49.45
2018-07-21,1515,2270,1458,1161,732.5,98.66,323.3,139.4,46.9,1.22,0.92,29.64,34.64,22.24,20.0,63.87,38.13,50.78
2018-07-22,1542,1926,1478,1226,703.6,102.38,334.4,149.2,48.8,1.2,0.98,27.63,35.09,22.1,19.56,60.09,37.46,50.29
2018-07-23,1596,2135,1616,1291,725.5,101.21,322.1,149.0,47.6,1.24,0.93,29.48,35.66,22.36,20.1,63.37,39.43,53.04
2018-07-24,1647,2268,1651,1361,701.8,107.45,334.8,132.3,49.9,1.19,0.98,28.36,36.71,22.89,20.48,64.02,39.25,51.52
2018-07-25,1575,2090,1428,1170,712.2,105.75,315.8,148.1,48.3,1.28,0.98,28.5,35.25,22.03,19.48,62.36,37.78,50.01
2018-07-26,1526,1971,1487,1196,713.6,102.86,325.0,141.8,49.0,1.17,0.98,27.18,34.86,22.48,19.63,60.77,38.43,51.26
2018-07-27,1553,1835,1386,1249,717.3,98.77,328.3,140.0,50.2,1.24,0.92,27.63,34.69,22.74,19.54,61.23,37.58,51.2
2018-07-28,1579,2316,1534,1276,717.8,100.46,343.1,139.5,46.7,1.09,0.92,30.06,35.77,22.52,20.38,64.38,38.81,52.17
2018-07-29,1604,2428,1470,1266,726.0,105.71,330.7,140.5,47.6,1.03,0.95,29.83,35.8,22.4,19.75,66.2,38.81,52.86
2018-07-30,1800,2143,1625,1443,724.5,104.31,354.3,146.9,48.6,1.24,0.98,28.55,35.84,23.43,20.42,62.08,38.61,54.38
2018-07-31,1826,2318,1764,1385,747.5,108.93,347.6,145.9,48.7,1.18,0.98,29.44,38.12,23.24,20.81,66.32,41.23,52.98
2018-08-01,1880,2568,1556,1563,752.5,108.16,361.9,146.4,49.6,1.2,0.97,31.35,35.72,24.55,20.29,67.3,38.82,55.21
2018-08-02,1924,2502,1682,1565,759.4,107.8,359.5,148.9,49.3,1.03,0.94,30.97,37.79,24.78,20.99,68.34,40.11,55.97
2018-08-03,1953,2877,1857,1444,760.3,106.36,366.8,155.1,48.3,1.36,0.96,32.73,39.22,24.2,21.64,71.1,41.87,54.94
2018-08-04,1932,2567,1859,1446,737.7,107.56,364.9,153.5,48.5,1.22,0.95,31.0,38.03,23.51,21.37,66.36,41.67,54.93
2018-08-05,1966,3275,1853,1472,741.0,108.79,364.6,156.4,48.5,1.32,0.95,34.05,38.98,23.65,21.7,73.74,41.73,54.11
2018-08-06,1922,2965,1696,1544,722.5,110.22,362.9,152.7,46.3,1.09,0.91,33.25,36.16,23.9,20.71,71.53,39.48,54.73
2018-08-07,1906,2722,1749,1415,766.1,105.17,357.5,147.3,47.8,1.21,0.9,32.31,38.54,23.14,22.03,69.07,41.88,54.31
2018-08-08,1878,2838,1829,1451,763.0,106.29,354.2,153.8,48.2,1.23,0.95,32.22,39.24,23.53,21.62,71.57,41.42,54.66
2018-08-09,1878,2856,1847,1497,763.3,107.07,366.0,147.8,48.4,1.2,0.89,32.5,38.83,24.13,20.81,70.84,41.42,56.26
2018-08-10,1992,2713,1913,1551,768.3,110.38,371.8,157.5,46.7,1.22,0.91,31.84,39.11,24.59,21.61,70.41,41.74,56.05
2018-08-11,1892,2477,1914,1496,720.2,104.9,361.7,147.5,46.3,1.08,0.93,31.09,38.65,23.89,21.72,66.2,40.92,54.5
2018-08-12,1923,2726,1879,1440,740.4,104.36,350.8,150.3,47.5,1.21,0.94,32.19,38.24,23.39,21.39,68.72,40.96,54.74
2018-08-13,1837,2721,1686,1474,748.4,107.99,356.1,149.2,50.1,1.11,0.97,31.93,38.58,23.74,20.68,70.27,40.44,55.72
2018-08-14,1810,2523,1698,1385,744.7,102.08,353.8,152.6,46.7,1.12,0.87,31.71,37.0,23.29,20.5,67.68,40.62,53.62
2018-08-15,1862,2266,1653,1439,745.4,109.91,352.3,152.1,49.0,1.17,0.87,30.44,37.64,23.55,20.55,64.8,39.55,55.05
2018-08-16,1861,2425,1767,1472,754.2,106.29,372.1,151.4,49.5,1.14,0.96,30.6,37.57,24.13,21.29,66.89,40.44,55.97
2018-08-17,1802,2466,1810,1420,742.0,101.89,330.4,157.3,47.6,1.13,0.97,30.57,38.87,23.14,21.43,66.21,41.04,53.93
2018-08-18,1762,2393,1730,1386,739.0,103.92,350.6,141.3,46.7,1.24,0.86,30.22,38.45,22.98,20.65,65.96,40.53,53.19
2018-08-19,1794,2855,1826,1365,731.2,106.57,353.5,145.3,48.1,1.14,0.86,32.01,38.22,23.05,21.53,70.5,41.23,54.42
2018-08-20,1753,2125,1638,1361,750.8,103.64,347.6,144.1,47.6,1.11,0.91,29.97,37.1,22.89,20.32,63.79,39.47,54.17
2018-08-21,1760,2501,1784,1383,730.5,105.14,345.5,141.5,46.3,1.13,0.89,30.35,37.23,22.66,21.24,65.97,40.68,53.31
2018-08-22,1759,2687,1653,1306,716.8,106.92,348.3,145.7,46.5,1.05,0.88,31.79,36.01,22.24,20.57,67.13,40.31,52.49
2018-08-23,1722,2757,1751,1329,720.9,103.97,346.7,150.3,47.8,1.14,0.85,32.09,37.47,22.78,20.62,68.58,39.76,51.83
2018-08-24,1827,2446,1739,1455,739.5,103.8,345.7,148.0,48.4,1.2,0.9,30.49,38.25,23.89,20.68,65.8,40.54,55.02
2018-08-25,1854,2679,1831,1378,762.7,105.82,357.0,149.8,46.8,1.17,0.86,32.69,38.26,23.69,21.68,68.02,41.89,52.88
2018-08-26,1745,2483,1777,1435,734.5,108.38,340.9,141.3,47.1,1.13,0.85,30.1,38.82,24.02,20.95,65.7,40.29,54.65
2018-08-27,1750,2421,1644,1444,732.9,109.13,334.1,145.1,47.9,1.17,0.81,30.39,36.42,23.61,20.5,66.78,40.02,53.64
2018-08-28,1711,2295,1637,1279,712.4,99.25,344.3,145.4,46.9,1.07,0.88,29.4,36.48,22.58,20.57,64.2,38.66,50.69
2018-08-29,1750,2467,1767,1449,747.4,107.65,338.3,150.9,46.7,1.13,0.83,31.19,37.95,23.66,21.32,66.8,41.22,53.25
2018-08-30,1704,1834,1601,1333,720.5,104.81,325.8,140.3,46.1,1.23,0.83,27.71,36.18,22.81,20.01,59.86,39.2,52.21
2018-08-31,1693,2405,1495,1355,727.5,106.32,332.3,144.9,46.1,1.09,0.87,29.59,34.54,23.68,19.89,65.26,37.76,53.34
2018-09-01,1714,2341,1796,1321,753.7,102.96,332.5,151.6,50.2,1.16,0.78,30.8,37.83,23.18,21.07,65.42,41.57,52.25
2018-09-02,1752,2346,1623,1427,743.6,100.53,351.4,146.6,46.7,1.17,0.81,30.4,36.84,23.69,20.82,65.42,39.27,53.37
2018-09-03,1685,2636,1605,1348,703.6,105.34,336.9,138.0,48.6,1.04,0.74,30.64,35.96,22.46,20.63,65.84,38.86,52.01
2018-09-04,1662,2104,1659,1267,698.9,101.16,344.2,151.0,48.9,1.15,0.78,28.41,36.64,22.44,20.1,63.03,39.6,51.73
2018-09-05,1633,2101,1491,1227,720.9,99.56,324.6,148.0,46.6,1.04,0.84,28.28,35.82,22.5,19.83,62.84,37.85,51.82
2018-09-06,1594,2438,1423,1185,699.2,99.11,332.7,147.5,47.3,1.12,0.72,30.02,34.5,22.21,19.67,65.3,37.19,50.38
2018-09-07,1679,2105,1607,1332,737.1,105.29,357.8,139.4,46.9,1.05,0.79,29.08,36.04,23.2,20.45,63.98,40.06,53.44
2018-09-08,1694,2181,1458,1363,729.7,104.37,339.5,152.8,44.9,1.12,0.83,29.14,36.1,23.08,19.95,64.38,37.18,53.47
2018-09-09,1623,2129,1506,1313,723.3,104.83,335.7,141.7,44.9,1.09,0.78,28.78,34.9,22.74,19.94,62.76,39.2,52.08
2018-09-10,1664,2378,1590,1305,715.0,105.21,338.9,143.9,46.8,1.1,0.73,29.36,35.77,22.65,19.88,65.51,38.27,52.6
2018-09-11,1765,2453,1654,1322,763.6,104.12,333.3,145.9,46.2,1.13,0.7,31.07,36.84,23.23,20.88,67.51,39.93,52.55
2018-09-12,1810,2237,1590,1381,785.3,105.7,354.3,153.7,49.0,1.07,0.66,29.43,37.49,24.09,21.1,66.06,40.27,54.78
2018-09-13,1724,2237,1763,1418,728.5,103.23,342.4,146.9,46.4,1.0,0.79,29.53,38.18,23.72,21.1,64.99,40.87,52.97
2018-09-14,1692,2167,1608,1306,734.2,103.46,334.3,148.6,49.0,1.1,0.71,28.55,36.4,23.07,20.91,64.36,39.6,52.57
2018-09-15,1749,2368,1778,1382,737.0,102.49,335.7,148.6,46.1,1.19,0.64,30.24,37.88,23.89,20.61,66.13,40.84,54.17
2018-09-16,1705,2380,1592,1283,726.5,105.17,343.4,146.7,48.9,1.14,0.67,30.15,36.47,21.86,20.41,66.38,38.99,52.17
2018-09-17,1719,2407,1557,1370,719.7,107.12,331.7,143.7,47.2,1.13,0.66,30.36,36.8,22.93,19.91,65.49,39.61,52.91
2018-09-18,1751,2047,1684,1350,719.5,102.9,360.1,155.6,47.3,1.06,0.08,28.88,35.93,22.95,20.35,62.39,40.2,52.81
2018-09-19,1695,2479,1586,1390,712.3,107.25,337.7,140.9,46.0,1.1,0.2,30.86,36.37,22.9,20.56,66.46,39.52,53.39
2018-09-20,1685,2311,1498,1367,734.1,104.16,325.8,148.2,47.3,1.02,0.14,29.28,35.87,22.9,19.9,64.92,38.39,54.48
2018-09-21,1512,2175,1518,1173,699.8,101.65,312.6,143.2,48.6,1.02,0.12,28.87,35.13,21.31,19.68,63.24,37.04,50.56
2018-09-22,1455,1925,1313,1148,662.0,95.84,308.4,144.8,46.4,1.07,0.15,28.09,33.42,21.25,18.75,59.29,36.51,48.74
2018-09-23,1438,1991,1215,1116,705.3,95.28,328.0,145.2,46.1,0.9,0.17,28.16,33.57,21.83,17.95,59.87,36.11,49.49
2018-09-24,1371,1779,1354,1028,689.8,99.01,294.5,137.2,46.2,1.17,0.12,26.62,34.27,21.18,19.44,59.62,36.86,47.7
2018-09-25,1451,2051,1317,1111,720.3,101.99,309.2,142.1,48.5,0.94,0.16,28.54,35.24,21.45,19.7,61.32,36.68,49.15
2018-09-26,1374,1792,1234,1101,696.3,97.03,297.6,144.9,47.5,1.18,0.07,26.94,33.27,21.47,18.87,59.01,35.76,47.78
2018-09-27,1348,1664,1136,1087,665.4,102.44,303.1,136.9,48.2,0.96,0.07,25.66,32.04,21.46,18.07,58.1,34.38,48.12
2018-09-28,1352,1990,1359,1083,654.6,100.17,295.4,133.0,46.9,0.96,0.06,27.85,33.39,20.47,18.71,60.62,36.27,47.27
2018-09-29,1423,1931,1237,1116,685.9,97.27,298.0,137.7,46.6,1.01,0.11,27.84,33.34,21.34,18.2,61.23,35.23,49.25
2018-09-30,1346,1750,1248,1111,677.9,98.3,297.3,131.9,47.0,0.99,0.05,26.14,33.01,21.38,18.87,57.2,36.13,48.65
2018-10-01,1402,1588,1361,1117,708.3,105.38,302.5,140.2,47.8,0.99,0.15,26.26,34.31,21.6,19.49,58.27,38.14,49.04
2018-10-02,1399,1582,1326,1143,693.7,96.04,299.8,142.8,46.2,1.0,0.08,25.87,33.84,21.86,19.09,57.43,36.31,48.42
2018-10-03,1346,1713,1240,996,704.3,99.55,294.6,136.6,48.1,1.03,0.13,26.18,33.3,20.46,18.79,59.73,35.32,47.98
2018-10-04,1367,1729,1158,917,670.0,97.78,310.6,131.2,46.9,0.96,0.05,25.92,31.95,19.87,18.17,59.25,34.88,45.45
2018-10-05,1375,1637,1222,1106,705.3,100.48,299.4,142.0,43.6,1.1,0.14,25.98,33.46,21.72,18.46,57.49,36.15,49.92
2018-10-06,1341,1684,1251,1007,697.5,101.31,289.3,129.9,47.6,1.14,0.16,26.58,33.2,20.4,19.43,58.61,36.32,48.32
2018-10-07,1343,1880,1192,1060,656.6,97.2,294.9,130.8,45.0,0.87,0.1,26.83,32.61,21.07,18.02,59.73,35.78,47.75
2018-10-08,1321,1723,1231,1040,704.1,100.59,296.7,135.7,47.6,1.17,0.12,26.48,33.35,21.28,18.52,58.88,36.45,49.57
2018-10-09,1325,1489,1265,1123,686.2,103.42,286.0,137.5,47.6,1.08,0.06,25.42,33.08,21.65,18.98,57.81,35.11,49.29
2018-10-10,1358,1677,1316,1098,694.6,98.59,313.1,139.1,46.9,1.05,0.1,26.84,34.55,21.23,18.91,58.17,35.93,49.4
2018-10-11,1436,1709,1254,1147,685.4,101.73,315.5,139.4,47.2,1.0,0.14,26.72,33.13,21.71,18.59,58.26,36.12,49.96
2018-10-12,1371,1661,1408,1127,709.4,97.17,312.9,144.8,47.9,1.05,0.59,27.05,34.97,21.31,19.84,57.98,37.27,49.53
2018-10-13,1477,1834,1431,1188,685.5,100.5,316.1,141.0,46.0,1.12,0.68,27.06,34.12,21.65,19.52,59.66,38.06,49.72
2018-10-14,1375,1656,1273,1073,703.3,98.28,285.2,142.0,47.5,1.24,0.57,27.19,32.58,21.33,19.03,56.4,35.89,49.09
2018-10-15,1366,1535,1333,1133,702.0,100.56,313.3,140.8,48.0,1.21,0.65,26.12,33.72,21.36,18.62,57.26,37.28,48.94
2018-10-16,1395,1737,1446,1059,678.6,102.07,297.2,133.3,48.7,0.92,0.61,26.43,33.41,21.08,19.44,59.41,36.98,49.43
2018-10-17,1408,1698,1213,1133,724.6,99.01,299.2,138.1,45.3,1.03,0.72,27.03,33.36,21.49,18.44,58.5,36.36,50.34
2018-10-18,1375,1318,1259,1026,694.3,102.56,303.2,146.4,47.1,1.04,0.71,24.39,34.09,21.06,18.55,54.21,35.69,48.2
2018-10-19,1364,1983,1112,1094,699.3,102.36,311.8,135.6,45.5,1.14,0.73,27.88,31.91,21.91,18.18,62.01,35.32,50.48
2018-10-20,1339,1806,1248,1074,663.5,100.22,306.6,134.2,45.5,1.03,0.79,26.93,31.76,20.58,18.38,59.57,36.06,47.54
2018-10-21,1309,1564,1229,1114,714.5,96.3,302.3,136.7,47.1,0.97,0.76,26.5,34.19,21.63,18.92,57.08,36.32,50.72
2018-10-22,1354,1689,1249,1010,669.9,96.83,297.2,135.4,46.8,1.04,0.91,26.14,32.68,20.19,18.68,59.08,36.59,48.08
2018-10-23,1373,1557,1230,1066,706.0,96.65,299.1,134.7,48.1,1.01,0.84,27.22,33.31,21.05,18.91,58.04,35.7,49.72
2018-10-24,1338,1886,1110,1101,671.4,100.47,300.9,134.9,46.3,1.12,0.82,27.15,32.32,21.39,17.49,60.34,34.62,48.59
2018-10-25,1386,2004,1308,1116,682.9,95.88,302.1,143.9,46.6,1.24,0.81,27.23,33.8,21.23,19.5,60.4,36.72,49.16
2018-10-26,1403,1791,1396,1122,706.1,100.89,312.0,138.1,47.1,1.13,0.81,27.69,34.9,21.83,19.33,60.8,36.88,49.5
2018-10-27,1445,1992,1305,1102,714.8,97.21,316.1,134.5,45.8,1.14,0.88,28.47,34.45,21.68,19.4,61.55,36.82,50.26
2018-10-28,1478,1924,1409,1143,684.3,102.53,317.7,134.7,46.0,1.17,0.85,27.64,33.42,21.5,18.46,60.08,37.44,49.71
2018-10-29,1436,1631,1231,1196,714.7,99.81,288.3,148.4,48.2,1.1,0.92,26.38,32.75,21.77,18.65,58.96,36.67,50.43
2018-10-30,1409,1721,1338,1117,710.7,102.64,306.6,138.0,46.2,1.03,0.88,27.09,34.76,21.82,18.7,59.01,37.55,49.44
2018-10-31,1449,1868,1322,1167,685.8,102.84,309.0,141.7,48.4,1.04,0.89,27.96,33.29,21.76,18.61,58.79,36.02,49.78
2018-11-01,1482,1835,1330,1168,727.8,104.12,314.8,137.8,47.7,1.16,0.9,27.75,34.04,21.59,19.26,60.84,37.33,50.52
2018-11-02,1482,1872,1330,1118,682.0,104.19,307.4,142.2,45.1,1.1,0.89,26.7,33.05,21.08,18.77,59.56,35.8,49.99
2018-11-03,1489,1904,1363,1224,695.4,101.02,303.6,146.9,47.7,1.0,0.91,26.21,33.92,21.23,19.51,59.9,36.57,51.15
2018-11-04,1556,2021,1486,1254,719.9,98.87,325.1,140.3,47.7,1.2,0.98,28.58,35.21,22.03,20.34,63.0,38.19,52.04
2018-11-05,1526,1991,1335,1319,696.4,98.65,315.4,144.0,47.6,1.03,0.92,27.61,33.47,22.48,18.72,62.89,37.3,51.95
2018-11-06,1555,1861,1429,1179,716.6,96.54,326.0,137.3,47.0,1.01,0.91,27.61,34.4,21.69,19.41,60.02,38.04,50.11
2018-11-07,1546,1901,1445,1262,715.2,98.89,315.0,150.8,46.0,1.03,0.92,27.49,35.18,22.19,19.3,61.1,37.9,51.97
2018-11-08,1536,1793,1359,1151,707.5,101.61,330.6,143.5,48.8,1.12,0.88,26.88,33.87,22.19,19.54,59.54,37.31,48.82
2018-11-09,1592,2264,1631,1265,729.6,100.97,333.5,142.3,47.1,1.19,0.84,29.35,36.28,22.9,20.53,66.11,39.82,52.01
2018-11-10,1635,1809,1475,1339,718.7,102.61,332.5,143.9,46.2,1.14,0.75,27.17,34.19,22.68,19.77,60.61,38.36,52.04
2018-11-11,1675,2456,1530,1210,730.4,104.96,332.9,144.2,47.9,1.08,0.78,30.86,36.83,22.54,20.17,66.84,38.5,50.74
2018-11-12,1741,2630,1570,1357,751.8,104.01,348.7,146.2,46.5,1.08,0.88,31.83,36.94,23.65,20.32,69.12,38.96,53.19
2018-11-13,1739,2308,1798,1336,746.3,101.95,344.9,138.2,46.2,1.2,0.85,29.58,37.8,23.31,21.04,65.45,41.01,53.05
2018-11-14,1772,1920,1729,1352,750.0,105.14,347.2,148.5,47.0,1.14,0.82,27.89,37.15,23.33,21.06,61.97,40.25,53.36
2018-11-15,1753,2321,1585,1398,718.8,102.73,351.6,147.8,46.7,1.18,0.9,29.94,36.09,23.54,20.13,65.76,39.34,53.7
2018-11-16,1766,2403,1770,1449,745.5,104.51,356.2,150.7,46.4,1.14,0.79,30.91,37.82,23.95,21.28,66.7,41.66,54.31
2018-11-17,1756,2203,1684,1372,723.3,108.38,333.6,146.4,48.5,1.18,0.68,29.72,36.24,22.74,20.16,63.21,40.15,52.96
2018-11-18,1758,2300,1690,1392,717.4,104.37,335.4,145.4,47.5,1.19,0.79,29.28,35.55,23.1,20.68,63.97,38.92,52.29
2018-11-19,1784,2748,1667,1407,738.6,109.9,340.5,149.2,49.1,1.36,0.79,32.38,36.72,23.27,20.49,68.67,39.67,53.01
2018-11-20,1738,2489,1586,1366,720.8,108.32,329.6,141.5,46.7,1.19,0.75,29.88,35.34,23.4,20.27,67.02,39.08,53.07
2018-11-21,1840,2363,1784,1379,758.1,104.91,352.5,151.3,45.7,1.15,0.75,30.37,38.21,23.28,21.6,67.19,40.49,54.24
2018-11-22,1783,2133,1649,1462,751.8,102.67,351.4,141.8,47.9,1.19,0.61,29.52,37.14,23.62,20.57,65.5,40.07,54.55
2018-11-23,1716,2261,1772,1365,703.2,104.24,338.9,151.8,50.0,1.09,0.67,28.5,36.72,23.2,21.2,63.25,40.47,53.05
2018-11-24,1770,2379,1574,1411,725.6,108.12,340.8,151.6,48.5,1.1,0.61,30.97,35.84,23.42,19.7,65.49,39.76,52.68
2018-11-25,1803,2582,1848,1369,720.0,104.55,357.9,146.1,51.8,1.28,0.64,31.53,38.9,23.69,21.75,66.71,42.0,53.15
2018-11-26,1828,2421,1732,1407,737.8,108.43,352.8,153.1,48.4,1.22,0.66,30.74,37.83,23.17,21.33,65.97,39.88,53.24
2018-11-27,1852,2679,1793,1441,754.4,109.56,357.1,151.5,48.3,1.29,0.09,31.48,37.91,23.6,21.07,69.44,41.16,53.95
2018-11-28,1842,2952,1830,1355,742.8,104.45,362.5,146.8,45.5,1.07,0.13,32.95,39.37,23.53,21.13,70.8,41.27,52.79
2018-11-29,1788,2615,1646,1308,731.3,103.84,346.2,141.2,48.6,1.12,0.06,31.61,36.12,22.45,20.11,68.51,39.35,52.39
2018-11-30,1783,2436,1768,1366,759.1,107.23,363.1,150.5,48.4,1.22,0.1,30.35,37.61,23.79,21.55,66.46,41.15,54.0
2018-12-01,1739,2331,1426,1396,699.9,105.14,338.2,144.8,47.7,1.13,0.08,29.54,34.59,22.66,19.31,64.78,37.45,53.0
2018-12-02,1780,2371,1631,1361,757.8,103.69,362.3,153.5,48.1,1.09,0.17,30.85,36.24,23.54,20.59,65.91,40.32,53.47
2018-12-03,1763,2636,1596,1328,729.0,104.25,336.5,148.7,48.2,1.11,0.06,30.76,37.22,22.37,20.0,66.42,39.96,53.01
2018-12-04,1711,2197,1518,1302,730.0,104.12,342.7,144.4,48.2,1.17,0.1,29.49,35.86,22.8,20.57,63.23,38.75,53.36
2018-12-05,1685,2274,1575,1302,720.2,99.97,330.5,153.7,50.9,1.23,0.15,28.89,35.64,22.29,19.89,64.42,38.73,52.06
2018-12-06,1696,2296,1635,1316,752.6,105.98,345.9,149.1,48.0,1.34,0.05,29.7,37.18,23.65,20.69,66.78,39.45,53.06
2018-12-07,1658,2127,1619,1419,706.4,102.24,328.8,131.1,48.7,1.11,0.12,28.55,36.22,22.89,20.31,62.35,40.12,52.83
2018-12-08,1606,1891,1529,1321,718.9,95.64,329.3,142.4,48.1,1.11,0.1,28.02,35.53,22.54,19.86,60.87,39.05,52.09
2018-12-09,1609,2184,1463,1322,727.0,102.59,322.1,138.9,49.6,1.08,0.07,28.98,34.72,23.03,19.6,64.09,38.41,53.26
2018-12-10,1612,2124,1545,1331,695.3,100.84,335.1,141.3,48.9,1.24,0.15,28.65,34.73,22.45,19.75,61.92,38.26,52.68
2018-12-11,1576,2153,1489,1195,701.4,106.33,318.4,142.9,48.4,1.21,0.17,28.53,36.22,22.17,19.85,62.42,38.81,50.34
2018-12-12,1543,1926,1513,1160,709.0,100.09,333.5,144.0,46.5,1.12,0.13,27.64,34.74,21.62,19.73,61.06,38.23,50.51
2018-12-13,1545,2213,1504,1168,698.2,98.85,312.3,143.7,49.2,1.13,0.09,29.55,36.04,21.54,20.2,62.88,37.21,50.62
2018-12-14,1462,1740,1365,1221,689.2,101.48,300.6,144.7,48.6,1.18,0.05,26.3,33.62,21.98,18.84,57.6,36.98,50.23
2018-12-15,1382,1972,1224,1075,686.5,97.2,310.4,140.7,48.9,1.17,0.11,28.1,33.38,20.81,18.7,60.32,35.09,47.94
2018-12-16,1339,1429,1196,1013,696.1,96.15,293.4,139.2,47.6,1.09,0.09,25.42,33.16,21.05,17.91,56.78,35.77,48.62
2018-12-17,1321,1689,1185,1035,679.1,99.07,296.2,137.2,50.8,1.19,0.1,26.18,32.92,21.16,18.03,58.57,35.95,48.63
2018-12-18,1331,1710,1209,1050,701.6,95.36,294.7,141.8,50.2,1.07,0.08,26.29,33.47,21.34,18.29,59.87,34.99,49.21
2018-12-19,1399,1651,1315,1124,678.8,95.49,294.0,137.3,50.9,1.2,0.08,25.77,32.72,21.56,18.46,58.66,35.84,48.9
2018-12-20,1435,1886,1382,1150,679.4,104.06,307.8,138.4,50.7,1.19,0.1,27.02,33.69,20.94,19.15,59.2,37.25,50.36
2018-12-21,1419,1981,1315,1089,725.1,100.92,316.8,131.5,50.0,1.23,0.05,28.24,33.54,21.46,19.13,61.41,36.78,49.91
2018-12-22,1410,1466,1310,1151,685.3,98.67,313.8,143.1,48.0,1.3,0.14,25.7,33.68,21.5,18.14,55.88,36.56,48.9
2018-12-23,1352,1751,1259,1049,668.4,98.32,301.4,136.9,51.7,1.17,0.07,26.45,32.3,21.31,19.08,58.25,35.9,47.06
2018-12-24,1345,1338,1210,1064,661.0,99.46,307.6,148.8,48.4,1.2,0.1,24.49,31.51,20.71,18.27,54.14,35.63,47.85
2018-12-25,1324,1510,1165,1084,700.7,100.27,288.1,134.8,49.2,1.04,0.09,25.81,32.65,20.66,18.35,57.06,35.15,49.28
2018-12-26,1334,1869,1124,1035,680.7,96.13,295.1,137.1,50.5,1.36,0.13,27.45,31.07,20.61,18.42,59.11,33.56,47.95
2018-12-27,1287,1501,1143,1003,676.1,98.11,295.8,137.6,50.6,1.05,0.12,25.77,32.37,20.49,18.36,56.96,35.11,48.84
2018-12-28,1308,1459,1234,1068,680.2,96.3,293.9,131.6,50.4,1.2,0.12,24.81,32.33,20.43,18.38,55.5,34.9,48.74
2018-12-29,1381,1705,1235,1060,706.8,98.36,300.7,139.5,49.3,1.02,0.05,26.7,32.95,21.57,18.1,58.34,36.58,48.41
2018-12-30,1370,1997,1253,1073,687.5,99.04,291.8,137.9,49.1,1.16,0.09,28.42,32.07,20.7,18.77,61.39,35.92,47.36
2018-12-31,1385,1484,1313,1125,727.2,98.88,286.4,137.0,53.0,1.37,0.16,25.52,35.06,21.94,18.88,58.2,36.9,50.35
2019-01-01,1363,1559,1294,1174,691.4,100.36,307.3,142.3,49.9,1.32,0.09,25.99,32.83,21.42,19.17,57.18,36.67,50.59
2019-01-02,1341,1865,1172,1094,702.6,99.36,300.3,133.3,49.9,1.31,0.14,27.43,32.66,21.87,18.16,60.91,34.69,50.42
2019-01-03,1352,1933,1312,1096,700.0,94.55,306.7,138.3,49.3,1.22,0.1,27.55,32.93,21.33,18.81,61.38,36.5,49.14
2019-01-04,1351,1668,1319,1098,687.4,94.92,295.9,143.0,50.5,1.37,0.09,27.05,33.27,21.16,18.47,59.5,36.68,50.05
2019-01-05,1355,1521,1182,1032,679.6,97.45,294.1,134.5,50.5,1.26,0.11,25.66,33.45,21.04,17.87,57.2,35.39,47.25
2019-01-06,1315,1892,1162,1053,688.4,102.25,295.6,135.0,50.3,1.29,0.07,28.06,32.71,20.77,18.21,61.33,35.01,48.3
2019-01-07,1315,1829,1285,1047,691.2,95.57,302.5,145.6,50.8,1.45,0.14,27.2,33.13,21.24,18.7,59.72,36.01,47.89
2019-01-08,1340,1754,1229,1081,678.0,97.61,296.5,138.8,52.5,1.34,0.07,26.88,32.87,20.99,18.29,59.63,36.38,49.08
2019-01-09,1414,1671,1167,1128,698.1,98.04,312.5,137.0,49.8,1.26,0.12,26.32,32.46,21.39,18.96,59.49,35.9,48.82
2019-01-10,1461,1861,1266,1176,719.8,98.8,303.1,143.5,50.6,1.32,0.14,27.46,33.74,21.99,19.1,60.65,36.23,50.88
2019-01-11,1568,2029,1453,1223,745.2,102.41,321.5,141.0,49.8,1.41,0.12,28.93,35.9,22.17,19.88,62.43,39.1,51.01
2019-01-12,1525,2033,1344,1209,721.9,104.76,317.6,135.8,51.0,1.34,0.08,28.67,34.22,22.16,18.42,61.94,37.58,52.13
2019-01-13,1567,2292,1439,1177,742.0,103.09,332.4,148.7,50.0,1.37,0.11,30.17,35.49,22.33,20.05,65.39,38.51,50.92
2019-01-14,1572,2209,1478,1226,705.3,100.03,324.9,139.0,50.1,1.41,0.07,29.26,35.23,21.46,20.56,62.55,38.24,51.14
2019-01-15,1680,2062,1703,1396,738.0,110.68,349.1,156.2,49.1,1.53,0.09,28.3,37.07,23.7,20.79,62.68,39.68,52.55
2019-01-16,1634,2413,1517,1305,742.1,103.25,319.3,143.2,51.0,1.25,0.08,30.17,35.58,23.16,19.87,66.99,39.63,51.75
2019-01-17,1587,2143,1571,1252,703.1,100.84,325.9,152.3,51.5,1.38,0.07,29.12,35.49,21.72,20.07,63.19,39.14,50.7
2019-01-18,1553,2142,1560,1321,705.2,105.26,322.6,137.4,53.2,1.36,0.13,28.02,36.05,22.07,19.57,61.12,38.74,52.53
2019-01-19,1443,2053,1439,1082,725.2,98.71,314.2,143.9,51.6,1.27,0.14,28.75,35.52,21.81,19.8,61.63,38.12,50.05
2019-01-20,1415,1631,1333,1074,681.1,103.57,299.8,141.0,50.6,1.25,0.14,26.12,33.12,21.35,19.33,59.19,36.42,49.24
2019-01-21,1376,1719,1149,1169,670.9,96.57,315.6,141.3,49.5,1.43,0.11,26.79,32.07,21.73,17.85,58.98,34.59,48.58
2019-01-22,1384,1663,1312,1102,714.9,102.45,303.0,142.0,49.8,1.22,0.16,26.89,33.67,21.15,18.87,58.49,37.11,49.97
2019-01-23,1401,1545,1369,1103,712.0,99.68,296.1,136.7,49.7,1.2,0.07,25.88,34.82,22.1,19.25,56.76,36.84,49.28
2019-01-24,1497,1984,1392,1128,712.1,104.01,314.9,136.1,53.6,1.28,0.15,27.88,34.35,21.46,19.22,60.72,37.5,49.42
2019-01-25,1544,2417,1572,1242,710.6,106.32,317.6,142.4,51.7,1.2,0.14,29.92,36.97,22.36,19.64,65.66,38.84,50.89
2019-01-26,1512,1670,1475,1223,701.0,98.22,339.0,142.6,50.8,1.27,0.1,26.82,35.13,22.18,19.5,59.96,38.08,50.71
2019-01-27,1465,1872,1405,1111,706.1,103.45,320.1,138.5,50.4,1.25,0.11,26.65,35.18,22.02,19.2,61.8,37.9,49.97
2019-01-28,1490,2017,1466,1173,728.5,97.15,314.7,142.2,50.5,1.35,0.14,28.57,34.86,22.12,20.21,61.24,38.46,51.47
2019-01-29,1422,1820,1343,1114,700.2,96.91,306.1,140.5,50.9,1.45,0.13,26.91,34.06,21.63,19.42,59.64,37.2,49.79
2019-01-30,1515,1946,1240,1211,740.4,99.09,324.7,138.2,53.2,1.3,0.11,28.4,34.22,22.37,19.39,61.46,35.72,51.88
2019-01-31,1574,1852,1441,1188,701.5,103.33,331.5,145.0,51.7,1.43,0.08,27.56,34.27,21.56,19.72,60.26,37.86,51.47
2019-02-01,1549,2059,1538,1285,711.6,101.73,297.4,141.7,50.0,1.42,0.06,27.83,35.65,21.84,20.02,61.3,38.59,52.16
2019-02-02,1460,1755,1306,1200,695.7,99.76,316.3,137.5,54.6,1.17,0.1,26.82,34.24,21.94,18.62,58.78,36.67,50.26
2019-02-03,1529,1640,1415,1192,693.3,101.69,318.8,145.4,50.5,1.32,0.05,26.42,34.31,21.44,19.71,57.49,37.03,50.59
2019-02-04,1523,2165,1350,1194,706.5,102.7,307.4,138.9,51.2,1.34,0.13,28.96,33.77,22.1,19.26,63.37,37.58,51.58
2019-02-05,1585,2246,1622,1245,722.5,103.92,331.7,141.9,53.5,1.41,0.05,29.44,37.31,22.46,20.01,63.79,39.5,50.99
2019-02-06,1503,1949,1522,1152,714.2,103.62,333.6,141.8,52.5,1.42,0.11,27.54,34.98,21.88,19.64,61.09,38.09,49.98
2019-02-07,1472,1923,1312,1146,735.2,104.92,316.8,146.1,51.5,1.39,0.09,27.73,34.43,21.68,18.85,62.07,36.88,51.5
2019-02-08,1473,2052,1383,1155,709.7,100.33,321.3,141.4,50.6,1.3,0.08,27.89,34.13,22.13,18.7,63.27,37.76,50.0
2019-02-09,1476,1928,1330,1245,720.4,99.13,327.2,142.8,51.0,1.32,0.09,28.22,33.79,22.54,19.3,62.83,37.03,51.92
2019-02-10,1453,1990,1395,1196,701.4,101.59,303.7,138.9,51.1,1.25,0.05,28.01,34.82,21.61,18.92,61.67,37.27,51.24
2019-02-11,1486,1867,1422,1221,729.5,97.75,299.0,140.7,52.3,1.39,0.08,27.81,34.96,22.97,19.4,61.01,37.83,50.63
2019-02-12,1433,2011,1386,1154,733.9,98.01,313.4,139.3,52.5,1.34,0.07,27.86,35.07,21.96,19.53,63.36,38.23,50.45
2019-02-13,1427,1857,1348,1082,705.2,102.11,305.5,140.5,52.2,1.42,0.07,27.48,33.04,20.98,19.08,61.12,37.21,49.94
2019-02-14,1435,1852,1530,1137,683.3,99.43,297.4,138.4,52.4,1.43,0.22,27.46,35.41,21.25,19.49,60.27,37.44,49.3
2019-02-15,1463,1682,1293,1205,693.3,97.19,310.7,145.7,51.2,1.36,0.05,25.81,33.23,21.48,19.27,57.35,35.86,49.19
2019-02-16,1500,1981,1282,1128,710.3,97.12,321.2,139.9,52.8,1.42,0.12,27.91,32.82,22.08,18.45,62.37,36.54,49.56
2019-02-17,1444,1717,1318,1175,706.1,100.02,308.2,133.0,54.1,1.37,0.07,26.23,34.9,22.21,18.57,59.37,36.43,50.8
2019-02-18,1368,1623,1167,1189,700.5,101.46,294.9,148.7,52.4,1.29,0.06,26.19,33.08,22.14,18.5,57.53,34.4,51.13
2019-02-19,1436,1707,1236,1188,705.2,102.59,306.7,138.3,52.4,1.33,0.05,26.44,33.46,22.12,18.49,58.54,35.72,50.49
2019-02-20,1455,1700,1287,1219,700.7,100.36,310.4,145.4,52.7,1.21,0.15,26.87,34.28,22.45,18.65,59.23,36.28,51.02
2019-02-21,1419,2103,1258,1137,686.7,104.5,291.3,144.8,54.0,1.36,0.15,28.47,33.36,21.44,18.3,60.16,35.77,49.23
2019-02-22,1501,2144,1335,1234,712.1,100.59,314.3,145.2,51.7,1.36,0.08,29.41,33.77,22.39,19.24,62.89,37.34,51.69
2019-02-23,1508,2250,1446,1159,734.8,100.63,305.5,140.8,54.5,1.32,0.14,29.63,35.23,21.82,19.84,64.08,37.09,51.63
2019-02-24,1569,1857,1435,1279,729.7,95.57,328.2,144.5,53.3,1.49,0.06,27.92,34.82,22.62,19.72,60.46,37.65,52.53
2019-02-25,1573,2077,1464,1275,722.9,100.94,310.9,138.3,52.9,1.47,0.08,28.49,35.02,22.72,19.57,62.38,38.55,51.8
2019-02-26,1679,2021,1657,1337,742.8,105.91,343.1,154.3,54.3,1.49,0.13,28.26,36.34,22.17,20.47,61.74,39.64,53.3
2019-02-27,1767,2281,1614,1461,732.1,109.1,341.5,145.4,51.5,1.52,0.06,30.1,36.01,23.48,20.38,65.46,38.86,54.83
2019-02-28,1752,2213,1641,1347,728.4,102.89,338.8,147.3,53.6,1.46,0.07,29.91,37.09,23.07,20.8,62.55,39.28,52.85
2019-03-01,1800,2723,1744,1402,730.3,106.87,350.9,150.1,53.5,1.47,0.1,32.06,37.58,23.31,21.42,68.62,40.67,54.01
2019-03-02,1830,2453,1575,1440,743.2,108.82,345.0,150.1,51.9,1.54,0.1,30.74,36.13,23.52,20.7,65.93,39.21,54.48
2019-03-03,1897,2886,1598,1423,746.4,107.27,361.7,149.7,53.6,1.54,0.06,32.33,36.08,23.77,20.63,71.75,39.21,54.98
2019-03-04,1845,2684,1790,1459,764.8,100.71,347.7,156.5,53.4,1.57,0.19,32.47,38.06,23.74,21.71,69.14,41.6,55.37
2019-03-05,1877,3103,1837,1368,743.3,107.54,352.7,155.6,52.9,1.49,0.07,33.91,37.44,22.9,21.08,70.66,41.57,53.11
2019-03-06,1927,2395,2037,1570,744.2,109.62,366.1,154.4,54.2,1.42,0.14,31.24,39.81,24.72,22.04,66.43,42.32,56.65
2019-03-07,1834,2797,1762,1440,774.6,103.89,343.2,149.0,52.5,1.51,0.12,32.18,38.68,24.25,21.53,69.61,41.35,55.22
2019-03-08,1772,2647,1752,1362,731.5,104.64,335.2,153.2,53.5,1.43,0.07,31.78,38.67,22.95,20.95,68.56,39.88,53.0
2019-03-09,1667,2059,1558,1269,728.3,100.7,335.7,144.2,53.0,1.51,0.12,28.92,35.48,22.58,20.28,63.13,39.56,51.11
2019-03-10,1654,2387,1583,1291,731.2,96.95,332.0,151.9,52.5,1.48,0.07,30.1,36.71,22.99,20.59,66.65,39.83,52.38
2019-03-11,1691,2337,1732,1367,711.7,106.54,337.7,147.1,53.8,1.47,0.1,30.32,36.69,22.99,21.0,64.77,39.91,53.81
2019-03-12,1767,2372,1500,1418,756.2,105.19,347.4,153.7,53.0,1.45,0.13,30.63,35.47,23.81,19.83,66.76,39.5,52.64
2019-03-13,1770,2262,1716,1351,747.6,109.24,345.6,148.4,51.5,1.56,0.08,29.49,36.91,23.35,20.98,65.03,40.13,51.69
2019-03-14,1852,2425,1955,1402,770.9,108.68,359.2,151.4,51.1,1.57,0.12,30.85,39.63,23.6,21.86,66.65,42.67,54.88
2019-03-15,1780,2839,1715,1434,729.0,104.51,347.0,154.0,54.3,1.44,0.08,31.91,36.72,23.65,20.59,70.21,39.91,54.01
2019-03-16,1692,2279,1732,1293,730.4,103.79,320.4,155.5,51.9,1.38,0.11,29.55,37.03,22.46,20.39,63.8,40.35,52.65
2019-03-17,1690,2417,1547,1333,729.3,105.38,322.2,152.9,53.7,1.49,0.1,30.64,35.75,23.07,20.18,65.8,38.93,52.38
2019-03-18,1710,2165,1616,1352,735.0,106.7,353.9,150.7,53.4,1.57,0.09,29.66,36.19,23.08,19.93,63.41,39.53,51.76
2019-03-19,1709,2165,1620,1361,709.1,105.07,338.3,149.5,53.0,1.38,0.05,29.04,35.79,22.81,20.39,63.67,39.1,52.08
2019-03-20,1604,2304,1342,1309,720.2,105.33,334.4,142.3,55.8,1.5,0.13,29.43,33.13,22.36,19.64,63.93,37.22,53.15
2019-03-21,1602,1888,1418,1200,696.9,101.79,323.7,145.4,53.6,1.4,0.18,27.69,34.59,21.98,19.51,60.06,38.01,50.15
2019-03-22,1538,1936,1361,1123,716.0,98.98,319.1,138.8,54.3,1.37,0.11,28.28,34.45,21.71,19.29,61.32,36.24,49.67
2019-03-23,1575,2074,1539,1216,683.1,101.93,320.0,145.0,53.8,1.53,0.08,27.44,34.82,21.65,20.2,62.61,39.06,48.73
2019-03-24,1596,2125,1566,1351,689.8,102.95,345.6,145.8,53.2,1.52,0.11,28.59,35.7,22.21,20.0,61.82,38.24,50.95
2019-03-25,1551,1998,1478,1325,724.5,98.69,323.0,135.0,53.4,1.44,0.15,28.3,36.1,22.37,19.56,61.79,38.25,53.16
2019-03-26,1528,2049,1489,1298,701.3,97.97,314.2,142.3,55.2,1.52,0.15,28.71,35.14,22.43,19.71,60.91,38.67,51.51
2019-03-27,1478,2004,1368,1162,688.6,101.6,299.8,142.4,54.8,1.5,0.14,28.13,34.72,21.75,19.67,60.42,37.16,50.38
2019-03-28,1480,2013,1463,1089,722.6,99.48,329.0,140.5,55.8,1.33,0.12,28.61,36.38,22.13,19.41,62.43,38.41,49.23
2019-03-29,1533,1836,1435,1098,714.9,100.97,317.6,143.7,53.8,1.46,0.13,27.32,36.21,21.54,19.15,60.42,38.42,48.74
2019-03-30,1486,1869,1391,1148,717.5,99.71,319.9,135.6,52.4,1.56,0.1,27.7,34.07,21.36,19.59,60.79,37.42,50.1
2019-03-31,1516,2153,1399,1190,705.5,104.91,324.0,138.7,53.0,1.49,0.06,29.24,33.95,21.9,19.28,64.09,37.83,50.15
2019-04-01,1493,2063,1442,1244,745.5,103.89,311.0,145.4,52.1,1.24,0.08,28.9,35.23,22.99,19.68,62.05,37.71,51.5
2019-04-02,1458,1659,1329,1196,691.9,97.04,316.2,140.2,54.4,1.36,0.09,26.5,33.89,21.67,18.57,59.84,36.82,49.78
2019-04-03,1457,1915,1424,1166,727.1,98.79,306.0,141.6,52.8,1.52,0.11,27.41,35.84,22.37,19.03,62.25,38.19,50.6
2019-04-04,1410,1499,1235,1080,694.2,101.45,297.8,136.7,49.8,1.39,0.05,25.69,33.49,21.32,18.15,56.67,36.49,48.66
2019-04-05,1388,1750,1216,1061,667.6,100.45,312.6,138.3,56.5,1.52,0.12,25.75,32.04,21.12,18.78,58.6,35.69,47.58
2019-04-06,1333,1903,1273,1073,692.9,97.9,296.3,127.5,52.8,1.59,0.05,27.35,33.13,21.78,18.73,59.88,36.29,49.92
2019-04-07,1440,1694,1334,1174,703.5,96.99,313.1,143.1,52.8,1.42,0.12,26.75,34.02,21.31,18.47,59.07,36.67,50.53
2019-04-08,1447,1722,1317,1166,683.9,98.25,313.0,147.2,55.5,1.39,0.15,26.93,32.87,21.91,19.19,60.05,36.22,49.83
2019-04-09,1417,1904,1375,1079,682.2,98.16,311.6,134.8,52.0,1.35,0.14,27.03,34.02,21.13,19.43,59.62,36.65,48.63
2019-04-10,1434,1598,1293,1168,697.7,100.43,295.9,135.8,54.8,1.5,0.06,26.36,33.06,21.49,19.22,57.69,35.77,50.46
2019-04-11,1434,1731,1321,1158,703.3,103.99,303.6,141.3,52.8,1.39,0.12,27.48,33.11,21.74,18.88,58.63,37.6,50.39
2019-04-12,1429,1900,1421,1086,660.4,97.93,305.1,145.3,51.9,1.4,0.13,26.9,33.55,21.51,18.99,59.01,37.32,47.66
2019-04-13,1466,1782,1472,1126,717.7,97.7,305.1,140.4,55.5,1.35,0.17,26.68,35.46,22.13,19.78,59.73,38.26,49.09
2019-04-14,1510,1917,1522,1228,699.8,100.73,319.9,136.8,54.5,1.41,0.11,27.82,35.55,21.52,20.22,59.91,38.64,49.45
2019-04-15,1488,2029,1369,1167,684.6,103.21,323.6,140.2,54.5,1.39,0.14,27.56,34.06,21.42,18.89,61.03,37.18,50.84
2019-04-16,1464,1937,1448,1234,715.8,96.61,322.2,136.3,53.8,1.28,0.08,27.66,35.54,22.58,19.4,61.33,37.42,50.97
2019-04-17,1455,1899,1291,1177,700.3,103.72,307.8,137.5,54.1,1.37,0.07,28.0,34.12,21.84,19.07,60.25,36.76,50.58
2019-04-18,1344,1624,1186,1049,705.3,97.76,301.0,135.8,51.9,1.48,0.13,27.18,33.09,21.2,18.84,56.68,36.34,48.95
2019-04-19,1274,1600,1034,1017,685.0,95.14,294.9,131.3,53.5,1.51,0.14,25.67,31.61,20.38,17.68,57.41,33.86,48.56
2019-04-20,1352,1667,1355,1079,688.0,94.33,304.5,134.1,52.2,1.41,0.07,26.12,34.02,20.99,19.23,58.15,35.98,48.76
2019-04-21,1443,1905,1285,1111,696.9,101.65,302.2,140.1,51.7,1.43,0.05,27.44,33.51,21.05,18.84,61.82,35.76,48.58
2019-04-22,1436,1754,1328,1098,705.6,99.34,323.1,140.5,53.8,1.45,0.1,26.81,32.94,20.97,18.98,59.45,36.77,48.79
2019-04-23,1472,1860,1310,1199,696.4,100.79,319.7,134.9,54.7,1.59,0.1,28.18,34.32,21.55,18.66,60.74,35.92,50.19
2019-04-24,1493,1772,1443,1222,692.4,98.47,322.3,142.8,52.8,1.35,0.11,26.74,34.86,21.74,19.07,58.91,37.42,49.63
2019-04-25,1654,2204,1532,1335,733.6,102.59,341.9,144.1,53.0,1.36,0.14,29.27,35.32,22.77,19.93,65.01,38.53,52.3
2019-04-26,1714,2168,1517,1430,729.3,103.13,343.2,150.2,51.8,1.46,0.14,29.86,36.47,23.22,19.72,63.01,38.67,53.11
2019-04-27,1710,2105,1654,1316,731.5,104.02,330.2,150.3,53.2,1.5,0.1,29.18,36.48,23.18,20.68,63.54,39.51,52.34
2019-04-28,1663,2272,1457,1398,741.8,101.85,332.1,143.7,54.1,1.45,0.06,30.23,35.45,23.14,20.24,65.51,38.38,53.43
2019-04-29,1584,2120,1426,1206,714.4,98.4,311.4,146.2,54.1,1.33,0.07,28.45,35.38,22.56,19.59,63.32,38.02,50.95
2019-04-30,1598,2242,1345,1210,718.1,109.29,329.5,140.8,53.8,1.51,0.08,29.21,34.45,22.04,18.95,65.51,36.67,51.52
2019-05-01,1564,1978,1363,1149,704.7,98.49,321.0,148.5,52.3,1.42,0.1,27.63,34.93,21.87,19.45,60.93,37.22,49.85
2019-05-02,1496,1992,1409,1163,712.0,101.22,314.6,138.1,52.3,1.47,0.08,28.52,34.53,22.02,19.53,62.65,37.12,49.42
2019-05-03,1468,1964,1234,1140,707.5,95.88,321.6,141.9,54.0,1.54,0.09,28.5,34.22,21.44,18.84,62.1,36.11,48.72
2019-05-04,1419,1861,1221,1150,709.7,94.48,303.0,138.4,54.0,1.29,0.1,27.33,32.92,21.69,18.5,60.5,36.01,50.21
2019-05-05,1511,1827,1412,1208,698.7,101.27,314.6,137.6,52.8,1.28,0.07,27.13,35.19,21.85,19.68,61.15,37.54,50.15
2019-05-06,1561,2068,1424,1174,706.5,102.29,322.2,146.7,52.4,1.47,0.11,28.35,33.6,22.0,19.79,62.06,37.67,50.23
2019-05-07,1564,2110,1614,1217,725.7,105.07,307.7,140.7,54.3,1.26,0.17,28.28,35.85,22.25,20.33,63.08,39.98,51.45
2019-05-08,1644,2193,1692,1276,727.0,104.21,329.0,138.6,52.4,1.4,0.09,29.03,37.14,22.4,20.92,63.82,39.98,52.84
2019-05-09,1651,1836,1489,1208,710.4,102.95,312.0,134.0,53.7,1.39,0.07,27.77,35.06,22.14,20.08,59.38,37.83,49.76
2019-05-10,1610,2158,1557,1220,738.8,100.28,322.7,140.9,52.6,1.45,0.11,28.93,36.15,22.53,20.11,64.38,39.6,50.97
2019-05-11,1690,2678,1658,1289,703.2,107.71,343.1,152.2,51.5,1.38,0.07,31.28,36.4,23.03,20.36,67.77,39.51,51.55
2019-05-12,1720,2262,1580,1430,744.0,106.76,343.1,152.5,54.7,1.48,0.09,29.3,35.83,23.63,20.41,64.82,39.83,53.47
2019-05-13,1669,2106,1458,1324,707.2,100.5,329.1,143.2,52.8,1.34,0.07,28.61,34.43,22.71,19.27,63.75,37.8,51.21
2019-05-14,1662,2290,1567,1344,753.6,103.6,333.4,144.4,51.8,1.33,0.06,29.84,36.6,23.36,20.55,65.1,38.79,54.14
2019-05-15,1620,2202,1512,1201,697.2,103.18,319.9,142.9,50.9,1.42,0.06,28.5,34.9,21.66,20.04,61.86,39.24,49.81
2019-05-16,1553,2222,1424,1286,729.6,100.85,321.1,137.5,51.0,1.41,0.07,29.78,35.75,22.18,19.6,65.48,37.65,51.36
2019-05-17,1604,1906,1541,1331,717.2,104.49,350.1,140.5,52.1,1.43,0.06,28.2,35.65,22.74,20.12,61.77,38.08,51.71
2019-05-18,1704,2434,1551,1233,724.8,106.26,352.5,151.0,54.8,1.54,0.15,29.99,36.29,22.69,20.54,66.28,39.22,52.07
2019-05-19,1634,2277,1451,1252,724.9,102.58,330.5,147.1,51.7,1.51,0.12,29.57,35.43,22.84,19.59,64.25,37.61,51.23
2019-05-20,1666,2205,1581,1338,735.3,102.86,334.8,147.1,54.1,1.45,0.14,29.47,36.01,22.47,20.43,64.4,39.07,52.05
2019-05-21,1635,2234,1570,1322,708.6,106.81,322.3,139.8,52.2,1.47,0.05,28.54,34.84,22.9,19.89,62.78,38.81,51.6
2019-05-22,1612,2311,1428,1237,707.2,105.03,321.2,144.9,50.9,1.42,0.09,29.05,35.37,21.58,19.3,64.13,37.55,51.05
2019-05-23,1585,2232,1558,1236,726.0,102.43,327.5,134.5,51.7,1.48,0.12,29.98,35.51,22.54,20.26,63.5,38.75,52.02
2019-05-24,1544,1830,1319,1192,685.7,97.5,316.0,146.0,50.7,1.41,0.17,26.71,33.46,21.92,18.93,59.71,37.22,50.56
2019-05-25,1550,2157,1411,1231,703.3,102.53,328.1,143.8,51.1,1.33,0.07,29.35,34.52,21.65,19.54,63.49,37.37,50.46
2019-05-26,1511,1946,1395,1253,753.0,102.77,329.2,136.3,51.1,1.31,0.05,27.94,35.2,23.03,19.73,61.68,37.65,51.96
2019-05-27,1529,1998,1385,1172,695.0,94.43,321.2,148.7,49.8,1.46,0.11,28.28,34.76,22.3,19.34,61.75,37.58,51.31
2019-05-28,1529,2000,1391,1258,726.8,101.96,319.4,135.0,53.8,1.35,0.07,28.29,34.8,22.5,19.98,62.29,37.29,52.35
2019-05-29,1521,1949,1556,1166,699.7,100.14,304.2,144.1,52.2,1.52,0.17,27.78,35.53,21.83,20.25,61.43,38.44,49.93
2019-05-30,1478,2079,1320,1131,711.0,99.92,319.0,143.0,51.1,1.26,0.12,29.33,34.56,22.14,19.17,62.22,36.39,48.54
2019-05-31,1452,1841,1517,1189,710.1,97.77,301.1,135.1,52.1,1.45,0.09,26.98,35.76,21.66,20.01,60.8,38.47,50.3
2019-06-01,1494,1754,1426,1227,722.3,100.38,311.4,141.1,50.8,1.32,0.09,27.46,34.62,21.99,19.5,59.41,37.87,50.5
2019-06-02,1523,1914,1431,1246,705.8,104.7,325.6,135.5,48.6,1.38,0.09,27.99,34.2,22.02,19.43,59.64,37.61,50.64
2019-06-03,1476,1922,1409,1108,733.0,99.32,321.0,129.3,55.3,1.24,0.05,29.47,34.61,21.78,19.75,60.63,37.96,49.55
2019-06-04,1484,2096,1560,1154,695.2,102.98,309.9,136.7,51.9,1.19,0.1,28.04,35.53,21.69,19.94,61.74,38.87,49.7
2019-06-05,1525,2075,1356,1246,712.5,99.23,314.8,139.6,50.9,1.46,0.08,28.33,33.71,22.16,19.46,61.27,37.5,51.34
2019-06-06,1442,1711,1266,1146,702.7,101.75,303.5,142.3,49.2,1.29,0.13,27.12,33.58,21.61,19.16,60.06,35.77,49.47
2019-06-07,1472,2263,1321,1116,685.8,100.37,302.8,140.9,49.7,1.41,0.06,29.05,33.61,21.23,18.84,63.22,36.11,48.42
2019-06-08,1440,1872,1342,1164,694.5,100.72,303.9,140.1,53.4,1.27,0.13,27.25,32.69,21.58,18.42,60.78,37.21,49.84
2019-06-09,1472,2080,1254,1133,705.0,100.38,299.4,136.5,53.2,1.4,0.72,28.9,32.78,21.42,19.36,62.78,35.84,49.51
2019-06-10,1434,1801,1336,1220,691.6,101.34,313.8,137.4,52.2,1.28,0.71,26.97,32.43,21.77,18.78,59.45,36.9,49.4
2019-06-11,1345,1742,1348,1137,723.7,91.78,301.9,133.3,49.9,1.2,0.77,26.83,34.27,21.24,19.34,62.31,37.68,50.63
2019-06-12,1265,1642,1171,1035,664.7,93.26,294.8,129.9,53.0,1.33,0.65,26.31,32.81,20.7,18.31,59.36,34.12,47.34
2019-06-13,1271,1700,1151,1070,695.7,97.96,283.4,132.6,51.7,1.35,0.75,26.81,31.65,20.64,18.68,59.66,35.08,48.7
2019-06-14,1288,1709,1148,1030,692.9,92.1,283.2,135.7,51.9,1.33,0.74,26.54,31.87,21.21,18.76,58.05,35.62,48.2
2019-06-15,1245,1610,1193,1025,674.5,95.13,288.7,131.9,51.6,1.25,0.74,25.85,32.5,20.63,18.15,58.31,35.2,47.86
2019-06-16,1280,1524,1129,1082,666.2,96.94,292.5,133.9,49.2,1.13,0.72,25.13,31.46,20.99,18.29,55.11,34.44,48.45
2019-06-17,1198,1365,1196,969,657.3,93.56,282.2,135.7,49.5,1.16,0.71,24.95,31.81,20.23,18.19,55.69,35.43,46.05
2019-06-18,1198,1468,1200,950,661.1,93.89,281.1,130.9,50.3,1.19,0.81,25.03,32.7,20.2,19.0,53.92,35.66,46.88
2019-06-19,1140,1436,1049,852,634.6,95.25,291.0,125.9,51.6,1.21,0.81,24.41,30.69,19.88,17.68,54.46,33.17,44.76
2019-06-20,1110,1267,1006,889,642.6,96.55,277.7,132.6,49.1,1.31,0.86,23.52,30.0,19.37,17.19,54.3,34.19,46.22
2019-06-21,1116,1410,1064,926,636.2,91.74,290.7,131.6,50.5,1.21,0.87,24.77,30.02,19.43,17.19,54.78,32.76,46.36
2019-06-22,1075,1379,1025,899,673.4,91.96,281.0,130.7,50.4,1.04,0.74,24.71,32.45,20.14,16.78,54.25,33.19,47.16
2019-06-23,1059,1122,917,871,660.4,91.27,282.8,131.4,51.5,1.0,0.8,22.77,30.93,19.69,17.22,52.81,32.67,45.19
2019-06-24,1114,1209,984,876,670.0,88.05,266.2,132.3,51.3,1.16,0.82,23.61,30.77,20.06,17.67,53.99,33.41,46.8
2019-06-25,1087,1240,918,806,663.6,93.96,276.8,129.8,49.3,1.16,0.86,24.07,30.46,19.73,17.27,53.95,32.81,45.12
2019-06-26,1132,1357,1049,891,663.0,96.77,273.1,140.6,52.1,1.24,0.88,24.61,31.12,19.64,16.87,54.52,33.7,46.46
2019-06-27,1076,1185,1005,856,675.3,95.95,257.6,124.3,48.9,1.08,0.79,23.95,31.48,20.07,17.12,54.26,33.46,46.31
2019-06-28,1106,1422,934,878,647.9,91.77,285.9,127.9,51.6,1.09,0.82,24.66,29.87,19.46,17.13,55.74,32.72,45.84
2019-06-29,1180,1449,1052,969,668.2,92.18,279.2,136.3,49.6,1.24,0.9,24.59,31.19,20.46,18.17,55.63,33.78,46.42
2019-06-30,1055,1208,888,918,661.8,93.07,260.3,129.4,50.4,1.29,0.79,23.64,30.4,19.73,16.9,54.54,33.04,46.91
2019-07-01,1017,1014,873,825,625.8,94.38,261.6,130.7,50.4,1.01,0.82,23.14,30.25,19.32,16.89,50.68,32.02,44.66
2019-07-02,1049,1069,971,838,696.2,93.29,261.8,129.3,50.3,1.11,0.88,24.18,31.66,19.98,17.22,52.9,33.78,45.27
2019-07-03,1040,1208,903,830,649.1,93.47,261.7,133.9,50.8,1.26,0.95,24.07,30.71,19.19,16.93,54.07,32.57,44.73
2019-07-04,1061,1007,943,859,653.5,95.99,267.6,125.0,50.4,1.24,0.81,23.16,30.29,19.31,16.99,52.43,33.55,44.73
2019-07-05,1032,1264,854,805,666.5,90.75,280.3,133.5,50.8,1.09,0.88,24.67,29.69,19.76,17.17,53.66,32.26,44.26
2019-07-06,1039,1165,944,842,662.2,92.17,261.8,133.0,50.4,1.25,0.91,23.35,29.62,19.56,16.98,52.58,32.5,45.96
2019-07-07,1033,1475,928,848,648.3,96.7,279.8,123.3,48.2,1.16,0.95,25.07,30.3,19.91,17.47,56.64,32.3,44.33
2019-07-08,1095,1500,955,888,657.7,93.26,279.6,132.5,50.0,1.21,0.92,24.84,30.79,19.74,17.06,55.82,33.03,45.1
2019-07-09,1109,1270,996,908,635.0,90.85,277.4,130.2,48.9,1.1,0.83,23.51,30.41,20.2,16.82,53.27,33.35,46.82
2019-07-10,1128,1306,1033,921,651.6,92.68,282.1,128.5,48.2,1.18,0.86,24.47,30.68,19.75,17.11,53.86,34.1,45.88
2019-07-11,1108,1389,963,828,665.2,91.65,274.2,122.8,49.2,1.06,0.97,25.24,31.39,20.09,17.06,56.06,34.16,45.75
2019-07-12,1085,1421,909,895,661.1,94.46,282.1,125.6,49.7,1.1,0.93,24.88,30.63,20.03,17.1,56.8,33.22,46.73
2019-07-13,1065,1060,1049,835,670.2,90.97,274.3,131.9,49.7,1.11,0.87,24.07,32.12,19.85,17.45,52.48,33.64,46.01
2019-07-14,1088,1076,953,837,653.1,94.31,258.8,133.0,50.6,1.15,0.94,23.37,30.04,19.29,16.86,53.79,32.96,45.28
2019-07-15,1070,1166,961,823,631.7,91.45,272.6,128.4,50.8,1.32,0.94,23.13,29.9,19.54,17.24,51.88,31.7,44.54
2019-07-16,1088,1313,1034,890,670.6,88.31,278.3,133.0,49.6,1.34,0.83,24.15,31.97,20.26,16.61,54.43,33.82,46.52
2019-07-17,1196,1484,1285,949,690.2,96.36,280.9,136.6,49.8,1.12,0.85,26.01,33.46,20.43,18.63,57.13,35.94,47.19
2019-07-18,1243,1631,1068,926,687.9,96.79,289.0,134.8,49.2,1.27,0.95,26.3,31.59,19.74,17.45,57.3,33.36,47.42
2019-07-19,1228,1336,1149,1001,670.1,97.45,281.6,130.9,50.0,1.06,0.98,24.95,31.94,20.29,17.78,55.28,35.91,47.34
2019-07-20,1291,1288,1146,971,696.1,95.58,282.1,137.3,49.6,1.18,0.95,23.71,32.56,20.37,18.31,54.77,35.06,47.63
2019-07-21,1272,1656,1137,1021,729.5,94.98,278.7,136.9,48.9,1.09,0.84,26.96,33.5,21.4,18.41,58.17,34.66,50.16
2019-07-22,1171,1294,1028,947,667.1,96.13,268.3,134.8,51.4,1.09,0.88,24.25,31.19,20.17,17.44,53.15,33.73,46.5
2019-07-23,1124,1099,962,935,639.7,98.07,281.1,134.2,48.1,1.33,0.97,22.67,30.77,19.86,17.39,51.69,33.74,46.06
2019-07-24,1034,1185,929,893,639.0,92.65,246.7,122.7,50.5,1.07,0.98,23.59,30.36,19.6,16.89,52.93,33.6,45.8
2019-07-25,1023,1228,852,780,655.8,93.47,260.2,125.8,47.1,1.04,0.94,24.45,29.38,19.75,17.26,52.53,32.35,44.88
2019-07-26,1031,1156,972,830,623.4,91.76,260.2,120.5,49.6,1.01,0.93,24.2,29.77,19.3,17.16,52.08,32.78,44.63
2019-07-27,1123,1263,1022,892,661.9,90.42,273.5,133.8,50.3,1.04,0.98,24.34,30.92,20.03,17.17,54.08,34.35,45.28
2019-07-28,1146,1330,1065,936,668.0,97.11,263.2,130.6,46.2,0.99,0.98,24.34,30.88,20.07,18.26,54.59,34.1,46.78
2019-07-29,1142,1300,1014,924,684.7,96.88,280.8,133.0,48.6,1.12,0.98,24.38,31.17,20.33,17.69,54.27,34.27,47.06
2019-07-30,1190,1264,1067,940,687.5,97.26,272.4,126.8,49.3,1.12,0.91,24.94,32.61,20.16,18.41,54.85,34.92,47.84
2019-07-31,1084,1178,994,857,667.3,93.1,280.8,135.2,48.7,1.11,0.98,23.52,31.01,19.93,17.31,53.27,33.07,46.18
2019-08-01,1104,1334,942,848,624.4,95.41,268.7,125.4,48.8,1.08,0.93,24.37,29.62,19.05,16.91,54.21,33.29,45.42
2019-08-02,1151,1389,1028,960,676.7,97.01,277.7,134.6,48.4,1.04,0.92,25.12,32.37,20.69,17.73,54.56,33.58,46.56
2019-08-03,1083,1264,937,887,664.8,97.58,271.6,130.1,46.9,1.02,0.92,24.36,30.11,19.74,17.09,54.13,32.81,45.44
2019-08-04,1149,1244,999,956,666.5,97.21,280.3,130.7,51.0,1.1,0.95,23.59,30.57,20.64,17.78,53.03,33.68,47.08
2019-08-05,1174,1371,957,929,639.8,95.35,281.2,131.1,47.5,1.08,0.97,24.33,30.96,20.54,17.6,54.11,33.35,46.66
2019-08-06,1160,1130,1127,906,652.3,91.66,276.0,129.3,48.6,1.03,0.86,22.94,32.1,19.96,17.12,51.77,34.74,45.87
2019-08-07,1199,1452,1058,919,651.5,96.03,286.2,138.1,47.2,1.06,0.91,24.75,31.19,20.41,17.77,54.66,33.83,45.68
2019-08-08,1321,1818,1290,1068,654.0,98.43,300.0,136.4,45.2,1.22,0.92,27.07,33.39,21.07,18.22,58.53,35.84,46.96
2019-08-09,1335,1460,1299,1019,685.9,99.81,291.6,131.7,46.8,1.26,0.98,25.93,33.67,20.44,18.0,55.94,36.81,48.27
2019-08-10,1352,1605,1170,1156,676.1,101.72,303.0,135.7,46.1,1.08,0.9,26.07,31.84,21.55,18.33,58.34,35.12,49.38
2019-08-11,1333,1696,1164,1006,725.1,97.77,307.1,137.2,49.1,1.04,0.92,26.77,31.93,21.3,18.7,60.3,35.45,48.5
2019-08-12,1295,1747,1345,1044,678.4,102.59,299.1,139.2,47.0,1.08,0.96,27.3,33.46,21.11,19.11,59.17,36.21,48.72
2019-08-13,1342,1606,1348,1135,706.2,93.75,305.9,134.5,47.1,1.18,0.92,26.12,34.72,21.73,19.25,58.71,37.44,49.81
2019-08-14,1303,1512,1198,1063,658.4,98.52,295.7,133.7,46.4,1.08,0.98,24.89,32.16,20.91,18.41,56.1,34.65,47.96
2019-08-15,1311,1360,1224,1052,675.0,95.61,287.7,136.2,47.7,1.11,0.91,25.13,33.04,20.95,18.21,56.08,34.74,48.74
2019-08-16,1291,1594,1150,990,681.9,92.49,286.6,139.0,46.7,1.02,0.98,26.19,32.47,20.71,18.22,57.17,34.9,48.94
2019-08-17,1319,1895,1243,993,670.4,97.26,298.6,130.9,48.7,0.98,0.98,27.03,32.03,20.22,18.64,61.14,35.56,47.14
2019-08-18,1340,1700,1193,1100,680.2,94.48,305.8,138.9,47.9,1.14,0.92,26.51,32.46,21.18,18.71,57.59,35.79,48.35
2019-08-19,1396,1754,1163,1176,690.1,98.68,326.5,136.6,46.8,1.1,0.91,27.02,32.77,21.32,18.27,58.2,34.56,49.39
2019-08-20,1372,1761,1187,1072,687.0,98.76,309.5,136.5,48.4,1.13,0.91,26.92,32.33,21.01,18.27,57.99,35.6,48.98
2019-08-21,1361,1696,1260,1033,716.9,101.27,291.1,145.5,47.4,0.94,0.92,27.08,33.52,21.04,18.85,58.39,37.05,48.24
2019-08-22,1313,1513,1142,944,688.9,93.89,289.3,135.4,47.4,1.21,0.89,25.52,32.62,20.29,17.81,55.73,34.7,47.01
2019-08-23,1293,1690,1187,991,688.0,99.58,311.6,138.6,45.5,1.08,0.92,26.73,32.77,20.42,18.57,58.53,35.48,47.6
2019-08-24,1315,1651,1148,1044,691.6,97.94,293.9,139.1,47.2,0.92,0.89,26.39,33.03,21.13,17.77,58.74,34.12,49.4
2019-08-25,1356,1692,1205,1148,697.7,100.97,300.3,132.6,47.6,1.14,0.92,26.46,33.2,21.57,18.61,58.69,36.17,50.54
2019-08-26,1310,1488,1259,1073,681.6,96.53,287.5,128.7,48.8,1.03,0.8,25.42,32.69,20.99,18.61,55.48,36.3,47.67
2019-08-27,1356,1867,1270,1093,683.7,95.07,312.5,140.7,46.2,1.06,0.86,27.24,33.04,20.82,18.18,59.46,36.01,49.82
2019-08-28,1426,1905,1325,1114,699.6,96.55,311.4,135.0,49.8,1.03,0.89,27.07,33.92,21.41,18.55,61.15,36.04,48.74
2019-08-29,1447,1763,1406,1121,716.9,96.71,303.4,133.2,47.7,1.06,0.79,26.95,35.43,22.04,19.21,59.58,37.94,50.03
2019-08-30,1541,2169,1478,1287,727.9,102.72,311.9,146.6,45.2,1.08,0.85,29.23,35.21,23.04,19.74,63.08,38.22,51.62
2019-08-31,1499,1858,1502,1196,702.3,104.52,317.8,137.3,46.0,0.94,0.85,26.92,34.37,22.08,20.18,59.17,36.73,50.26
2019-09-01,1434,1708,1303,1042,709.5,98.31,308.6,136.5,48.7,1.13,0.89,26.61,34.12,21.11,18.95,58.84,37.08,48.25
2019-09-02,1342,1565,1213,1040,683.9,99.73,305.1,144.9,48.4,1.06,0.8,26.85,32.49,21.13,18.58,56.69,36.16,49.26
2019-09-03,1418,1540,1231,1087,696.6,95.64,310.9,132.5,46.9,1.09,0.81,25.48,32.54,21.13,18.97,57.26,36.59,49.0
2019-09-04,1449,1919,1320,1124,692.8,100.44,307.8,135.0,47.1,1.13,0.78,27.48,33.78,21.41,19.24,60.83,35.91,49.57
2019-09-05,1444,1571,1409,1172,696.6,101.58,305.0,138.0,45.5,1.07,0.79,25.74,34.96,21.57,19.31,57.39,36.35,49.44
2019-09-06,1456,1678,1445,1150,720.9,96.48,309.4,139.2,48.4,1.09,0.85,26.81,34.82,22.16,19.44,59.33,37.77,49.51
2019-09-07,1396,1466,1357,1106,694.9,98.58,299.9,134.9,45.6,0.93,0.78,25.25,34.32,21.65,19.24,56.97,37.13,49.0
2019-09-08,1519,1956,1293,1265,710.3,102.94,316.4,137.3,47.8,1.0,0.74,27.91,34.18,22.4,18.74,60.44,36.15,51.79
2019-09-09,1521,1950,1500,1170,686.9,93.86,317.8,148.0,48.4,1.07,0.75,27.41,35.39,22.21,20.15,61.92,37.06,49.77
2019-09-10,1523,1925,1294,1294,704.1,104.56,310.7,143.1,46.8,1.08,0.73,28.22,33.39,22.64,19.16,60.34,36.89,52.27
2019-09-11,1555,1864,1524,1196,709.1,102.64,326.4,145.3,47.9,1.1,0.73,27.61,34.94,22.14,19.94,60.84,38.23,50.71
2019-09-12,1575,1874,1451,1248,702.6,103.87,320.6,142.9,48.9,1.19,0.72,27.14,34.38,22.33,19.69,59.59,38.04,51.11
2019-09-13,1581,2156,1537,1234,716.1,101.15,317.5,144.8,47.0,1.07,0.71,29.34,36.09,21.92,20.04,63.27,38.62,51.56
2019-09-14,1535,1910,1342,1220,703.8,97.12,316.4,146.1,46.5,1.09,0.68,27.34,34.43,21.84,18.99,60.83,36.82,50.87
2019-09-15,1554,2083,1542,1250,713.7,103.08,323.2,138.9,46.6,1.07,0.72,28.01,35.22,22.35,20.14,63.66,38.58,51.94
2019-09-16,1644,2037,1437,1318,725.1,103.01,331.8,146.5,45.7,1.06,0.67,28.56,36.17,22.82,19.58,62.26,37.8,52.76
2019-09-17,1706,2337,1560,1302,716.2,104.3,341.4,149.9,45.7,1.07,0.75,30.59,35.33,22.84,20.67,65.68,38.56,52.59
2019-09-18,1779,2692,1606,1334,733.1,108.1,353.3,155.3,47.1,1.04,0.09,30.93,36.95,22.79,20.2,68.51,38.87,53.22
2019-09-19,1744,2485,1509,1508,736.2,106.73,352.7,155.9,46.4,1.09,0.12,30.22,36.56,23.98,20.19,67.9,38.96,55.72
2019-09-20,1685,2192,1600,1301,745.9,108.69,338.0,146.8,47.0,1.07,0.12,29.82,36.66,22.95,20.25,63.1,40.2,53.18
2019-09-21,1671,2287,1721,1353,730.3,104.04,325.6,150.7,44.8,1.07,0.05,29.51,36.86,23.11,20.62,65.07,40.02,54.0
2019-09-22,1666,2189,1783,1228,716.0,101.85,331.5,135.3,46.4,0.94,0.09,29.39,37.11,22.27,20.46,61.61,41.46,50.84
2019-09-23,1715,2321,1631,1333,737.5,103.88,330.9,153.5,47.8,1.08,0.17,29.68,36.57,22.6,20.67,65.18,39.87,53.37
2019-09-24,1620,2093,1611,1271,746.1,103.87,342.1,141.8,45.2,1.0,0.07,29.13,37.23,22.09,20.37,64.21,39.8,51.51
2019-09-25,1691,2247,1617,1356,742.6,106.52,352.3,145.7,46.5,1.08,0.19,30.43,36.08,22.91,20.85,65.74,39.99,53.82
2019-09-26,1675,2286,1622,1175,735.1,100.05,339.8,148.0,44.3,0.99,0.12,29.35,35.68,21.99,20.61,65.37,40.06,51.0
2019-09-27,1646,2020,1525,1306,734.3,103.27,338.2,144.8,44.9,1.08,0.12,29.0,36.07,22.5,20.13,62.33,38.58,53.05
2019-09-28,1587,1920,1506,1195,738.1,106.31,326.9,144.6,47.5,1.04,0.11,28.45,36.09,22.27,19.62,62.15,39.0,52.27
2019-09-29,1497,1716,1435,1201,721.8,100.18,318.0,147.7,46.1,1.0,0.14,26.45,36.03,22.5,19.8,61.31,38.43,51.46
2019-09-30,1533,1740,1394,1163,718.6,103.73,306.2,140.8,48.7,1.08,0.14,27.34,34.01,22.16,19.23,59.72,37.35,50.21
2019-10-01,1532,1798,1428,1170,725.9,102.6,318.2,137.9,47.0,1.09,0.1,27.5,34.99,22.18,19.2,61.05,37.92,50.05
2019-10-02,1461,1892,1357,1145,685.1,102.57,304.1,147.6,47.1,1.04,0.08,27.45,34.51,21.83,19.14,59.75,36.33,49.84
2019-10-03,1391,1623,1343,1059,670.2,96.96,305.9,140.4,45.2,1.08,0.05,26.13,33.66,20.66,18.46,58.05,36.12,48.0
2019-10-04,1370,1784,1201,1069,692.6,96.63,301.0,145.5,46.0,1.0,0.13,26.87,32.81,21.06,17.81,59.96,35.45,49.18
2019-10-05,1452,1859,1349,1097,701.3,100.09,325.8,143.5,45.6,1.07,0.1,27.48,34.51,21.61,19.5,59.79,36.46,49.0
2019-10-06,1435,1537,1462,1055,690.0,95.91,315.7,134.3,45.2,1.04,0.07,25.94,34.46,20.96,19.31,57.66,37.58,48.01
2019-10-07,1355,1777,1326,1122,700.8,97.7,302.1,139.9,47.3,0.95,0.08,27.37,34.36,21.43,18.49,60.07,36.89,49.44
2019-10-08,1340,1771,1321,1012,658.6,98.75,296.1,133.0,47.6,0.96,0.1,25.93,32.64,21.14,18.36,58.78,36.23,47.67
2019-10-09,1324,1506,1223,1047,676.6,102.31,310.0,136.5,47.0,1.12,0.06,26.06,32.07,20.96,18.18,56.44,35.13,48.25
2019-10-10,1186,1457,1099,978,660.0,96.41,281.9,132.2,45.5,1.13,0.1,24.65,31.54,20.94,18.1,56.44,34.0,46.51
2019-10-11,1183,1310,1134,925,642.5,96.92,284.5,126.0,46.9,1.06,0.05,24.53,30.39,19.42,17.26,53.17,34.73,47.07
2019-10-12,1172,1400,1152,909,688.0,98.07,281.1,128.9,44.3,0.95,0.58,25.22,32.53,20.1,17.8,55.88,34.86,46.72
2019-10-13,1209,1301,997,976,649.8,93.4,281.3,142.0,48.2,1.12,0.57,23.76,29.92,20.43,17.55,54.02,33.76,45.4
2019-10-14,1303,1372,1122,1086,673.2,97.07,294.7,136.8,45.0,1.07,0.65,25.09,32.18,21.14,17.82,56.04,34.33,49.12
2019-10-15,1360,1645,1341,1031,702.6,104.53,284.7,136.8,45.2,1.06,0.62,26.11,34.17,20.47,19.15,57.72,37.06,48.55
2019-10-16,1345,1655,1226,1064,696.9,98.01,286.4,144.3,46.7,1.18,0.66,26.89,33.12,21.14,18.42,58.5,36.26,48.72
2019-10-17,1288,1527,1146,957,663.5,100.01,295.6,133.9,46.9,0.95,0.79,25.19,32.29,21.07,18.58,55.94,33.4,46.72
2019-10-18,1419,1627,1236,1109,706.5,101.89,319.2,138.8,46.5,1.11,0.76,25.86,33.47,21.61,18.3,58.43,36.55,49.45
2019-10-19,1421,1742,1284,1130,700.8,95.81,309.7,143.1,45.3,0.98,0.76,27.53,33.49,21.78,18.92,59.46,37.05,50.68
2019-10-20,1420,1838,1227,1089,731.4,100.27,301.1,137.6,48.0,1.0,0.81,27.79,34.59,21.46,19.3,59.98,36.29,50.15
2019-10-21,1418,1789,1455,1105,702.2,99.83,295.0,136.1,44.7,1.26,0.8,27.49,35.09,21.55,19.43,60.52,37.92,49.58
2019-10-22,1428,1838,1325,1069,695.1,100.44,313.9,130.4,44.9,1.09,0.74,26.95,34.23,21.22,18.73,60.16,36.21,48.68
2019-10-23,1420,1701,1315,1131,683.5,97.6,302.2,135.4,46.6,1.2,0.76,25.76,34.13,21.78,19.06,57.75,36.55,50.35
2019-10-24,1390,1912,1327,1152,681.6,96.19,308.7,134.5,45.2,1.09,0.71,28.13,33.99,21.87,19.16,59.88,37.66,50.02
2019-10-25,1363,1542,1322,1037,677.0,97.33,303.8,138.2,48.2,1.08,0.84,25.71,34.58,21.01,18.56,57.84,35.22,48.66
2019-10-26,1362,1767,1320,1057,709.9,98.26,304.5,135.1,45.4,1.0,0.81,27.33,34.11,21.31,19.5,59.95,36.57,49.19
2019-10-27,1336,1813,1300,1085,686.3,101.02,298.1,145.4,48.7,1.12,0.84,27.33,33.53,20.72,18.8,58.72,36.69,49.44
2019-10-28,1302,1661,1161,1089,690.3,102.0,297.3,131.6,48.1,1.04,0.86,26.28,32.26,20.77,18.41,57.65,35.91,49.21
2019-10-29,1310,1587,1189,982,705.6,101.09,294.1,141.7,48.4,1.05,0.85,26.35,32.89,20.87,18.94,58.42,35.05,47.83
2019-10-30,1300,1529,1243,1030,646.2,99.57,288.9,136.7,49.2,1.02,0.88,25.92,32.15,20.83,18.46,56.34,34.89,47.53
2019-10-31,1379,1873,1244,1109,710.6,96.29,294.7,141.3,47.0,1.05,0.88,27.62,33.83,21.97,18.75,60.85,35.95,50.91
2019-11-01,1247,1337,1143,992,675.8,95.47,269.4,137.3,45.7,1.04,0.88,25.13,31.78,20.36,17.86,54.78,34.58,47.64
2019-11-02,1307,1483,1228,939,688.9,98.07,293.3,127.1,46.9,1.06,0.84,24.78,33.08,20.01,19.33,57.18,35.72,47.94
2019-11-03,1373,1665,1322,1114,678.2,97.11,314.0,137.8,46.3,1.06,0.91,26.74,33.85,21.59,18.57,57.67,35.62,49.71
2019-11-04,1271,1702,1064,1076,666.6,98.36,296.8,133.9,46.2,0.92,0.98,25.71,31.6,20.76,17.76,57.29,34.01,48.63
2019-11-05,1258,1573,1196,1009,683.7,98.48,291.4,130.1,47.3,1.09,0.91,26.34,32.29,20.32,18.5,58.36,34.97,48.88
2019-11-06,1243,1387,1127,953,710.3,97.77,282.2,136.0,46.7,1.04,0.98,25.55,32.99,20.58,18.44,56.73,35.3,46.51
2019-11-07,1177,1361,1111,924,681.2,97.8,289.2,139.2,46.2,0.77,0.87,24.89,32.04,20.16,18.61,54.8,34.39,45.73
2019-11-08,1143,1276,1080,982,680.9,92.37,276.8,120.6,46.9,0.91,0.88,24.49,30.42,21.02,17.86,54.69,34.41,48.54
2019-11-09,1093,1191,1069,911,652.6,96.05,285.2,127.8,47.9,0.99,0.88,23.7,30.86,20.24,17.55,53.09,33.44,45.66
2019-11-10,1189,1526,1158,977,658.7,93.72,274.6,127.7,48.4,1.15,0.86,25.09,32.79,20.17,18.45,55.9,35.22,47.03
2019-11-11,1242,1336,1215,1007,662.6,94.05,281.9,134.4,45.4,1.1,0.91,24.51,33.3,21.01,18.21,54.77,35.09,48.45
2019-11-12,1311,1822,1295,1017,675.6,98.94,288.4,134.8,47.0,1.01,0.76,27.86,33.6,20.8,18.94,58.52,36.09,47.92
2019-11-13,1351,1792,1267,1066,657.1,101.34,287.5,134.8,47.2,1.06,0.82,27.14,33.25,21.18,18.48,59.01,35.5,48.98
2019-11-14,1296,1728,1195,1030,670.2,98.57,286.1,138.4,46.0,1.16,0.89,26.13,32.14,21.18,18.51,58.21,35.22,47.6
2019-11-15,1272,1494,1220,1038,669.8,96.99,292.0,141.6,47.3,1.02,0.79,25.51,32.57,20.75,18.55,55.05,35.41,48.29
2019-11-16,1301,1578,1242,1100,679.0,98.21,288.4,146.4,47.7,0.99,0.83,25.94,33.62,21.41,18.37,57.0,36.13,48.89
2019-11-17,1241,1328,1120,1036,676.2,96.73,257.0,131.2,48.2,1.14,0.8,24.66,32.29,20.75,17.42,54.49,34.59,48.93
2019-11-18,1280,1498,1201,964,684.6,94.27,300.6,127.9,47.7,1.17,0.76,25.2,32.82,20.84,17.87,54.53,35.13,47.22
2019-11-19,1270,1609,1165,1023,677.7,93.8,277.4,137.2,46.6,1.03,0.75,26.2,32.33,20.84,17.62,57.28,35.13,47.34
2019-11-20,1253,1677,1101,1031,667.1,96.41,293.8,140.9,50.1,1.12,0.72,26.55,32.39,21.05,17.79,58.41,34.13,47.5
2019-11-21,1291,1442,1265,1055,651.0,97.47,293.4,138.8,48.7,1.08,0.62,24.6,33.31,21.2,17.66,55.12,35.42,47.45
2019-11-22,1315,1573,1215,1021,674.8,97.71,312.5,142.6,48.4,1.05,0.7,26.61,33.07,20.94,18.3,57.49,34.92,47.44
2019-11-23,1296,1571,1316,1154,666.5,99.05,301.6,134.8,49.0,1.19,0.64,26.32,33.38,21.39,18.73,56.75,36.62,48.8
2019-11-24,1355,1500,1151,1023,695.4,97.84,295.8,134.9,48.2,1.05,0.59,25.96,32.41,20.95,18.51,56.62,34.89,48.98
2019-11-25,1299,1669,1162,991,695.1,98.81,288.3,136.2,49.4,1.16,0.64,26.02,33.01,19.91,18.45,57.89,35.96,48.77
2019-11-26,1329,1549,1228,1068,699.2,97.56,309.1,135.3,48.0,1.11,0.61,26.17,32.65,21.04,18.87,56.58,35.91,49.15
2019-11-27,1357,1665,1326,1171,699.9,102.96,288.2,140.0,48.0,1.1,0.14,26.66,33.48,22.09,19.13,59.15,37.14,49.76
2019-11-28,1338,1599,1260,1030,684.3,98.28,299.6,140.7,48.8,1.07,0.09,26.26,32.49,21.2,18.51,58.0,35.57,47.8
2019-11-29,1351,1576,1269,1064,680.1,104.16,298.4,141.4,50.0,1.04,0.13,26.54,33.83,20.84,18.58,56.98,34.97,47.21
2019-11-30,1284,1569,1114,1068,668.4,98.02,289.6,137.4,50.0,1.09,0.1,25.66,31.55,21.02,17.63,55.37,33.73,48.47
2019-12-01,1327,1613,1154,1056,662.3,97.36,299.7,137.5,48.9,1.08,0.11,26.68,32.31,20.8,18.07,57.33,36.02,47.56
2019-12-02,1313,1570,1230,1033,698.1,95.41,296.9,139.3,48.9,1.13,0.12,26.25,33.14,21.26,18.12,56.99,35.64,49.37
2019-12-03,1282,1475,1098,1046,676.7,93.5,295.8,127.4,49.1,1.03,0.05,25.28,33.37,21.59,18.21,56.31,35.12,47.34
2019-12-04,1330,1689,1195,1071,666.6,95.47,298.3,137.5,49.5,1.12,0.12,27.22,32.69,21.19,17.91,56.69,34.51,47.88
2019-12-05,1288,1786,1215,1070,667.7,95.02,296.1,135.7,50.0,1.16,0.1,27.05,31.7,20.78,18.34,58.71,35.42,48.19
2019-12-06,1211,1467,1053,1019,657.5,96.84,285.5,134.1,48.2,1.06,0.09,24.95,31.89,20.59,17.65,55.51,34.08,47.71
2019-12-07,1127,1421,1105,916,660.5,93.02,270.8,130.5,50.1,1.17,0.1,24.99,31.54,20.5,18.13,53.6,35.78,47.37
2019-12-08,1153,1207,1114,936,679.2,95.29,278.8,133.3,49.0,1.18,0.2,24.45,31.97,19.94,17.47,55.09,34.57,46.11
2019-12-09,1083,1264,903,879,649.0,96.74,265.9,127.3,49.4,1.01,0.05,24.04,29.75,19.6,16.77,53.38,32.25,45.42
2019-12-10,1168,1260,1015,955,631.3,94.86,274.0,136.6,50.3,1.06,0.09,23.92,30.74,20.24,17.35,52.89,33.37,45.24
2019-12-11,1056,1064,844,853,647.9,98.24,266.2,130.7,49.6,1.0,0.13,22.84,29.74,20.02,17.15,52.22,31.67,45.74
2019-12-12,1138,1255,994,914,658.9,91.6,276.2,131.8,49.9,1.16,0.05,23.5,30.58,20.24,17.31,53.77,33.68,45.84
2019-12-13,1143,1469,1079,961,658.5,94.25,278.0,128.5,48.4,1.14,0.11,25.19,31.26,20.13,17.49,55.9,34.1,46.71
2019-12-14,1131,1424,1006,964,651.0,93.07,283.9,134.3,50.7,1.0,0.11,24.91,30.92,20.42,17.91,54.24,33.06,46.54
2019-12-15,1097,1295,1016,829,659.3,96.14,269.1,130.8,49.8,1.08,0.05,24.57,29.89,19.73,17.65,54.06,33.9,45.31
2019-12-16,1111,1134,931,894,658.8,88.46,276.1,127.4,49.2,1.16,0.08,23.39,29.72,20.05,17.48,51.42,33.04,45.89
2019-12-17,1103,1259,1039,862,656.4,90.3,274.6,130.0,50.4,1.15,0.17,23.63,32.02,19.73,17.12,53.6,34.16,44.98
2019-12-18,1153,1390,1020,913,669.3,94.54,273.8,134.1,52.3,1.24,0.05,24.53,31.41,20.16,17.67,56.27,34.67,46.49
2019-12-19,1151,1374,1048,938,656.5,98.66,279.1,133.8,47.8,1.06,0.08,25.11,30.99,19.89,17.2,53.71,33.6,45.98
2019-12-20,1151,1155,1043,949,655.6,95.35,286.6,133.5,48.3,1.15,0.09,23.41,30.36,20.96,17.1,52.6,33.6,47.05
2019-12-21,1126,1221,957,900,680.3,90.93,277.4,131.2,52.5,1.07,0.1,24.1,30.92,20.22,17.52,52.62,32.86,46.57
2019-12-22,1116,1292,953,828,666.8,91.14,276.7,134.6,49.9,1.16,0.08,24.31,31.21,19.83,17.41,54.35,33.54,44.77
2019-12-23,1124,1369,1070,868,671.9,98.47,270.2,135.7,49.7,1.15,0.1,24.61,32.97,19.86,17.59,55.48,33.95,47.42
2019-12-24,1030,962,946,861,665.8,91.0,282.0,131.0,49.4,1.17,0.1,22.63,31.6,20.09,17.61,51.73,33.38,46.75
2019-12-25,956,1041,899,690,645.6,88.8,253.7,123.6,51.0,1.11,0.13,22.68,29.57,18.34,16.72,51.16,33.1,44.77
2019-12-26,990,1117,901,838,656.0,95.48,248.9,122.7,52.8,1.21,0.13,24.06,29.93,19.1,16.84,51.03,32.36,45.06
2019-12-27,993,1186,897,820,618.9,94.39,269.5,124.8,48.9,1.09,0.12,23.65,28.86,19.18,16.59,51.22,31.84,43.74
2019-12-28,979,1149,801,834,643.8,94.78,260.2,134.4,49.6,1.07,0.11,24.0,28.85,20.11,16.34,53.34,32.24,45.44
2019-12-29,976,1134,861,783,637.5,89.15,258.4,127.6,49.4,1.17,0.05,23.94,29.51,19.52,16.99,52.77,32.45,44.88
2019-12-30,989,1033,885,733,667.1,87.96,257.7,135.4,50.7,1.31,0.1,22.31,30.05,18.91,16.63,52.05,33.06,44.4
2019-12-31,957,894,938,788,651.7,91.5,273.9,125.5,51.4,1.04,0.14,22.57,31.41,19.47,16.81,50.59,32.73,43.33
2020-01-01,862,888,788,737,615.7,90.16,252.5,122.1,51.9,1.06,0.05,21.73,28.1,18.52,15.78,48.7,30.46,42.61
2020-01-02,873,1007,832,736,632.2,90.44,255.1,123.2,51.0,1.17,0.05,23.16,29.3,18.99,17.01,51.81,31.43,43.8
2020-01-03,824,958,746,654,622.5,92.25,247.2,121.7,53.1,1.24,0.16,22.08,27.52,18.48,15.92,49.71,30.46,41.98
2020-01-04,846,944,719,691,629.7,84.66,250.2,119.6,49.5,1.18,0.05,21.97,28.63,18.87,15.74,50.6,31.16,42.15
2020-01-05,760,800,667,609,596.0,89.42,251.1,115.6,49.2,1.1,0.1,20.75,26.91,17.38,15.4,47.18,30.07,41.11
2020-01-06,815,875,724,643,624.1,85.63,243.1,123.8,52.0,1.19,0.08,21.89,28.97,17.9,16.2,49.42,30.52,40.33
2020-01-07,840,846,706,711,618.7,91.02,235.8,126.7,50.5,1.21,0.16,22.18,28.06,18.58,16.03,50.01,30.38,42.6
2020-01-08,854,895,739,662,628.2,87.97,255.8,132.7,48.8,1.12,0.11,22.25,27.89,18.11,15.86,49.17,31.24,42.34
2020-01-09,904,1108,795,708,619.9,88.11,257.7,122.7,50.1,1.25,0.13,22.55,27.82,18.26,16.08,51.96,31.14,43.14
2020-01-10,988,1020,957,764,633.1,90.24,262.9,125.5,50.8,1.2,0.1,23.64,29.75,19.1,16.53,50.29,32.48,44.23
2020-01-11,1038,1331,838,787,666.0,89.09,270.8,125.2,49.8,1.07,0.18,24.87,29.99,19.16,16.78,54.03,33.36,45.12
2020-01-12,942,1008,891,768,620.1,90.99,254.6,130.0,49.4,1.19,0.07,22.88,29.78,19.6,16.98,50.57,31.78,44.2
2020-01-13,877,1037,740,746,612.4,87.68,251.2,126.9,50.5,1.15,0.11,23.13,28.11,18.57,15.74,51.3,31.09,43.13
2020-01-14,845,792,694,683,622.0,90.95,246.9,119.2,49.5,1.29,0.15,20.95,28.63,18.4,15.99,48.56,30.75,41.83
2020-01-15,847,937,791,648,611.5,90.61,243.4,119.1,51.6,1.09,0.16,21.78,28.15,18.29,15.94,50.16,30.37,42.09
2020-01-16,873,878,801,734,613.3,93.76,260.2,127.3,48.5,1.16,0.09,22.22,27.35,18.22,15.84,50.07,30.9,42.58
2020-01-17,836,780,783,728,623.2,89.72,235.8,123.9,51.0,1.22,0.05,21.24,28.97,18.89,16.38,48.16,31.67,42.44
2020-01-18,846,909,776,671,600.4,90.3,267.0,125.7,51.6,1.4,0.08,21.77,29.08,18.32,16.67,48.11,30.78,42.43
2020-01-19,808,907,782,647,602.6,91.74,251.4,118.0,50.9,1.36,0.17,21.87,29.17,18.01,16.17,48.97,30.19,41.0
2020-01-20,777,743,699,649,644.4,86.05,227.3,113.2,52.4,1.19,0.07,21.14,27.89,18.58,15.88,49.86,31.14,43.2
2020-01-21,707,617,608,619,610.7,82.45,233.1,115.1,49.5,1.22,0.11,20.52,27.1,18.16,15.26,46.37,29.41,40.93
2020-01-22,662,637,580,535,586.3,85.72,229.4,120.0,50.4,1.23,0.09,20.83,27.17,17.79,15.63,47.14,29.31,40.0
2020-01-23,596,553,539,468,594.3,80.23,227.9,123.7,50.9,1.1,0.1,20.46,26.31,17.82,15.04,45.74,30.24,39.23
2020-01-24,550,522,447,470,589.8,88.89,212.7,112.1,52.2,1.17,0.15,20.42,25.94,16.72,14.31,46.76,28.3,40.18
2020-01-25,608,615,502,520,604.6,87.68,226.0,124.7,51.7,1.29,0.11,20.98,26.15,17.06,14.86,48.32,29.08,40.76
2020-01-26,563,513,469,468,581.3,88.46,220.8,117.5,54.0,1.19,0.18,19.99,25.38,16.99,14.63,45.94,28.02,38.79
2020-01-27,700,795,542,563,617.6,86.19,228.4,112.8,50.5,1.36,0.14,21.69,26.55,17.17,15.29,47.52,28.74,41.1
2020-01-28,727,742,636,621,576.1,87.97,229.8,120.0,49.9,1.18,0.11,20.92,27.54,17.93,15.65,45.37,29.88,41.76
2020-01-29,738,722,581,618,592.3,85.66,245.1,123.0,53.8,1.21,0.1,20.67,26.91,17.9,15.49,47.37,28.89,42.18
2020-01-30,695,597,603,555,604.7,88.13,220.2,108.5,49.9,1.21,0.11,20.09,27.88,17.74,15.35,47.23,29.45,40.0
2020-01-31,733,720,665,602,612.3,83.66,241.1,121.9,52.5,1.12,0.05,20.88,28.07,17.87,15.6,48.22,31.07,42.33
2020-02-01,704,679,596,548,589.8,79.76,241.0,123.2,50.6,1.31,0.06,20.57,27.78,17.54,15.27,46.38,29.1,41.15
2020-02-02,712,763,669,601,608.4,84.3,233.6,120.3,49.3,1.2,0.13,21.04,28.19,18.06,15.41,47.09,30.75,41.55
2020-02-03,843,923,689,680,613.2,85.31,248.2,122.4,51.4,1.27,0.14,22.26,28.38,18.44,16.01,50.3,30.56,42.42
2020-02-04,837,799,782,671,617.7,92.53,256.6,121.8,53.0,1.2,0.05,21.66,28.68,17.97,16.07,50.01,30.89,42.14
2020-02-05,895,978,821,726,644.9,94.51,247.2,123.2,50.5,1.4,0.13,22.86,30.94,18.97,16.65,50.55,32.07,42.96
2020-02-06,858,960,693,699,638.2,85.73,244.4,118.4,52.7,1.36,0.09,22.71,28.46,19.27,16.44,51.25,30.44,43.45
2020-02-07,855,1017,857,721,609.2,92.41,245.0,120.2,53.0,1.27,0.07,22.96,28.17,18.64,16.53,52.18,32.07,42.76
2020-02-08,944,1109,839,783,620.1,93.29,266.9,123.9,50.6,1.18,0.09,23.03,29.33,19.04,16.45,51.32,32.27,44.09
2020-02-09,909,1045,772,733,625.3,86.32,264.6,125.0,51.9,1.34,0.14,23.21,28.29,19.25,15.99,50.93,31.23,43.64
2020-02-10,999,1124,833,832,642.9,90.99,252.0,125.0,54.1,1.38,0.12,23.59,30.0,19.25,16.51,52.61,32.64,46.42
2020-02-11,1032,1205,918,846,637.7,91.13,274.4,124.6,53.0,1.23,0.11,24.14,30.39,19.77,16.5,52.58,32.62,45.68
2020-02-12,999,1231,890,793,658.9,93.84,269.7,130.2,52.0,1.29,0.12,24.71,30.05,19.25,17.06,54.53,33.12,45.13
2020-02-13,1028,1038,929,825,652.2,89.43,278.4,129.5,52.8,1.31,0.05,23.33,29.88,19.84,16.36,51.46,34.34,43.75
2020-02-14,1073,1198,955,859,659.0,93.1,273.7,127.2,51.6,1.41,0.12,23.95,30.69,20.0,17.45,53.29,34.41,45.82
2020-02-15,1100,1195,1028,902,637.4,92.13,273.0,132.1,53.8,1.31,0.08,23.68,30.5,19.68,17.51,51.67,33.3,46.56
2020-02-16,1015,1178,894,808,662.9,93.45,273.9,125.8,53.8,1.39,0.18,23.68,30.63,19.44,16.97,53.08,32.91,44.81
2020-02-17,974,1188,787,776,597.8,90.95,266.3,126.7,52.7,1.25,0.08,22.93,28.76,19.06,15.83,50.81,30.36,44.58
2020-02-18,958,1007,850,837,650.5,89.86,277.1,129.9,52.8,1.22,0.19,23.29,31.2,19.01,16.66,51.67,32.62,45.46
2020-02-19,952,847,749,800,651.1,90.53,266.1,123.4,51.4,1.46,0.09,21.82,28.78,19.24,15.73,48.89,31.64,44.89
2020-02-20,980,1054,893,769,634.3,96.7,262.5,121.9,51.0,1.21,0.1,23.6,29.65,19.24,16.96,52.06,31.91,43.39
2020-02-21,986,1179,840,815,660.6,90.67,252.4,126.2,52.2,1.26,0.09,23.78,29.73,19.45,16.66,52.58,32.9,46.0
2020-02-22,914,1035,820,746,631.2,87.74,250.1,119.3,52.6,1.37,0.05,23.97,29.17,18.94,16.84,52.37,31.54,43.15
2020-02-23,931,1052,884,767,635.3,92.13,244.9,124.1,54.0,1.27,0.15,22.68,30.26,18.44,16.8,52.35,31.98,43.64
2020-02-24,959,1036,816,781,643.2,90.85,257.5,124.9,53.9,1.28,0.1,23.08,29.23,18.94,16.54,51.84,32.04,43.19
2020-02-25,985,985,929,834,689.2,88.16,269.1,116.9,53.1,1.31,0.13,23.16,31.87,20.1,17.42,51.24,33.22,46.49
2020-02-26,1036,1224,912,847,668.3,98.24,266.8,130.4,54.3,1.17,0.16,23.83,30.74,19.56,16.77,53.36,32.97,46.0
2020-02-27,1074,1151,1055,863,663.6,92.49,278.9,128.6,51.8,1.44,0.09,24.18,31.17,19.43,17.47,52.41,34.9,45.74
2020-02-28,1093,1483,971,915,641.7,92.76,275.3,134.6,54.2,1.37,0.1,24.57,30.1,20.23,17.13,54.75,32.71,46.3
2020-02-29,1084,1306,939,880,656.5,93.95,268.5,130.5,52.0,1.29,0.11,24.11,30.98,20.01,16.99,55.28,33.35,46.16
2020-03-01,995,1060,922,808,630.5,96.21,263.4,130.0,54.5,1.2,0.05,23.17,29.96,18.9,16.63,51.21,32.17,44.14
2020-03-02,1013,1084,890,828,657.4,88.03,268.3,132.3,53.0,1.23,0.05,23.67,30.13,19.62,16.8,51.82,32.15,44.71
2020-03-03,1019,1141,878,820,648.1,93.04,266.3,127.2,50.7,1.22,0.05,22.96,29.6,19.14,16.78,51.99,32.36,43.86
2020-03-04,1029,1142,904,831,630.4,97.75,267.4,128.1,54.0,1.37,0.15,23.54,29.79,19.31,17.42,51.66,33.66,44.52
2020-03-05,960,1156,856,759,639.5,91.55,253.1,119.8,54.1,1.36,0.09,23.54,29.29,19.1,16.51,52.78,32.48,43.19
2020-03-06,903,990,855,711,617.8,87.03,250.1,129.3,52.6,1.38,0.13,22.1,29.95,18.35,16.22,49.22,31.97,43.04
2020-03-07,954,990,769,742,639.7,89.56,276.7,125.3,52.7,1.4,0.09,22.41,29.34,19.18,16.2,51.04,31.15,43.69
2020-03-08,949,1202,848,726,623.9,91.53,268.0,121.7,53.0,1.39,0.05,22.7,29.23,19.0,16.9,52.66,31.59,43.01
2020-03-09,981,1096,906,766,641.4,94.95,249.6,129.6,50.9,1.47,0.13,23.92,29.9,19.18,17.29,50.72,31.77,44.73
2020-03-10,980,1156,885,787,652.0,90.75,242.3,117.9,50.4,1.45,0.06,24.04,30.05,19.44,17.41,51.76,33.41,43.99
2020-03-11,978,1034,933,794,639.8,93.63,261.7,124.9,54.8,1.43,0.12,22.41,30.17,18.8,16.94,51.32,32.83,43.29
2020-03-12,1023,1188,916,816,640.5,88.82,272.7,131.5,52.3,1.38,0.14,23.96,29.58,19.77,17.05,53.72,32.66,44.53
2020-03-13,993,1137,882,727,645.6,88.24,258.4,125.3,55.5,1.41,0.1,23.24,28.94,18.9,16.44,53.25,32.49,43.29
2020-03-14,995,944,919,855,653.2,90.68,270.9,124.2,55.0,1.32,0.12,23.04,29.87,19.41,16.86,50.53,33.84,45.48
2020-03-15,969,1246,870,818,622.7,94.98,260.6,124.6,55.2,1.34,0.05,23.5,29.39,19.26,16.19,53.7,32.08,43.75
2020-03-16,944,1144,826,779,640.0,91.09,256.4,117.5,52.6,1.49,0.22,23.29,29.03,19.38,16.63,52.09,31.77,44.48
2020-03-17,926,978,846,809,653.5,91.3,262.0,127.9,51.4,1.3,0.12,22.72,30.15,19.6,16.69,51.03,33.14,44.29
2020-03-18,936,934,807,729,643.6,91.46,252.6,124.9,52.1,1.3,0.13,22.25,29.2,18.6,16.5,50.66,31.71,43.13
2020-03-19,910,1014,784,795,632.4,93.03,252.0,123.5,52.9,1.32,0.14,23.31,29.91,19.4,16.0,51.56,30.57,44.62
2020-03-20,973,1087,847,757,649.4,89.94,265.9,125.3,50.6,1.31,0.09,23.65,29.41,19.11,16.9,51.66,31.41,44.15
2020-03-21,925,1037,879,758,640.4,92.28,255.6,125.1,52.9,1.31,0.1,22.99,29.86,19.2,15.98,51.12,32.19,43.27
2020-03-22,915,1008,682,704,643.5,88.27,270.0,127.3,53.2,1.37,0.14,23.26,28.26,18.55,15.85,50.36,30.95,42.85
2020-03-23,891,998,806,725,598.7,94.85,258.1,123.8,51.9,1.37,0.09,21.62,28.85,18.81,16.04,50.14,31.46,42.46
2020-03-24,964,1190,863,793,615.4,89.31,264.7,120.7,52.2,1.43,0.12,22.86,29.83,19.07,15.83,52.68,31.3,43.16
2020-03-25,973,1129,797,782,654.9,89.26,260.1,128.7,53.2,1.54,0.12,23.74,29.71,19.67,16.6,53.3,31.76,44.42
2020-03-26,1024,1059,935,850,624.0,93.81,272.6,129.9,53.9,1.34,0.07,23.15,28.93,18.94,16.75,50.17,32.05,44.55
2020-03-27,946,1153,864,770,642.4,91.16,255.3,126.5,52.4,1.35,0.12,23.62,29.96,18.71,16.83,52.19,32.76,43.62
2020-03-28,959,1198,882,760,632.8,92.03,261.4,130.3,53.8,1.21,0.05,22.84,29.19,18.92,17.26,53.45,32.83,44.23
2020-03-29,1004,1410,781,792,629.0,92.62,256.3,127.4,53.7,1.26,0.14,24.1,28.75,19.57,16.31,54.47,32.32,43.52
2020-03-30,1007,1029,965,839,649.5,89.38,272.2,131.8,53.6,1.36,0.16,23.19,30.89,20.16,17.42,51.61,33.27,45.89
2020-03-31,1059,1235,921,831,654.2,97.13,271.5,134.6,52.7,1.41,0.14,25.0,29.74,19.3,17.4,53.51,33.76,45.02
2020-04-01,1031,973,960,863,679.2,94.81,282.2,130.4,51.9,1.41,0.16,23.61,31.53,19.98,17.49,52.31,33.19,45.68
2020-04-02,1102,1333,1035,929,647.2,97.27,292.6,127.2,55.5,1.43,0.07,25.02,30.84,20.08,17.13,54.35,33.71,46.47
2020-04-03,1216,1395,1064,908,692.7,94.63,291.4,132.9,54.3,1.5,0.09,25.36,33.0,20.55,17.38,55.56,34.03,46.92
2020-04-04,1194,1643,1126,1000,673.6,96.6,283.5,137.7,54.7,1.54,0.11,26.27,32.11,20.92,18.09,58.19,35.02,48.01
2020-04-05,1168,1297,1044,1014,655.2,95.58,272.8,126.1,53.4,1.37,0.11,23.91,32.06,20.23,17.37,53.22,33.95,46.12
2020-04-06,1240,1295,1018,1001,686.1,99.18,294.9,132.5,53.3,1.34,0.08,25.06,32.08,20.79,18.02,55.84,32.87,48.16
2020-04-07,1316,1562,1285,1074,692.1,100.61,297.4,134.9,54.1,1.47,0.06,25.95,33.2,20.62,18.63,56.76,36.82,48.52
2020-04-08,1285,1324,1137,1068,680.3,97.65,296.8,131.9,51.3,1.49,0.17,25.02,31.61,21.32,18.07,55.38,35.36,48.53
2020-04-09,1260,1623,1108,995,680.6,92.93,303.7,138.2,52.1,1.42,0.07,26.14,32.11,20.59,17.61,57.48,34.43,47.6
2020-04-10,1243,1254,1116,1000,665.5,100.87,281.4,135.7,52.5,1.39,0.17,24.36,31.59,20.22,17.77,53.65,34.67,48.19
2020-04-11,1172,1391,1082,890,653.1,96.54,273.3,129.3,52.9,1.35,0.12,24.69,32.24,19.98,17.35,55.77,33.32,44.7
2020-04-12,1124,1093,1017,908,670.8,92.76,273.8,133.2,52.4,1.38,0.11,23.66,31.12,20.02,17.25,53.26,33.46,47.39
2020-04-13,1072,1199,995,880,649.4,94.35,277.0,128.7,53.8,1.43,0.12,24.2,30.61,20.17,17.23,53.01,34.16,46.04
2020-04-14,1033,1325,868,851,646.6,88.84,271.0,124.6,53.5,1.31,0.16,23.84,29.1,19.34,16.53,55.29,31.72,45.31
2020-04-15,1033,1204,895,869,651.9,95.24,259.4,125.3,55.1,1.3,0.05,23.26,30.29,20.42,17.65,53.85,32.6,44.68
2020-04-16,1046,1108,937,817,653.4,89.17,273.9,130.3,56.4,1.41,0.11,23.6,29.82,19.74,17.3,51.81,32.24,43.96
2020-04-17,1126,1312,1119,885,638.3,93.77,266.4,134.6,51.9,1.31,0.11,24.76,31.72,20.1,17.99,52.14,34.29,45.1
2020-04-18,1076,1238,967,932,672.6,94.01,264.2,127.5,53.5,1.38,0.11,24.94,31.2,19.97,17.29,54.11,33.76,47.12
2020-04-19,1127,1367,1079,900,661.7,96.94,275.2,133.1,53.5,1.39,0.14,24.23,31.18,20.54,17.72,55.82,34.54,46.12
2020-04-20,1117,1159,1015,905,655.5,94.43,270.6,136.9,53.3,1.37,0.08,23.53,31.48,19.61,17.25,53.31,33.82,46.39
2020-04-21,1116,1361,988,894,664.9,95.72,282.1,125.5,52.0,1.32,0.05,24.14,30.81,19.94,18.13,55.99,34.24,45.24
2020-04-22,1152,1062,1035,894,666.5,94.71,280.9,133.0,52.2,1.52,0.05,23.16,30.58,20.41,17.52,51.93,33.64,46.18
2020-04-23,1096,1203,984,938,667.3,93.69,287.0,133.3,53.6,1.4,0.06,24.48,31.73,20.41,17.17,53.51,33.0,47.35
2020-04-24,1117,1250,1044,879,666.6,94.37,273.1,130.2,52.1,1.33,0.13,24.24,30.92,19.57,17.36,53.91,33.69,46.86
2020-04-25,1128,1384,1094,865,670.7,93.88,275.2,135.8,53.4,1.4,0.12,24.76,32.06,20.24,17.92,55.42,33.77,45.16
2020-04-26,1155,1363,1070,910,683.6,90.63,288.6,140.5,52.9,1.52,0.14,25.18,32.03,20.36,18.25,55.97,34.5,46.51
2020-04-27,1171,1231,1131,864,678.7,93.22,279.9,133.5,53.3,1.38,0.08,23.98,32.39,19.84,18.36,55.29,34.79,45.87
2020-04-28,1298,1467,1137,1008,678.9,98.0,305.8,134.8,52.0,1.52,0.08,26.02,32.42,20.28,17.84,57.49,35.14,47.39
2020-04-29,1266,1564,1138,971,660.5,96.2,294.8,138.7,53.3,1.3,0.17,25.61,31.48,20.51,17.69,57.69,33.81,47.47
2020-04-30,1240,1488,1095,1015,699.1,95.97,268.9,137.4,52.0,1.31,0.14,25.57,33.08,20.92,18.43,57.41,34.9,50.02
2020-05-01,1209,1381,1123,942,666.7,95.02,294.0,123.1,53.3,1.2,0.13,25.08,32.43,20.33,18.54,54.87,35.21,46.06
2020-05-02,1183,1352,1060,982,659.9,93.2,289.2,132.5,54.6,1.53,0.05,25.01,31.63,19.96,17.55,54.83,34.29,47.3
2020-05-03,1154,1435,1088,977,637.2,93.59,286.4,130.1,53.3,1.23,0.18,25.38,30.59,20.08,17.89,55.21,32.91,46.66
2020-05-04,1218,1401,1062,1005,676.4,95.2,270.1,135.0,53.4,1.38,0.1,24.97,31.17,20.85,17.3,55.65,34.28,47.87
2020-05-05,1292,1573,1192,1022,682.9,97.3,287.9,134.8,53.9,1.52,0.11,26.36,33.03,21.42,18.07,56.59,35.03,48.82
2020-05-06,1265,1806,1202,1016,654.5,97.8,285.7,134.5,51.2,1.45,0.12,26.69,31.34,20.51,17.83,58.12,35.03,47.55
2020-05-07,1225,1306,1006,920,679.1,95.66,279.5,130.2,54.9,1.4,0.11,24.41,31.46,20.7,17.65,55.42,33.7,45.46
2020-05-08,1252,1293,1271,995,668.2,94.01,303.0,137.4,51.6,1.47,0.09,24.15,32.38,20.81,18.47,54.22,36.65,46.52
2020-05-09,1227,1570,1108,948,712.9,92.65,286.3,140.3,53.9,1.31,0.11,25.83,32.1,20.8,18.29,58.06,35.27,47.17
2020-05-10,1263,1452,1042,1037,668.4,103.27,289.8,131.3,53.7,1.41,0.13,24.9,30.68,20.5,17.96,55.72,34.16,47.43
2020-05-11,1276,1518,1182,1124,672.1,94.18,296.0,129.5,51.6,1.36,0.13,25.99,32.58,21.02,18.0,55.82,35.12,48.9
2020-05-12,1203,1347,1101,982,656.3,94.41,288.4,133.1,53.9,1.34,0.15,24.85,32.2,20.59,17.76,54.41,34.5,46.84
2020-05-13,1285,1540,1178,944,699.0,98.46,265.8,135.3,53.2,1.38,0.06,25.47,33.01,20.42,17.99,57.07,35.44,46.37
2020-05-14,1380,1952,1342,1081,685.9,99.71,297.3,142.7,54.9,1.47,0.08,27.0,34.06,21.02,19.3,60.1,37.0,47.81
2020-05-15,1351,1789,1296,1081,677.0,99.61,288.1,132.3,52.8,1.49,0.13,26.4,33.45,21.07,19.02,58.19,35.92,47.31
2020-05-16,1334,1767,1250,1066,696.4,96.91,300.8,134.6,52.4,1.34,0.05,26.66,33.66,21.17,18.77,59.21,36.75,47.9
2020-05-17,1352,1492,1278,1044,667.3,98.92,297.2,128.7,51.9,1.28,0.11,25.24,33.32,21.1,18.58,56.52,36.07,48.53
2020-05-18,1372,1558,1263,1102,699.8,98.82,301.7,143.3,50.3,1.3,0.07,26.53,32.11,21.29,18.59,58.35,36.14,49.17
2020-05-19,1408,1374,1423,1063,721.6,98.5,288.8,139.8,52.0,1.52,0.12,25.25,35.41,21.67,19.15,55.61,38.23,48.78
2020-05-20,1512,1831,1309,1152,716.0,101.66,314.2,139.9,52.0,1.5,0.07,28.18,34.44,21.99,19.15,61.51,37.08,49.12
2020-05-21,1504,2093,1415,1222,716.1,103.55,324.8,136.2,52.6,1.29,0.09,28.04,34.63,21.73,19.72,62.86,38.08,50.49
2020-05-22,1465,1953,1370,1114,714.9,100.2,322.9,135.5,50.6,1.5,0.09,27.91,33.48,21.73,19.91,60.62,37.34,50.17
2020-05-23,1397,1728,1348,1134,719.2,99.06,310.0,140.2,51.9,1.3,0.11,27.38,34.49,20.99,19.13,59.3,37.07,50.42
2020-05-24,1363,1698,1208,1025,707.5,101.18,290.0,133.1,52.9,1.4,0.14,27.13,33.35,20.83,18.66,57.68,35.98,48.45
2020-05-25,1365,1610,1153,1162,696.2,100.95,310.9,138.0,52.9,1.29,0.14,26.12,32.39,21.87,18.6,56.78,35.06,49.8
2020-05-26,1459,1896,1370,1121,714.7,104.12,316.8,148.4,49.8,1.53,0.11,28.19,34.56,21.67,19.64,62.11,37.78,48.82
2020-05-27,1435,1936,1354,1129,684.9,95.36,307.5,138.2,52.9,1.31,0.06,27.94,34.44,20.92,18.81,59.93,37.42,48.86
2020-05-28,1449,1610,1450,1165,711.5,102.25,293.7,136.1,51.7,1.27,0.2,26.16,36.2,21.55,19.52,58.72,38.15,50.66
2020-05-29,1451,1896,1265,1125,685.0,101.52,317.7,141.6,51.7,1.31,0.1,27.56,33.33,20.65,18.48,60.0,36.71,48.87
2020-05-30,1514,2107,1497,1205,702.2,98.85,312.1,136.9,49.0,1.57,0.11,28.89,35.37,21.61,19.45,62.4,38.64,51.57
2020-05-31,1643,2118,1733,1325,676.9,103.83,333.8,152.2,53.6,1.39,0.11,28.11,36.12,22.61,20.92,62.03,39.38,52.17
2020-06-01,1616,2261,1492,1324,725.9,105.39,328.6,150.2,52.0,1.28,0.11,30.28,35.27,22.7,19.9,62.92,38.84,52.24
2020-06-02,1591,2569,1399,1296,707.3,100.28,337.6,143.3,49.9,1.3,0.07,30.46,34.5,22.6,19.34,67.45,36.76,51.62
2020-06-03,1644,2174,1519,1287,740.0,104.33,330.2,141.8,52.1,1.23,0.12,29.43,36.52,22.8,20.18,63.95,38.95,53.72
2020-06-04,1678,2325,1587,1314,733.2,105.95,334.8,144.6,52.0,1.41,0.17,29.48,36.73,22.89,20.35,64.78,38.68,53.06
2020-06-05,1771,2280,1729,1521,755.0,102.58,357.9,147.7,53.0,1.28,0.05,30.08,38.64,24.5,21.02,65.69,40.67,55.51
2020-06-06,1798,2509,1660,1464,725.0,105.33,343.0,151.1,51.1,1.47,0.1,30.3,35.98,23.56,20.33,65.99,38.99,54.25
2020-06-07,1776,2523,1819,1343,754.4,106.1,352.4,153.2,51.5,1.44,0.06,31.03,37.66,23.5,21.92,67.59,41.97,53.45
2020-06-08,1803,2522,1620,1420,773.5,103.78,347.3,145.6,50.6,1.37,0.74,30.73,37.71,23.07,20.62,67.85,39.98,54.68
2020-06-09,1856,2371,1617,1435,759.5,104.41,346.8,155.2,52.1,1.48,0.75,30.83,37.66,24.11,20.38,66.77,40.38,53.91
2020-06-10,1893,2696,1911,1474,764.2,106.85,359.1,154.7,50.3,1.46,0.71,32.2,39.15,23.64,21.87,69.06,42.25,54.87
2020-06-11,1914,3006,1624,1423,757.2,109.51,366.9,150.7,50.2,1.4,0.73,33.83,34.71,23.36,21.32,70.98,39.02,53.5
2020-06-12,1962,2883,1864,1508,752.4,109.87,377.7,149.7,51.1,1.33,0.7,32.64,38.25,23.89,21.37,70.75,41.49,55.69
2020-06-13,2015,3107,2241,1686,777.7,106.91,384.8,156.0,49.6,1.43,0.64,34.56,41.9,25.61,23.56,72.96,44.81,57.82
2020-06-14,2078,2950,2004,1656,750.8,111.65,377.8,153.0,53.0,1.43,0.74,33.08,39.16,24.62,22.1,69.76,42.79,57.42
2020-06-15,2102,3237,1917,1473,769.8,108.3,375.1,162.0,53.3,1.44,0.75,34.66,39.36,23.87,22.04,74.19,43.18,54.46
2020-06-16,2084,3087,2006,1702,747.5,106.09,378.4,152.9,50.4,1.4,0.76,34.5,40.52,24.81,22.43,71.75,43.6,58.28
2020-06-17,2082,2786,2005,1693,763.3,109.18,371.3,159.5,49.2,1.42,0.64,32.27,40.52,25.27,21.76,70.21,42.89,58.45
2020-06-18,2134,3197,2082,1636,789.4,113.68,385.0,158.4,51.2,1.42,0.71,35.15,41.16,25.35,22.53,73.65,43.39,56.63
2020-06-19,2082,2776,2077,1668,781.5,111.73,378.0,155.1,50.2,1.5,0.73,32.82,40.57,25.74,22.99,69.55,43.49,57.47
2020-06-20,2091,2880,1915,1573,775.7,110.22,387.6,157.2,52.1,1.28,0.8,32.81,39.09,25.38,22.04,71.95,42.75,56.29
2020-06-21,2061,3019,2155,1576,774.0,108.73,360.6,161.1,49.7,1.3,0.82,33.13,41.43,24.86,23.04,72.87,44.29,55.67
2020-06-22,2053,3028,2003,1696,742.2,108.67,371.4,151.8,51.2,1.38,0.76,32.91,39.49,25.13,22.31,71.47,41.87,57.08
2020-06-23,2108,2773,2111,1623,771.1,110.74,377.8,156.4,50.7,1.32,0.8,32.95,40.72,24.52,22.5,70.38,43.7,57.35
2020-06-24,2106,3321,1972,1517,766.4,107.78,393.0,155.0,49.7,1.39,0.8,35.65,38.84,24.85,22.48,75.25,43.46,55.39
2020-06-25,2097,3184,2156,1629,765.7,109.45,373.5,157.6,50.7,1.28,0.91,34.35,40.58,24.94,23.16,73.47,44.37,55.94
2020-06-26,2017,2726,1916,1569,775.5,108.56,375.0,152.8,51.4,1.28,0.82,32.39,39.72,24.55,22.08,68.94,42.53,56.94
2020-06-27,2045,2581,1998,1671,756.7,106.14,375.4,149.2,50.4,1.52,0.82,31.75,39.1,25.14,22.33,68.22,42.65,56.79
2020-06-28,2067,2951,1901,1611,763.1,107.76,387.3,152.7,50.3,1.33,0.81,33.25,39.18,24.56,22.2,72.09,41.97,56.29
2020-06-29,2166,3066,1994,1655,751.9,112.37,395.1,166.1,49.1,1.27,0.78,34.05,39.76,24.19,21.96,72.49,43.01,57.98
2020-06-30,2137,3152,2140,1732,775.7,110.95,388.1,159.8,51.5,1.35,0.89,34.41,41.21,25.69,23.12,73.52,44.33,58.64
2020-07-01,2136,3030,2021,1670,763.6,110.13,382.5,159.6,51.3,1.44,0.85,33.64,40.21,25.48,22.87,72.48,43.52,56.92
2020-07-02,2136,2620,1979,1612,781.2,108.63,372.2,157.7,49.5,1.45,0.86,31.63,40.2,25.09,22.5,68.88,43.36,56.4
2020-07-03,2204,3155,2071,1791,773.3,115.86,396.8,160.4,49.8,1.24,0.88,33.9,40.12,25.81,22.56,74.17,43.69,59.62
2020-07-04,2186,3141,2195,1712,787.1,109.55,397.0,158.4,51.6,1.29,0.82,33.11,40.81,25.52,23.93,74.65,45.06,58.95
2020-07-05,2187,3385,2055,1699,783.5,112.3,380.3,162.2,48.4,1.37,0.96,35.95,40.03,25.46,22.71,74.81,43.42,57.88
2020-07-06,2205,3076,2128,1725,812.7,110.71,385.1,161.0,50.5,1.35,0.82,34.33,41.8,25.86,23.59,74.64,44.73,58.37
2020-07-07,2201,3687,2138,1636,794.7,111.97,396.6,155.8,49.0,1.22,0.97,36.82,40.64,25.15,22.94,80.21,45.21,57.92
2020-07-08,2166,2693,1898,1648,755.6,112.49,393.1,160.6,51.8,1.22,0.9,31.16,38.39,24.89,22.1,69.32,42.06,57.33
2020-07-09,2163,3508,1942,1682,764.0,107.88,382.2,149.7,49.6,1.25,0.89,35.53,38.83,25.61,21.86,76.92,42.42,57.33
2020-07-10,2206,3201,2177,1700,788.5,111.93,390.5,162.3,51.0,1.19,0.94,34.36,40.51,25.6,23.27,73.81,44.85,57.64
2020-07-11,2141,3346,1996,1750,766.5,113.95,372.8,153.3,48.5,1.28,0.9,34.75,39.21,25.56,22.08,74.55,42.41,58.42
2020-07-12,2136,3142,2177,1676,735.5,115.31,398.0,158.4,47.9,1.41,0.96,33.9,41.14,25.05,23.32,72.12,44.01,57.13
2020-07-13,2090,3307,2116,1683,795.0,109.88,371.2,152.8,49.1,1.25,0.94,35.28,40.73,25.63,22.91,75.08,45.23,57.95
2020-07-14,2141,3033,2147,1666,791.3,111.08,391.8,158.9,49.6,1.4,0.95,33.39,40.38,25.59,22.75,71.97,44.16,58.12
2020-07-15,2053,2698,2159,1668,778.4,115.17,377.0,158.8,48.6,1.3,0.97,31.72,40.89,24.97,23.05,69.51,44.58,57.92
2020-07-16,2016,3214,1932,1598,757.2,111.91,383.3,161.5,50.1,1.27,0.93,33.83,39.44,24.49,22.09,74.08,42.33,57.1
2020-07-17,2027,2881,2015,1582,774.0,107.7,368.0,149.7,48.8,1.15,0.97,33.75,39.12,24.45,22.39,70.18,43.23,56.35
2020-07-18,2099,3101,1968,1633,765.1,108.79,383.1,161.7,46.5,1.38,0.96,34.53,40.04,25.12,21.89,72.87,42.71,56.32
2020-07-19,2087,3323,2262,1563,777.4,112.55,367.6,158.0,49.6,1.29,0.98,34.76,41.16,24.84,23.75,75.11,45.59,56.41
2020-07-20,2050,2710,2172,1631,756.5,107.08,361.5,154.7,47.9,1.15,0.93,31.24,40.72,24.42,23.28,68.91,43.65,57.8
2020-07-21,2139,3275,2071,1661,803.0,113.66,392.0,161.9,48.4,1.32,0.98,35.23,40.67,25.5,22.37,75.66,44.5,57.11
2020-07-22,2057,2826,2022,1571,747.5,110.54,363.5,155.7,50.7,1.22,0.91,32.47,39.41,24.81,21.95,70.15,42.92,54.5
2020-07-23,1939,2710,1985,1583,776.1,109.19,362.4,156.3,50.9,1.25,0.87,32.39,39.82,24.65,22.25,69.41,42.18,56.59
2020-07-24,1957,2789,1863,1452,760.2,107.53,374.4,150.0,48.0,1.27,0.89,32.73,39.12,23.96,21.51,70.65,42.04,54.54
2020-07-25,1927,2390,1785,1481,748.8,106.13,368.8,150.6,49.3,1.34,0.94,30.65,37.97,24.14,21.42,66.53,41.12,54.73
2020-07-26,1871,2448,1865,1525,752.3,110.49,351.2,155.4,47.9,1.14,0.96,30.33,38.32,23.8,22.17,67.84,41.31,55.31
2020-07-27,1904,2962,1829,1509,764.6,106.74,347.6,158.5,48.2,1.27,0.95,33.4,38.77,24.26,21.45,71.48,41.74,56.14
2020-07-28,1914,2882,1849,1494,775.2,106.48,365.5,152.6,47.8,1.33,0.98,33.39,38.95,24.61,22.21,70.91,41.33,55.57
2020-07-29,1882,2618,1724,1488,755.8,106.82,368.6,140.8,46.4,1.42,0.9,31.31,37.32,23.85,20.63,68.16,40.36,55.59
2020-07-30,1815,2554,1580,1434,730.0,106.44,344.9,149.3,48.5,1.29,0.98,31.11,36.24,23.75,20.41,67.85,39.19,52.41
2020-07-31,1859,2526,1795,1368,749.2,104.07,348.7,151.4,48.7,1.24,0.98,30.88,37.69,23.33,21.13,67.22,40.31,53.22
2020-08-01,1890,2933,1889,1459,779.2,105.72,354.5,151.2,47.5,1.23,0.98,34.12,38.77,23.88,22.07,71.62,41.78,54.78
2020-08-02,1883,2591,1779,1569,771.4,105.48,362.5,153.3,49.5,1.33,0.98,31.13,38.69,24.57,20.89,69.88,40.88,55.02
2020-08-03,1975,2860,2033,1502,775.4,110.57,378.2,152.5,47.6,1.2,0.88,33.41,40.41,24.12,22.1,70.01,43.46,55.75
2020-08-04,1918,2946,1772,1481,767.1,105.35,351.9,156.2,47.3,1.27,0.97,32.57,38.56,23.82,21.5,71.71,41.48,55.2
2020-08-05,1838,2390,1660,1410,756.5,101.94,340.8,146.0,48.7,1.37,0.97,31.28,37.52,23.53,20.63,66.31,39.77,53.91
2020-08-06,1802,2791,1709,1409,759.2,100.84,367.5,154.7,46.2,1.17,0.98,31.98,37.15,23.65,20.94,69.72,40.16,54.17
2020-08-07,1800,2173,1705,1379,734.7,102.04,347.1,155.9,49.0,1.02,0.97,29.38,37.7,23.2,21.37,63.2,40.29,53.41
2020-08-08,1812,2825,1791,1449,722.6,109.31,351.8,146.3,47.4,1.11,0.95,31.5,37.49,23.44,21.12,68.7,40.75,54.52
2020-08-09,1799,2401,1645,1422,742.4,105.74,342.8,146.0,49.1,1.2,0.95,29.9,37.34,23.62,20.91,65.77,39.52,54.41
2020-08-10,1816,2458,1848,1468,731.1,107.23,354.2,151.7,49.4,1.11,0.98,30.93,38.12,23.85,21.15,66.58,42.19,54.51
2020-08-11,1752,2027,1825,1318,720.1,106.29,350.8,143.6,48.5,1.13,0.9,28.87,38.01,22.44,20.79,62.79,41.01,53.7
2020-08-12,1825,2431,1735,1411,733.6,106.25,353.7,148.4,46.7,1.15,0.94,30.57,37.57,23.33,20.91,64.82,40.35,53.28
2020-08-13,1819,2304,1841,1414,781.1,105.84,364.6,154.6,46.2,1.21,0.9,30.76,39.29,23.26,21.3,65.46,41.82,53.97
2020-08-14,1874,2489,1696,1494,752.2,109.5,354.3,154.6,45.9,1.1,0.91,31.38,36.58,23.98,20.72,67.47,40.93,55.79
2020-08-15,1889,2615,1903,1432,757.3,107.49,356.5,160.0,48.9,1.13,0.8,31.33,38.19,23.78,21.88,68.76,42.39,55.59
2020-08-16,1909,2888,1923,1548,735.9,110.94,362.7,153.3,47.4,1.29,0.87,32.04,39.13,24.34,21.69,69.06,41.06,54.98
2020-08-17,1935,2776,1934,1584,729.5,109.38,367.5,150.9,46.8,1.14,0.88,32.0,38.96,24.35,21.82,69.55,41.57,56.47
2020-08-18,1953,2834,1872,1466,747.0,106.58,367.7,154.0,47.3,1.24,0.88,32.25,38.21,23.99,21.78,69.92,41.49,54.32
2020-08-19,1981,2573,1622,1517,784.0,107.31,358.8,154.0,48.7,1.18,0.88,31.89,37.52,24.45,20.52,69.23,40.35,56.41
2020-08-20,2044,2733,1906,1559,774.5,107.68,378.7,155.7,48.3,1.19,0.84,32.57,38.55,24.37,21.68,69.23,42.73,56.72
2020-08-21,2047,3371,1911,1764,778.9,112.6,373.6,156.3,47.9,1.25,0.87,35.06,40.99,25.39,21.36,74.49,41.99,58.46
2020-08-22,2076,2827,1906,1589,784.3,108.98,375.3,153.4,48.1,1.04,0.92,33.18,40.06,24.75,21.93,70.69,42.53,58.02
2020-08-23,2064,3375,2003,1716,762.9,107.82,378.8,158.0,47.5,1.22,0.86,35.42,40.09,25.09,22.48,74.87,43.83,59.11
2020-08-24,2129,3048,2017,1573,800.0,111.6,378.5,153.0,47.6,1.24,0.92,34.39,40.48,24.84,23.06,73.04,43.7,56.45
2020-08-25,2086,3024,1931,1560,764.8,109.91,372.1,154.6,47.5,1.25,0.91,33.41,38.98,24.35,22.04,71.79,42.11,56.26
2020-08-26,2169,3459,1991,1640,804.7,112.13,369.9,159.2,47.2,1.17,0.83,36.36,39.67,25.41,22.96,78.13,42.89,58.5
2020-08-27,2157,3484,2015,1620,788.9,115.94,403.4,150.3,48.0,1.19,0.87,36.18,40.2,25.05,22.64,75.53,43.25,56.24
2020-08-28,2074,2973,2114,1599,746.1,112.25,384.2,160.2,47.5,0.98,0.79,33.37,39.91,24.67,22.61,70.51,43.04,56.2
2020-08-29,2072,2902,1933,1568,761.5,110.0,378.5,148.8,46.0,1.12,0.79,33.64,38.85,24.64,21.78,70.63,42.22,55.17
2020-08-30,2028,2896,1902,1530,740.9,105.74,369.1,158.5,47.7,1.18,0.83,32.83,38.01,24.06,20.96,70.31,42.12,55.66
2020-08-31,2061,3055,1943,1681,789.0,108.53,355.3,151.6,47.3,1.29,0.84,33.76,39.86,25.33,22.59,73.51,42.95,58.14
2020-09-01,2019,3098,1976,1652,766.3,110.9,367.5,154.0,47.7,1.31,0.88,33.49,39.45,25.15,22.16,73.36,42.59,57.03
2020-09-02,1987,2831,1953,1610,729.6,105.71,375.4,156.8,46.8,1.13,0.8,32.71,39.19,25.18,22.21,70.17,41.17,55.01
2020-09-03,1882,2761,1525,1504,756.7,112.36,365.3,160.7,47.9,1.2,0.81,32.41,36.45,23.82,19.98,69.9,39.58,54.94
2020-09-04,1851,2910,1856,1456,739.4,106.56,359.4,151.5,46.8,1.12,0.8,33.41,38.48,23.72,22.21,69.16,41.29,54.67
2020-09-05,1721,2402,1747,1326,710.0,104.58,340.9,139.6,47.7,0.98,0.86,29.24,38.46,22.38,20.72,63.99,40.2,52.16
2020-09-06,1635,2230,1460,1240,747.3,101.4,340.6,148.9,46.3,1.14,0.83,30.08,36.02,22.6,19.72,65.51,38.06,52.71
2020-09-07,1669,1965,1499,1333,727.8,104.86,331.3,145.1,46.3,1.24,0.79,28.16,34.97,22.73,19.87,62.63,38.3,53.34
2020-09-08,1704,1816,1576,1277,725.9,101.28,346.4,147.3,47.5,1.07,0.79,27.41,36.36,22.58,20.28,60.98,38.78,52.61
2020-09-09,1719,2401,1567,1298,726.1,109.84,336.4,149.7,46.4,1.03,0.77,29.94,36.04,22.78,20.17,65.02,38.34,51.89
2020-09-10,1664,2211,1588,1371,702.9,106.83,326.3,137.0,49.4,1.09,0.79,29.45,35.2,22.77,19.94,63.08,38.34,52.74
2020-09-11,1656,2122,1410,1404,705.1,105.87,324.4,145.7,47.4,1.08,0.77,28.96,33.9,22.58,18.84,62.32,37.44,52.41
2020-09-12,1650,2245,1469,1321,743.2,99.84,323.3,143.9,46.7,1.29,0.72,29.28,35.84,23.44,19.69,64.01,38.67,52.1
2020-09-13,1585,2077,1604,1307,709.2,102.77,330.0,148.7,47.7,1.15,0.73,28.62,36.43,22.88,20.53,62.5,38.68,52.65
2020-09-14,1657,2415,1491,1292,725.1,106.45,326.6,148.6,46.1,1.09,0.72,30.58,34.98,22.65,19.61,67.2,37.8,51.41
2020-09-15,1695,2300,1703,1263,698.6,105.53,328.6,140.3,47.7,0.86,0.71,29.52,37.13,22.03,20.01,63.61,39.44,50.42
2020-09-16,1677,2117,1613,1353,707.4,101.25,340.5,151.4,47.7,1.07,0.68,29.16,36.26,22.89,19.91,63.52,39.45,52.51
2020-09-17,1672,2420,1436,1347,735.7,102.05,336.9,148.0,48.1,1.23,0.11,30.33,35.86,23.19,19.71,65.41,37.67,52.84
2020-09-18,1676,2211,1634,1323,732.7,102.61,342.4,140.1,46.1,1.09,0.08,28.55,37.2,23.16,20.29,63.06,39.64,52.54
2020-09-19,1566,2138,1460,1225,740.2,100.42,326.6,143.4,45.1,1.13,0.08,29.28,35.42,22.72,19.79,64.41,38.07,53.05
2020-09-20,1548,1943,1418,1271,732.0,105.46,314.6,146.9,45.8,1.09,0.1,28.28,35.89,22.96,19.39,61.65,38.51,51.43
2020-09-21,1508,1850,1427,1147,703.6,96.18,316.9,136.8,46.2,1.01,0.11,27.57,34.15,21.19,19.75,61.09,37.3,50.24
2020-09-22,1453,1868,1385,1117,707.5,101.69,311.3,145.6,48.5,1.18,0.15,28.02,35.66,21.5,19.45,61.5,37.62,49.73
2020-09-23,1435,1826,1382,1093,693.4,96.52,301.0,133.5,49.2,1.06,0.13,26.43,33.79,21.63,19.84,59.51,37.55,49.69
2020-09-24,1523,2052,1509,1209,739.6,98.82,309.0,138.9,46.9,1.0,0.14,28.71,35.82,22.1,19.95,63.9,39.54,50.99
2020-09-25,1551,1982,1483,1172,729.4,96.66,315.5,139.0,46.5,1.06,0.17,27.99,35.22,22.45,19.79,61.45,37.73,50.67
2020-09-26,1516,1677,1321,1167,710.6,99.74,333.5,147.4,46.1,1.17,0.08,26.25,33.86,22.43,19.42,58.28,36.14,50.4
2020-09-27,1541,1938,1409,1184,713.9,105.29,316.5,140.6,47.5,0.94,0.13,27.94,36.2,22.37,19.57,62.0,38.16,49.74
2020-09-28,1607,2260,1734,1254,740.5,103.27,336.9,139.7,49.1,1.09,0.13,30.05,37.26,22.82,20.71,63.7,41.04,50.93
2020-09-29,1647,2146,1610,1221,732.3,100.28,327.8,147.3,48.6,1.08,0.11,29.27,36.9,22.24,20.58,63.56,39.13,51.43
2020-09-30,1644,2148,1733,1300,746.6,105.75,338.2,148.0,47.9,0.95,0.14,29.05,37.46,23.01,21.15,64.86,39.01,53.49
2020-10-01,1604,2288,1614,1329,685.6,105.65,334.0,147.0,47.8,1.13,0.1,29.18,36.27,22.13,19.52,64.41,38.76,51.47
2020-10-02,1634,2050,1558,1295,729.0,103.31,337.6,144.0,47.5,1.09,0.13,29.04,35.77,22.51,19.98,62.34,38.22,52.11
2020-10-03,1647,1927,1577,1378,715.9,108.36,334.6,146.5,46.4,1.15,0.05,28.22,36.11,22.86,20.21,61.92,38.51,53.62
2020-10-04,1686,2239,1591,1398,754.6,105.96,346.8,143.9,45.6,1.17,0.1,29.62,36.98,23.55,20.95,64.21,39.74,53.92
2020-10-05,1712,2225,1479,1388,754.4,106.02,341.7,153.9,46.5,1.08,0.13,29.53,35.49,23.36,20.27,64.4,38.93,54.36
2020-10-06,1758,2213,1670,1385,737.1,103.04,357.5,153.1,47.0,1.05,0.14,28.83,38.36,23.38,20.53,64.44,40.77,55.07
2020-10-07,1723,2302,1730,1356,755.5,106.05,326.9,151.9,44.8,0.97,0.07,29.97,38.03,23.57,20.88,65.83,40.56,53.19
2020-10-08,1782,2540,1643,1442,766.2,105.98,349.3,152.4,46.3,1.05,0.1,30.67,37.11,23.66,21.06,67.19,39.75,54.68
2020-10-09,1784,2446,1731,1379,740.8,106.77,349.0,151.3,45.5,1.1,0.06,31.45,37.13,23.35,20.25,67.7,40.97,53.72
2020-10-10,1882,2695,1875,1362,788.1,105.29,350.2,146.9,47.8,1.04,0.08,32.0,39.28,23.51,21.7,68.56,42.58,55.22
2020-10-11,1837,2916,1672,1469,745.4,106.63,357.4,153.2,45.9,1.16,0.61,33.29,36.51,23.89,21.2,70.63,39.95,54.57
2020-10-12,1917,2623,1794,1432,751.9,105.52,349.8,153.3,47.0,1.05,0.66,32.3,38.99,23.89,21.41,68.38,41.2,54.79
2020-10-13,1918,2759,1743,1442,768.2,102.2,356.6,157.9,45.7,0.98,0.68,32.48,38.19,24.16,21.02,68.65,40.86,55.04
2020-10-14,1876,2512,1718,1469,745.0,109.41,341.1,155.0,48.5,1.07,0.67,30.94,37.4,24.03,20.6,68.01,40.83,54.59
2020-10-15,1843,2384,1644,1439,747.8,102.64,365.8,153.0,44.6,1.13,0.66,29.9,37.47,23.81,20.93,65.54,40.8,54.09
2020-10-16,1819,2395,1654,1346,764.9,106.29,348.8,143.4,47.2,1.01,0.7,30.48,36.92,22.91,20.88,66.7,39.94,53.26
2020-10-17,1833,2442,1871,1447,745.7,107.08,369.6,150.2,45.1,1.04,0.82,31.31,37.99,23.39,21.52,66.73,41.89,56.23
2020-10-18,1853,2650,1687,1508,722.2,107.37,360.9,148.9,46.0,1.07,0.68,31.48,36.81,23.58,20.76,66.62,39.11,53.67
2020-10-19,1817,2979,1741,1360,749.0,105.27,354.0,151.1,46.9,1.07,0.71,33.19,37.74,23.38,21.13,70.49,40.19,52.58
2020-10-20,1809,2351,1679,1491,732.2,106.54,344.8,148.3,47.0,1.14,0.78,30.61,37.24,23.44,20.72,66.43,40.26,54.76
2020-10-21,1912,2598,1938,1402,767.5,108.65,352.8,151.6,47.0,1.18,0.82,31.93,38.64,23.77,21.64,68.41,42.52,54.47
2020-10-22,1992,2827,2040,1687,774.1,110.56,374.5,156.7,46.9,1.11,0.84,32.72,39.99,25.34,22.2,68.74,42.9,58.09
2020-10-23,2006,2959,2013,1540,787.3,113.27,371.4,153.5,46.0,1.07,0.83,33.63,38.68,24.01,22.72,71.92,43.46,55.87
2020-10-24,2000,2916,1953,1570,778.2,109.42,360.5,155.6,46.6,1.16,0.78,32.93,39.06,24.34,22.35,71.49,43.28,55.93
2020-10-25,1998,3146,1899,1442,780.7,108.97,358.9,149.0,46.8,1.19,0.84,34.1,39.65,24.31,22.1,73.72,41.74,54.93
2020-10-26,2022,2336,1830,1573,757.0,106.91,366.1,152.4,47.1,1.29,0.79,30.23,38.92,24.7,21.34,64.5,42.42,56.66
2020-10-27,1963,2252,2066,1547,772.3,109.35,381.5,156.7,46.8,1.24,0.89,30.34,39.81,24.24,22.82,65.58,43.91,55.54
2020-10-28,1943,2638,1792,1513,787.6,109.63,382.4,148.6,47.7,1.05,0.9,31.57,38.46,24.13,21.49,68.79,42.04,56.18
2020-10-29,1852,2801,1826,1419,737.3,106.07,356.1,156.1,47.0,1.12,0.88,32.25,38.13,22.75,21.73,69.52,41.2,53.57
2020-10-30,1868,2279,1879,1408,776.5,108.16,357.4,155.4,47.2,1.17,0.84,30.13,39.63,24.22,21.64,66.31,43.11,53.7
2020-10-31,1897,2019,1764,1551,744.5,106.51,356.8,151.2,46.5,1.08,0.86,28.35,38.54,24.27,20.99,63.09,41.31,54.82
2020-11-01,1868,2723,1876,1464,736.6,108.46,348.7,163.5,45.7,1.11,0.83,31.7,38.54,24.29,21.49,69.66,41.39,54.94
2020-11-02,1944,2801,1934,1613,762.5,110.25,375.8,158.5,47.2,1.21,0.9,31.59,39.15,24.7,22.23,71.61,42.82,56.35
2020-11-03,1876,2391,1947,1438,761.1,109.17,372.1,148.0,48.5,1.17,0.98,30.32,38.63,23.89,22.01,65.7,42.15,55.37
2020-11-04,1798,2278,1670,1386,755.0,105.98,341.1,152.6,47.6,1.14,0.89,29.59,37.3,23.73,20.86,65.07,40.13,53.86
2020-11-05,1807,2297,1609,1464,727.9,103.23,348.6,150.1,46.1,1.09,0.88,29.68,37.44,24.14,20.26,65.27,40.09,53.38
2020-11-06,1857,2607,1728,1360,754.7,105.09,351.4,148.1,48.1,1.03,0.9,30.62,38.31,23.47,21.16,68.09,40.91,53.85
2020-11-07,1939,2602,1878,1442,747.3,109.39,360.9,149.2,46.8,1.14,0.84,31.5,38.73,23.7,21.61,66.02,42.09,53.89
2020-11-08,1911,2793,1835,1561,732.1,113.59,370.6,156.7,48.1,1.16,0.83,32.48,38.25,24.21,21.1,69.02,41.77,55.2
2020-11-09,1962,2147,1846,1461,746.3,107.4,356.4,151.7,46.8,1.06,0.84,29.27,38.05,23.48,21.53,64.83,41.77,55.25
2020-11-10,1955,2580,1696,1416,748.1,109.28,369.8,153.5,47.7,1.18,0.9,31.53,37.15,23.45,20.94,66.78,39.96,53.31
2020-11-11,1941,2496,1905,1631,765.7,106.54,370.3,149.8,46.7,1.21,0.86,30.95,39.19,24.9,22.59,67.68,43.1,56.72
2020-11-12,1981,2762,2091,1461,779.7,106.11,367.9,151.6,46.8,1.13,0.83,31.92,40.75,24.51,22.57,68.88,44.2,54.65
2020-11-13,2009,2749,1977,1579,743.4,107.28,379.4,154.8,45.5,1.22,0.85,32.05,39.81,24.27,21.75,69.7,42.76,55.18
2020-11-14,1922,2880,1897,1508,761.0,102.43,363.5,154.6,48.1,1.2,0.88,33.14,39.47,24.5,21.9,70.89,42.16,55.16
2020-11-15,1992,2418,1970,1380,746.0,112.1,380.1,144.5,47.9,1.17,0.82,30.03,39.55,23.33,21.7,65.9,43.01,53.1
2020-11-16,2056,2975,2021,1585,780.3,104.11,365.5,156.7,48.0,1.17,0.74,33.35,39.68,25.14,22.15,71.79,44.36,56.61
2020-11-17,2017,3017,2031,1601,757.1,108.43,370.3,152.6,47.9,1.17,0.68,33.35,39.42,24.85,21.9,70.74,42.92,56.83
2020-11-18,2029,3345,1993,1605,752.1,106.34,374.0,161.5,46.7,1.14,0.67,36.03,39.11,24.8,21.9,75.19,43.27,55.94
2020-11-19,2046,2832,1941,1653,781.8,107.34,355.2,168.1,48.8,1.24,0.76,32.98,39.73,25.44,21.94,70.32,42.82,56.72
2020-11-20,2051,3032,1899,1574,761.6,113.06,368.4,155.1,48.9,1.15,0.67,32.81,38.0,24.79,21.44,72.4,41.16,56.62
2020-11-21,2014,2468,1914,1616,761.5,109.56,366.4,148.6,46.8,1.15,0.72,30.12,39.11,25.08,21.81,66.49,41.57,56.27
2020-11-22,1972,2265,1923,1497,728.0,105.99,375.6,154.8,48.4,1.25,0.64,29.93,39.38,24.46,20.95,66.01,42.02,55.69
2020-11-23,1962,2971,1853,1446,774.4,106.78,361.2,153.3,48.9,1.19,0.66,34.44,39.2,24.45,21.89,72.97,42.51,54.77
2020-11-24,2013,2879,1967,1489,778.3,107.12,366.1,163.3,47.3,1.22,0.65,32.96,39.58,24.37,22.07,72.64,43.26,55.52
2020-11-25,2030,3189,1998,1491,768.1,109.19,381.3,162.6,47.6,1.09,0.57,34.23,39.48,24.02,22.16,75.12,43.41,54.02
2020-11-26,2001,2544,2004,1625,741.8,109.28,358.4,158.6,48.6,1.18,0.13,31.26,39.88,24.75,22.27,66.83,43.95,55.7
2020-11-27,2030,3034,2080,1487,786.1,114.03,358.1,153.6,46.2,1.37,0.07,33.55,40.84,23.71,22.87,72.13,44.22,54.38
2020-11-28,1874,3006,1797,1483,740.1,102.09,353.9,154.4,46.8,1.07,0.07,32.17,37.82,24.1,21.05,72.64,40.89,54.87
2020-11-29,1922,2798,1721,1487,748.9,107.55,350.8,154.1,47.0,1.36,0.13,32.76,37.23,23.64,21.14,69.57,40.5,54.88
2020-11-30,1823,2577,1707,1424,779.0,105.3,339.9,151.3,46.0,1.23,0.13,31.44,37.91,24.22,21.65,69.18,41.76,55.23
2020-12-01,1796,2470,1712,1486,730.5,108.01,352.6,143.3,49.6,1.16,0.12,31.03,37.03,24.38,20.52,65.88,39.57,55.0
2020-12-02,1729,2051,1488,1336,744.4,105.48,347.6,152.0,45.9,1.18,0.06,28.55,36.16,22.67,20.24,62.66,39.3,53.64
2020-12-03,1654,2450,1669,1335,732.9,104.86,338.6,146.1,48.8,1.28,0.08,30.6,37.53,22.98,20.33,66.79,39.92,52.66
2020-12-04,1705,2190,1625,1343,736.3,105.07,346.8,146.7,49.4,1.02,0.13,29.74,35.96,22.75,20.86,62.68,39.2,53.02
2020-12-05,1672,2333,1609,1309,730.8,101.34,344.2,143.8,48.1,1.31,0.19,30.42,35.83,22.32,20.19,65.69,38.68,52.79
2020-12-06,1681,1975,1696,1445,733.2,106.84,318.2,143.2,47.7,1.22,0.17,28.47,37.78,23.56,20.55,62.48,40.86,53.62
2020-12-07,1669,2025,1526,1238,730.2,105.61,337.5,147.3,48.9,1.28,0.08,28.64,35.91,22.64,20.4,62.09,38.32,51.03
2020-12-08,1683,2522,1636,1393,727.1,106.14,331.2,139.5,48.6,1.07,0.07,31.06,36.02,23.48,20.7,66.69,39.59,54.27
2020-12-09,1677,2189,1575,1355,749.8,106.91,328.8,149.4,49.9,1.19,0.17,29.74,36.97,23.3,20.21,64.55,38.96,52.32
2020-12-10,1602,2362,1492,1240,698.5,103.57,331.0,140.0,45.6,1.01,0.12,29.22,35.28,21.67,19.7,64.65,38.96,51.22
2020-12-11,1643,2176,1489,1379,738.4,106.9,317.2,137.1,47.7,1.31,0.08,28.85,36.79,23.32,19.76,64.48,38.64,53.64
2020-12-12,1608,1813,1638,1175,731.3,103.57,313.1,151.7,49.5,1.13,0.11,26.76,36.54,21.67,20.05,60.09,38.97,50.21
2020-12-13,1519,2110,1394,1177,718.8,100.61,322.5,138.5,49.0,1.12,0.05,29.13,35.26,21.59,19.49,64.76,37.33,50.23
2020-12-14,1489,1827,1438,1122,721.5,100.64,318.1,138.2,49.9,1.04,0.14,27.39,34.34,21.44,19.52,60.36,38.63,49.83
2020-12-15,1557,2150,1323,1251,711.5,101.73,322.7,147.5,49.3,1.24,0.16,29.24,34.77,22.66,18.8,62.93,36.39,51.47
2020-12-16,1591,2101,1583,1200,688.9,101.05,318.3,151.3,48.9,1.22,0.16,28.58,36.1,22.03,20.35,63.32,38.35,50.45
2020-12-17,1564,1796,1544,1257,712.6,105.98,328.3,137.0,48.8,1.16,0.15,26.9,36.5,22.49,19.72,58.71,39.2,51.41
2020-12-18,1537,2027,1446,1206,695.6,102.19,324.8,138.6,52.0,1.24,0.09,28.11,35.29,21.7,19.5,62.86,37.75,50.57
2020-12-19,1512,2301,1397,1173,696.5,101.27,317.3,138.2,51.1,1.15,0.14,29.25,34.34,21.68,19.59,63.97,36.6,50.49
2020-12-20,1609,2213,1544,1289,700.4,103.61,317.8,148.2,49.9,1.09,0.16,28.83,34.93,22.04,19.82,62.88,38.53,51.91
2020-12-21,1619,2136,1698,1263,713.1,110.25,324.9,151.2,49.5,1.21,0.14,29.24,36.52,22.84,20.4,62.16,39.74,52.44
2020-12-22,1631,2354,1401,1230,712.7,100.17,336.4,140.7,50.1,1.38,0.13,30.87,33.78,22.9,19.5,63.93,37.53,51.74
2020-12-23,1673,2283,1642,1465,691.1,101.58,345.0,151.9,50.5,1.33,0.11,29.73,35.63,23.49,20.36,63.36,39.5,53.41
2020-12-24,1675,2286,1510,1293,737.5,100.27,332.0,143.4,50.1,1.29,0.06,29.84,36.04,23.03,20.31,65.12,38.86,52.79
2020-12-25,1652,2014,1557,1186,757.5,102.77,330.0,147.0,48.7,1.28,0.17,29.35,36.44,22.36,20.96,63.56,39.38,51.84
2020-12-26,1633,2212,1519,1244,731.0,103.65,328.6,140.0,51.8,1.23,0.1,30.12,35.68,22.0,19.9,64.29,38.64,51.78
2020-12-27,1620,2327,1493,1213,717.4,101.66,330.7,144.2,50.0,1.32,0.15,29.24,35.0,21.94,19.88,64.36,38.83,50.5
2020-12-28,1610,1988,1514,1312,718.4,101.31,322.7,144.0,52.2,1.31,0.2,28.74,34.68,22.6,19.53,62.75,38.11,52.3
2020-12-29,1639,2431,1457,1308,716.3,103.49,307.4,144.0,50.1,1.26,0.14,30.57,35.21,22.58,19.87,67.45,36.91,50.87
2020-12-30,1633,2156,1618,1308,723.3,101.78,339.5,146.6,49.6,1.29,0.15,29.56,36.58,22.58,20.43,64.45,39.24,52.91
2020-12-31,1662,2067,1428,1290,724.9,104.29,347.5,141.9,51.6,1.15,0.06,29.02,34.54,22.69,19.56,62.42,38.09,52.3
2021-01-01,1602,2285,1547,1250,705.6,105.31,321.6,140.7,50.4,1.23,0.07,29.37,35.35,22.03,19.76,64.37,38.31,51.1
2021-01-02,1602,2068,1482,1245,743.5,104.22,318.0,146.0,50.3,1.18,0.15,29.74,36.48,23.25,19.88,63.6,38.36,51.72
2021-01-03,1497,2048,1316,1181,683.4,102.99,314.0,146.7,48.7,1.16,0.08,28.25,34.18,21.31,18.9,62.47,36.19,50.29
2021-01-04,1541,1962,1458,1259,721.8,104.24,318.4,142.5,51.0,1.31,0.05,28.0,34.47,22.75,19.42,61.44,38.08,52.76
2021-01-05,1556,2026,1346,1246,711.3,102.48,329.5,145.0,49.7,1.18,0.05,28.55,34.2,22.24,19.08,61.26,36.4,51.5
2021-01-06,1604,2204,1512,1291,747.0,102.17,327.2,147.3,49.8,1.35,0.09,29.98,36.71,23.02,20.14,65.27,39.24,53.73
2021-01-07,1454,1900,1258,1176,705.6,98.14,304.1,143.4,49.8,1.35,0.09,27.73,33.41,22.04,18.31,60.97,34.94,50.8
2021-01-08,1559,1715,1496,1276,707.7,100.84,311.3,139.2,51.0,1.28,0.14,27.03,35.14,22.5,19.44,58.37,38.43,51.07
2021-01-09,1550,1842,1385,1239,708.3,100.36,327.7,139.7,48.7,1.24,0.06,27.5,35.02,21.91,19.11,60.76,37.46,51.42
2021-01-10,1604,2277,1474,1284,719.1,104.39,331.5,141.5,50.3,1.38,0.16,29.33,35.78,22.49,20.23,65.61,38.42,52.13
2021-01-11,1548,2000,1472,1282,694.7,102.51,329.1,150.5,51.8,1.34,0.05,27.7,35.37,22.41,19.31,60.76,36.8,50.85
2021-01-12,1578,1986,1424,1213,703.9,103.87,316.1,145.6,49.2,1.4,0.05,27.51,34.56,22.11,19.42,60.76,37.68,50.48
2021-01-13,1522,1761,1420,1163,681.9,98.31,332.5,143.9,51.0,1.21,0.11,27.38,34.67,21.3,18.93,58.84,36.88,49.4
2021-01-14,1489,1752,1285,1124,690.9,104.24,300.3,142.6,50.1,1.28,0.1,26.75,34.24,21.87,18.53,59.47,37.05,49.45
2021-01-15,1586,1750,1537,1261,717.8,101.2,330.4,138.5,50.4,1.3,0.12,25.78,35.7,21.71,19.57,59.68,38.82,51.43
2021-01-16,1575,2051,1609,1151,719.5,99.33,308.2,151.2,52.9,1.33,0.05,28.72,36.07,21.81,20.51,63.18,38.64,50.5
2021-01-17,1584,1985,1696,1274,686.5,101.14,318.2,145.6,49.0,1.37,0.11,28.01,37.02,21.97,20.0,61.07,38.53,51.32
2021-01-18,1627,1994,1539,1277,719.2,109.15,341.7,147.8,52.0,1.34,0.05,27.55,36.78,22.61,20.3,62.59,38.37,52.57
2021-01-19,1650,2191,1618,1359,732.4,102.35,338.5,138.5,50.5,1.45,0.05,29.02,37.59,23.42,20.59,63.45,39.91,53.4
2021-01-20,1656,2277,1423,1269,722.2,102.59,328.1,148.8,50.5,1.31,0.17,29.28,34.78,22.12,19.55,63.56,38.4,51.36
2021-01-21,1672,2618,1698,1306,717.1,103.19,330.1,144.7,49.9,1.27,0.14,30.84,36.75,23.4,20.94,66.98,39.97,53.37
2021-01-22,1792,2164,1770,1469,734.4,105.22,348.4,144.2,52.2,1.32,0.1,29.74,37.15,23.79,22.02,62.84,40.76,53.98
2021-01-23,1785,2677,1656,1479,731.7,103.53,351.0,145.4,51.1,1.31,0.05,31.52,36.86,23.87,20.74,68.43,39.62,54.23
2021-01-24,1792,2653,1809,1368,731.0,105.95,357.6,144.4,51.0,1.34,0.08,31.29,37.36,22.72,20.88,66.5,40.96,53.5
2021-01-25,1842,2395,1734,1454,749.0,109.06,349.5,145.7,51.6,1.37,0.12,30.94,37.36,23.77,21.5,65.87,41.28,56.28
2021-01-26,1894,2696,1769,1499,787.0,107.98,346.2,152.5,51.3,1.38,0.08,32.53,38.8,24.66,21.56,69.65,41.38,56.15
2021-01-27,1949,2657,1914,1546,747.6,105.27,366.7,152.2,49.1,1.43,0.16,30.98,39.1,24.33,22.41,67.68,42.38,55.21
2021-01-28,1976,2852,1797,1527,757.1,107.61,364.8,155.8,51.0,1.39,0.13,32.44,37.3,24.29,21.23,70.15,41.03,54.6
2021-01-29,1912,3013,1924,1573,753.8,106.11,350.8,159.4,52.7,1.5,0.06,33.52,39.86,24.45,22.25,71.67,42.73,55.03
2021-01-30,1991,2976,1812,1437,753.2,108.83,372.6,154.3,49.9,1.28,0.05,32.84,37.71,23.31,21.41,72.22,41.63,54.45
2021-01-31,1927,2827,1749,1481,772.7,111.04,361.2,144.2,50.5,1.24,0.13,33.57,37.61,23.72,22.1,69.86,41.65,55.71
2021-02-01,1938,2643,1773,1542,721.9,107.51,366.6,152.5,51.3,1.51,0.13,31.35,36.88,24.36,20.91,67.82,41.48,54.13
2021-02-02,1895,2341,1881,1510,744.6,107.0,352.1,157.0,51.0,1.5,0.13,29.89,38.29,24.31,22.52,65.98,40.45,55.24
2021-02-03,1889,2599,1750,1558,764.1,111.56,362.4,151.7,51.9,1.52,0.17,31.16,37.52,24.79,21.37,68.36,41.41,55.31
2021-02-04,1902,2926,1697,1559,748.9,109.51,349.5,158.6,50.7,1.48,0.12,33.3,36.92,24.1,21.16,70.43,40.62,55.22
2021-02-05,1915,2364,1778,1481,742.5,108.96,354.9,154.6,51.5,1.44,0.1,30.01,36.61,23.82,21.69,64.94,41.13,55.1
2021-02-06,1933,2497,1849,1590,763.5,112.7,361.6,145.9,52.0,1.42,0.13,31.29,38.74,25.01,21.4,68.8,41.92,56.01
2021-02-07,2011,2907,1821,1524,779.4,110.23,386.5,155.8,52.9,1.33,0.15,32.75,38.83,24.06,21.94,71.52,41.95,56.82
2021-02-08,2030,2684,1842,1642,771.1,104.33,380.9,157.1,53.7,1.47,0.13,32.11,39.86,25.33,21.59,69.08,42.03,56.89
2021-02-09,2013,2698,2141,1684,754.0,111.11,381.3,159.8,51.9,1.35,0.1,31.69,40.9,24.89,22.8,70.43,44.37,58.02
2021-02-10,2058,2867,1899,1682,777.9,105.74,389.2,163.9,54.5,1.67,0.14,32.88,39.01,25.01,21.98,71.23,42.83,59.22
2021-02-11,2113,2740,2010,1652,771.3,111.69,413.1,161.8,52.1,1.4,0.1,32.03,39.36,25.04,22.53,71.57,43.16,56.91
2021-02-12,2046,2715,1935,1574,780.9,105.25,376.8,158.1,53.3,1.47,0.08,32.76,39.51,24.38,22.29,68.85,42.65,58.14
2021-02-13,2072,3164,1957,1515,794.9,108.77,390.9,159.8,54.7,1.6,0.1,34.38,40.15,23.95,22.16,73.96,43.15,56.28
2021-02-14,2103,2737,2095,1658,737.1,109.5,391.2,157.2,52.6,1.46,0.09,31.86,39.81,24.8,22.47,67.85,43.08,56.3
2021-02-15,2083,2632,2107,1550,775.7,108.18,388.8,151.5,50.8,1.46,0.1,31.86,40.76,24.7,22.09,68.9,44.89,56.08
2021-02-16,2149,2988,2049,1618,755.4,110.23,402.6,159.3,52.6,1.3,0.07,33.94,40.95,25.09,22.69,71.4,42.59,56.37
2021-02-17,2136,3305,1940,1583,816.6,113.49,383.6,160.2,51.8,1.4,0.14,35.84,39.94,25.27,22.94,75.63,43.73,58.39
2021-02-18,2138,3076,2202,1633,773.2,109.15,383.2,154.0,52.3,1.55,0.11,34.23,40.44,25.55,23.21,72.79,45.07,57.97
2021-02-19,2125,2984,2046,1652,789.9,112.1,388.2,163.8,55.0,1.64,0.13,33.06,40.94,25.62,22.17,72.14,43.49,58.55
2021-02-20,2122,3104,2230,1669,777.8,108.27,383.8,162.4,51.2,1.44,0.12,33.83,41.81,25.42,23.53,73.05,45.14,56.92
2021-02-21,2062,2561,1766,1568,759.6,109.31,380.9,151.3,53.1,1.52,0.06,31.86,37.16,24.63,21.04,67.39,41.72,56.23
2021-02-22,1987,2942,1927,1617,749.2,109.44,382.2,160.2,51.7,1.71,0.15,32.54,39.24,25.03,21.9,71.93,42.01,55.53
2021-02-23,2066,3075,2184,1596,795.8,107.35,375.0,155.7,52.4,1.55,0.09,34.21,41.09,24.3,23.47,72.6,45.58,57.85
2021-02-24,2021,2801,1910,1527,781.2,105.87,371.2,152.5,53.7,1.58,0.09,32.32,39.6,24.32,22.2,70.75,43.11,55.82
2021-02-25,1969,3021,1869,1552,790.1,109.59,369.0,158.6,53.2,1.43,0.11,33.48,40.17,24.12,22.26,71.92,42.02,56.9
2021-02-26,1859,2354,1800,1570,749.2,109.46,353.3,151.1,52.6,1.6,0.11,30.98,38.02,24.61,21.37,65.25,40.63,55.61
2021-02-27,1828,2757,1693,1452,749.1,105.96,336.3,158.0,52.1,1.42,0.2,32.44,37.87,23.55,20.94,68.81,40.44,53.47
2021-02-28,1762,2437,1647,1364,733.2,103.98,339.7,145.2,53.3,1.39,0.12,30.89,36.14,24.06,20.8,66.01,39.12,53.67
2021-03-01,1849,2499,1734,1360,742.9,106.88,359.5,144.1,55.0,1.6,0.08,31.21,36.77,23.06,20.99,67.04,39.12,53.89
2021-03-02,1902,2664,1763,1475,737.7,107.46,371.6,151.3,51.9,1.44,0.18,31.54,38.67,23.82,20.88,67.42,40.47,54.63
2021-03-03,1869,2583,1894,1477,750.7,107.41,347.0,154.7,55.3,1.49,0.05,31.1,38.96,23.8,21.86,67.57,43.03,53.59
2021-03-04,1985,3103,1951,1526,751.0,102.28,360.2,151.0,54.5,1.64,0.08,33.61,39.55,24.04,21.62,71.67,42.17,55.89
2021-03-05,2035,2672,1985,1481,775.2,106.7,375.5,150.7,54.8,1.44,0.08,32.0,40.41,23.79,22.26,68.59,43.23,55.0
2021-03-06,2019,2716,2021,1521,769.2,107.01,356.8,156.5,53.5,1.5,0.1,32.92,39.75,23.94,21.97,70.32,43.58,56.09
2021-03-07,1892,2870,1785,1567,756.5,107.55,355.4,146.3,54.6,1.45,0.11,32.23,38.52,23.8,21.16,69.53,41.17,55.74
2021-03-08,2011,2740,1860,1659,790.9,109.47,358.6,156.6,52.0,1.49,0.12,32.36,39.5,25.43,21.75,70.39,42.15,57.64
2021-03-09,1942,2941,1805,1464,757.3,109.53,375.5,152.2,52.4,1.51,0.12,32.74,37.62,23.78,21.12,72.33,41.97,55.15
2021-03-10,1860,2942,1776,1496,759.9,107.31,349.1,153.3,54.2,1.6,0.13,33.56,38.85,24.68,21.64,72.07,41.19,54.79
2021-03-11,1916,2608,1737,1428,785.7,104.28,374.8,147.3,53.6,1.64,0.1,32.65,38.85,23.6,21.67,69.35,41.24,54.95
2021-03-12,2042,3098,1919,1682,789.0,113.1,385.0,161.4,53.1,1.54,0.15,34.33,38.92,25.81,22.52,73.37,43.15,58.41
2021-03-13,2114,2793,1991,1661,794.7,113.75,379.2,157.4,50.3,1.48,0.05,33.03,40.27,25.78,22.41,71.42,42.89,59.28
2021-03-14,2143,3324,2295,1730,776.1,107.86,379.2,162.0,52.8,1.6,0.05,35.12,41.99,25.89,23.43,75.24,44.84,58.34
2021-03-15,2173,3245,1815,1573,787.5,112.29,389.7,163.6,51.9,1.55,0.13,35.03,39.5,24.84,21.94,75.61,41.1,57.29
2021-03-16,2216,3405,2134,1768,769.1,110.62,395.5,156.3,53.9,1.56,0.09,35.68,40.12,25.55,22.89,75.39,44.39,57.97
2021-03-17,2254,3183,2383,1748,800.6,113.01,403.5,165.5,53.1,1.49,0.17,34.9,44.91,26.21,24.15,75.15,46.46,60.15
2021-03-18,2268,2934,2221,1819,798.7,115.5,396.1,156.6,52.6,1.44,0.14,33.76,41.82,25.96,22.67,72.01,45.67,59.44
2021-03-19,2272,3529,2296,1826,795.5,118.25,408.8,156.9,56.6,1.57,0.12,36.57,42.77,26.29,23.95,78.62,45.81,59.86
2021-03-20,2268,2826,2219,1764,810.1,114.75,404.5,170.2,54.7,1.49,0.08,32.49,42.75,25.99,23.71,71.51,44.74,59.84
2021-03-21,2229,3222,2094,1689,772.2,113.03,395.1,165.7,54.7,1.53,0.13,34.57,40.49,24.99,22.71,72.85,43.66,57.35
2021-03-22,2215,3525,1911,1774,813.3,111.24,390.5,169.2,56.1,1.68,0.08,36.58,39.81,26.17,22.54,77.81,43.52,60.37
2021-03-23,2130,3157,2082,1653,792.8,111.27,384.8,157.1,54.4,1.55,0.1,34.69,40.55,25.47,23.01,74.54,43.95,57.45
2021-03-24,2127,3587,1978,1597,777.9,114.17,379.4,158.9,52.5,1.64,0.09,36.25,39.38,24.53,22.07,78.44,43.62,57.36
2021-03-25,2079,3257,1927,1560,771.3,109.94,380.8,159.4,52.4,1.57,0.11,34.78,39.49,24.69,21.96,73.57,42.3,56.92
2021-03-26,2027,2755,1903,1487,774.8,107.03,375.0,155.8,54.6,1.58,0.09,32.17,39.17,23.52,21.65,68.8,42.76,55.85
2021-03-27,2040,2940,2137,1558,791.9,105.4,377.9,153.2,51.0,1.5,0.14,32.8,40.94,24.41,23.48,72.45,43.6,57.14
2021-03-28,2115,3068,2291,1719,779.1,111.87,398.6,154.6,53.4,1.64,0.12,34.34,41.89,25.34,23.86,73.17,45.37,59.84
2021-03-29,2165,2776,2121,1695,785.4,111.96,389.3,160.4,50.9,1.59,0.08,32.23,41.27,25.51,22.68,69.51,44.07,58.43
2021-03-30,2088,2800,1970,1592,774.8,108.57,389.4,153.2,53.6,1.53,0.08,32.6,39.32,25.02,22.41,70.18,42.22,56.8
2021-03-31,2042,2806,1852,1644,796.1,112.05,377.9,151.9,54.5,1.57,0.05,32.65,39.06,25.25,22.0,70.86,42.9,58.02
2021-04-01,2095,2545,2071,1577,769.8,109.23,380.3,159.2,53.8,1.49,0.05,32.07,40.83,24.8,22.39,68.64,43.3,57.21
2021-04-02,2050,2963,2152,1604,769.8,109.26,376.0,156.1,54.6,1.52,0.14,33.32,41.09,24.73,22.96,71.39,43.88,58.16
2021-04-03,2044,2882,1945,1582,791.5,109.47,375.8,160.0,55.9,1.54,0.09,33.12,39.27,24.97,22.51,71.28,43.64,56.88
2021-04-04,2078,2604,1767,1669,775.5,109.14,382.4,155.5,53.3,1.5,0.05,32.07,38.25,25.28,21.68,68.82,41.43,57.11
2021-04-05,2034,3015,2024,1486,785.4,109.94,367.4,153.7,56.9,1.66,0.12,34.64,40.49,24.13,23.23,71.6,43.9,56.42
2021-04-06,2045,3112,2068,1540,756.0,112.41,364.7,158.0,53.7,1.51,0.07,34.03,40.65,24.2,22.5,73.91,42.53,54.89
2021-04-07,1984,2876,1755,1448,759.7,105.73,374.6,151.4,54.6,1.7,0.1,32.68,37.56,24.02,21.16,71.3,40.61,54.87
2021-04-08,1961,2709,1898,1516,782.4,109.46,373.9,151.4,52.7,1.53,0.05,32.61,39.03,24.96,22.16,69.35,43.52,56.19
2021-04-09,1985,2961,1950,1625,752.7,109.04,375.5,152.2,55.4,1.51,0.13,32.51,38.9,25.1,21.91,70.4,42.84,56.57
2021-04-10,1912,2834,1824,1465,752.2,107.86,362.4,151.9,54.7,1.48,0.1,32.57,38.0,23.53,21.27,69.34,40.89,54.72
2021-04-11,1944,2815,1790,1488,762.0,110.15,370.9,160.7,55.2,1.55,0.12,33.38,38.43,23.74,21.11,70.59,41.43,54.24
2021-04-12,1952,2581,1967,1578,744.2,108.21,371.4,148.3,53.5,1.59,0.08,31.35,39.54,24.24,20.94,66.95,41.91,55.38
2021-04-13,1989,2897,1872,1619,757.0,109.86,376.2,160.0,51.9,1.32,0.11,32.94,39.27,24.77,21.9,70.58,42.57,57.22
2021-04-14,2009,3147,1789,1562,767.2,110.76,365.3,158.3,54.0,1.53,0.05,34.17,38.25,24.54,20.93,72.02,40.25,54.99
2021-04-15,2086,2879,1808,1669,775.0,108.89,372.4,163.7,51.4,1.38,0.19,32.87,37.85,25.55,21.3,71.48,41.8,57.59
2021-04-16,2100,3563,2157,1565,795.1,111.11,379.7,170.4,53.0,1.62,0.12,36.54,41.72,25.18,23.24,77.98,44.83,56.68
2021-04-17,2086,2896,2076,1714,797.4,109.52,381.0,163.2,53.6,1.62,0.17,33.68,40.91,25.62,22.74,71.74,43.55,57.47
2021-04-18,2100,3059,2038,1776,763.1,110.03,380.9,161.5,56.2,1.55,0.09,33.58,40.07,25.57,23.05,72.46,43.12,59.65
2021-04-19,2136,2953,2022,1696,781.6,110.1,371.9,153.5,53.7,1.56,0.06,32.45,39.56,25.53,22.04,72.48,43.62,57.49
2021-04-20,2146,3197,2023,1530,791.2,112.23,401.9,154.3,53.5,1.43,0.08,34.87,40.26,24.89,23.24,74.42,42.7,56.7
2021-04-21,2156,2720,1976,1639,804.9,111.4,387.0,160.7,53.2,1.5,0.1,33.51,39.62,25.45,22.9,71.11,42.81,57.67
2021-04-22,2128,2970,2014,1696,789.8,111.77,387.4,151.8,51.7,1.49,0.1,33.47,40.51,25.32,22.8,71.48,43.42,57.78
2021-04-23,2103,2789,1816,1609,780.6,110.36,393.0,160.3,53.4,1.5,0.17,32.09,38.48,24.72,22.08,70.74,41.4,56.92
2021-04-24,2041,2966,1894,1672,779.2,105.45,357.1,147.7,53.4,1.59,0.07,33.75,38.98,24.89,22.07,72.1,42.17,57.56
2021-04-25,2140,3377,2039,1703,790.4,111.03,383.2,163.5,52.1,1.64,0.08,36.2,39.69,25.55,22.12,76.68,43.7,58.27
2021-04-26,2085,3177,2075,1578,760.3,110.3,378.0,156.1,51.8,1.58,0.13,34.43,40.78,24.74,22.69,73.29,43.05,55.78
2021-04-27,2060,2408,1982,1607,774.2,110.36,375.4,157.2,52.6,1.5,0.05,31.54,39.67,25.05,21.82,66.94,42.99,56.29
2021-04-28,2034,3399,2037,1529,790.3,107.87,373.7,153.0,53.2,1.46,0.1,35.92,40.49,24.9,22.46,75.64,43.84,56.94
2021-04-29,2090,3103,2155,1616,771.7,107.23,393.2,150.0,52.6,1.53,0.11,34.3,40.65,25.3,22.93,73.99,44.7,56.95
2021-04-30,2086,2835,2120,1588,776.2,111.71,386.5,162.4,51.8,1.55,0.12,32.63,40.01,24.33,22.57,69.1,43.49,56.68
2021-05-01,2160,3208,2142,1758,779.0,110.58,397.4,164.8,53.4,1.52,0.11,34.7,40.77,25.81,23.24,74.41,44.01,58.24
2021-05-02,2135,3164,2068,1802,745.2,111.32,387.3,157.4,53.7,1.48,0.18,33.97,39.8,25.75,22.32,72.72,43.5,59.49
2021-05-03,2160,2999,1990,1583,782.9,110.56,378.5,162.1,53.1,1.58,0.06,33.65,40.14,24.76,22.49,72.23,42.46,56.75
2021-05-04,2128,3154,2135,1528,783.5,110.76,369.3,157.0,52.3,1.58,0.07,34.29,40.87,24.24,22.96,73.49,44.39,55.04
2021-05-05,2247,3180,2370,1727,784.7,111.44,387.7,162.9,53.7,1.44,0.12,34.62,42.42,26.01,23.97,73.94,46.2,58.7
2021-05-06,2196,3136,2168,1603,769.4,109.39,396.9,163.4,52.7,1.5,0.11,33.62,40.33,24.59,22.72,73.5,43.08,56.29
2021-05-07,2222,3112,2366,1729,776.4,113.38,397.3,163.3,51.4,1.6,0.11,34.44,42.65,24.85,23.5,72.6,45.78,58.92
2021-05-08,2265,2990,2036,1809,805.8,111.31,400.3,167.6,54.1,1.62,0.05,33.56,40.27,26.21,22.7,73.02,44.09,60.59
2021-05-09,2295,3479,2108,1885,827.3,113.68,402.6,165.1,53.2,1.55,0.19,36.31,42.17,26.74,22.92,78.0,44.73,61.88
2021-05-10,2295,3600,2333,1793,818.4,114.3,421.7,163.1,52.6,1.57,0.12,36.99,43.09,26.79,24.47,77.88,46.2,59.78
2021-05-11,2298,3586,2270,1767,777.8,111.85,399.3,160.1,50.8,1.56,0.05,35.94,42.23,25.87,23.06,77.65,45.38,58.79
2021-05-12,2310,3696,2401,1648,812.1,110.48,414.7,161.5,51.8,1.61,0.12,36.44,43.29,25.3,24.98,79.46,47.36,58.36
2021-05-13,2312,3563,2254,1793,789.6,119.58,407.6,166.7,55.1,1.45,0.06,36.19,42.11,25.91,23.59,76.86,45.63,59.96
2021-05-14,2371,3439,2218,1840,797.3,113.06,414.0,159.0,50.8,1.56,0.14,35.3,41.42,26.23,23.44,75.74,44.83,59.52
2021-05-15,2492,4101,2423,1973,812.4,117.69,438.4,172.7,52.3,1.49,0.05,39.38,42.99,27.81,24.21,82.15,46.31,62.09
2021-05-16,2471,3387,2241,1854,827.6,120.68,438.2,166.6,52.5,1.64,0.14,35.53,42.49,26.85,23.95,77.06,46.13,62.09
2021-05-17,2409,3408,2227,1831,824.7,116.92,417.2,162.8,52.9,1.46,0.05,36.65,42.62,26.07,23.61,77.01,45.13,60.32
2021-05-18,2414,3397,2480,1756,809.3,114.26,426.1,161.8,50.6,1.57,0.06,35.82,42.97,25.88,24.67,77.52,47.17,59.4
2021-05-19,2554,4316,2626,1789,824.8,116.85,439.4,172.6,52.6,1.49,0.11,40.25,44.99,26.26,25.55,84.66,48.92,61.71
2021-05-20,2520,4196,2525,1858,829.4,114.46,432.5,169.0,50.3,1.61,0.08,38.94,45.49,26.35,25.12,83.39,48.68,60.91
2021-05-21,2611,4253,2357,1885,840.8,120.04,445.0,177.8,52.4,1.6,0.08,40.19,43.76,26.39,24.7,85.29,47.63,60.7
2021-05-22,2703,4656,2630,2106,859.7,120.55,449.0,168.8,51.5,1.6,0.05,42.18,46.56,28.47,25.75,88.15,49.44,64.6
2021-05-23,2680,3942,2491,2019,820.4,117.52,449.3,170.9,51.2,1.73,0.09,37.94,43.87,27.23,24.43,81.01,47.45,63.75
2021-05-24,2715,4435,2850,2042,843.7,116.69,451.3,173.8,53.2,1.52,0.14,41.04,46.92,28.18,25.74,85.94,50.27,64.17
2021-05-25,2803,4459,2706,2066,836.8,117.22,473.9,173.4,51.8,1.66,0.18,40.87,46.48,27.87,25.78,84.4,50.61,63.07
2021-05-26,2788,4774,2621,1863,850.4,122.78,464.1,176.1,52.6,1.68,0.13,42.55,45.89,26.76,25.55,90.0,49.05,61.83
2021-05-27,2782,4418,2769,2265,847.2,120.53,453.8,177.2,52.6,1.65,0.13,40.98,46.56,28.31,26.64,87.09,50.63,66.12
2021-05-28,2757,4270,2650,2033,847.2,120.43,455.3,177.2,53.5,1.52,0.05,40.1,45.11,28.15,25.54,85.79,49.46,63.99
2021-05-29,2711,4492,2886,2049,831.0,117.18,429.9,180.1,50.5,1.54,0.1,41.21,47.79,27.81,26.52,87.94,50.69,62.97
2021-05-30,2684,4546,2560,1944,817.8,115.2,448.2,168.1,53.0,1.51,0.07,41.17,45.91,26.91,25.21,87.77,47.93,62.11
2021-05-31,2628,3908,2415,2102,802.7,120.48,445.7,173.2,51.8,1.52,0.05,38.28,42.59,27.49,24.41,80.54,46.13,64.48
2021-06-01,2637,4128,2326,2042,833.1,118.31,445.4,169.5,51.3,1.47,0.05,39.25,43.88,28.19,24.39,84.3,47.18,61.73
2021-06-02,2605,3735,2568,1940,825.1,120.02,458.5,173.0,50.3,1.5,0.13,37.14,44.58,26.77,24.82,79.84,48.31,62.28
2021-06-03,2625,3298,2520,1989,823.6,117.07,449.6,173.5,52.4,1.65,0.08,35.25,44.28,27.23,24.56,75.79,48.69,63.26
2021-06-04,2553,4035,2336,2101,845.8,116.42,440.6,165.9,50.5,1.49,0.05,39.77,43.58,28.31,24.2,82.55,46.68,63.34
2021-06-05,2579,4220,2694,1981,815.8,119.16,426.3,166.9,52.2,1.53,0.07,40.06,44.99,27.66,24.85,83.65,49.06,61.77
2021-06-06,2629,4217,2684,2009,855.4,119.92,442.6,173.9,53.8,1.47,0.11,40.63,46.1,27.66,25.77,85.15,49.2,63.17
2021-06-07,2535,3320,2492,1882,848.4,118.75,430.3,169.5,52.6,1.5,0.07,36.45,43.81,26.76,24.74,78.08,48.0,61.32
2021-06-08,2563,3879,2698,1826,797.8,116.41,431.2,169.3,53.1,1.57,0.05,37.71,45.59,26.19,25.47,80.9,48.33,59.5
2021-06-09,2633,3406,2689,2014,836.0,119.69,439.7,174.6,50.5,1.55,0.66,36.3,46.98,27.85,25.56,76.83,49.69,62.81
2021-06-10,2579,4467,2439,2013,822.8,120.16,425.0,173.5,52.2,1.62,0.74,40.93,43.53,27.8,24.21,85.44,47.39,63.24
2021-06-11,2672,3855,2507,2146,795.1,118.44,440.5,170.9,49.9,1.42,0.63,38.02,43.84,27.51,24.97,80.5,48.16,64.58
2021-06-12,2700,4712,2784,1889,820.1,117.8,461.1,170.3,50.9,1.46,0.71,41.88,46.25,26.8,25.93,88.85,49.25,62.0
2021-06-13,2670,4537,2695,1961,850.2,122.03,449.4,167.9,53.2,1.47,0.73,41.59,46.61,26.99,26.04,88.4,50.37,63.32
2021-06-14,2673,3921,2669,2009,869.2,117.08,446.9,173.2,50.3,1.63,0.71,38.97,46.42,28.12,25.88,82.56,49.38,64.81
2021-06-15,2708,3910,2570,2081,856.2,120.78,455.1,168.3,52.3,1.53,0.71,38.95,45.76,28.25,25.46,82.62,49.06,65.48
2021-06-16,2717,4440,2776,2076,848.5,119.19,465.6,174.6,52.2,1.39,0.79,41.34,46.43,27.75,25.69,87.26,49.79,64.14
2021-06-17,2750,4093,2626,2102,846.9,115.19,460.3,179.9,52.2,1.6,0.8,39.51,45.78,28.61,25.86,82.67,49.28,65.17
2021-06-18,2708,4335,2670,2116,867.9,122.03,459.5,172.5,49.3,1.51,0.77,40.88,44.52,28.52,26.08,86.49,48.6,65.19
2021-06-19,2722,4162,2894,2016,876.4,112.51,450.1,172.2,51.4,1.57,0.76,40.23,48.29,28.02,26.8,85.67,51.4,63.82
2021-06-20,2655,3590,2539,2119,828.2,113.5,443.8,180.6,50.5,1.61,0.79,37.59,44.05,28.02,25.06,79.1,48.25,64.07
2021-06-21,2655,3440,2420,2079,807.0,119.79,451.6,178.6,52.0,1.4,0.81,35.3,43.31,27.67,24.62,76.79,47.81,63.77
2021-06-22,2615,4176,2447,1988,801.3,119.22,459.0,168.5,48.6,1.6,0.79,38.91,43.96,27.02,24.27,84.88,45.99,62.85
2021-06-23,2584,3855,2676,2119,849.2,115.87,451.6,171.3,51.0,1.45,0.82,38.67,45.2,28.04,25.22,82.97,49.6,64.91
2021-06-24,2654,3998,2658,2169,836.2,118.82,453.2,173.8,50.8,1.43,0.8,39.01,46.18,28.79,25.41,82.5,48.99,64.62
2021-06-25,2715,4554,2674,2164,846.2,112.98,457.2,174.9,48.0,1.49,0.69,41.68,45.84,28.33,25.71,87.45,48.58,64.73
2021-06-26,2750,4802,2660,1857,820.4,121.57,471.5,182.3,49.3,1.38,0.82,42.68,46.14,26.44,25.39,89.49,48.45,59.74
2021-06-27,2699,4187,2739,2206,830.4,119.71,460.4,174.1,48.1,1.46,0.86,39.79,45.69,28.53,26.2,83.92,49.55,65.38
2021-06-28,2688,4140,2549,2133,836.1,118.81,434.4,174.4,49.4,1.44,0.84,39.33,43.94,28.65,24.79,84.61,48.64,64.61
2021-06-29,2754,4575,2776,2285,850.8,119.91,452.4,177.9,50.8,1.39,0.86,41.98,46.7,29.52,25.87,87.0,50.45,65.91
2021-06-30,2766,3943,2646,2229,842.9,121.25,464.9,180.2,50.4,1.41,0.84,38.74,45.95,28.68,25.21,82.03,48.61,65.99
2021-07-01,2887,4772,2751,2352,846.3,121.63,462.9,182.4,50.3,1.57,0.85,42.4,46.8,29.87,26.11,89.95,49.22,67.5
2021-07-02,2910,4946,2812,2307,852.4,117.32,472.8,181.4,48.8,1.47,0.87,43.73,46.43,29.34,25.82,91.85,50.92,65.94
2021-07-03,2921,5022,2862,2358,883.5,127.66,475.8,173.3,51.3,1.4,0.95,44.44,47.02,29.61,26.95,91.63,51.5,67.92
2021-07-04,2908,3999,2895,2405,867.6,124.99,477.7,177.2,49.9,1.51,0.91,39.37,47.67,29.83,26.46,82.71,52.4,69.17
2021-07-05,2917,4463,2947,2253,874.1,118.9,478.6,182.7,49.9,1.54,0.91,42.18,48.56,29.63,26.77,86.4,51.93,66.3
2021-07-06,2912,4408,2370,2090,850.9,121.18,477.9,180.3,50.9,1.47,0.9,41.49,44.0,28.75,24.99,85.84,47.82,64.27
2021-07-07,2950,4865,2830,2230,824.2,121.98,491.6,183.6,48.5,1.37,0.84,43.14,47.49,28.74,26.49,88.76,50.67,65.41
2021-07-08,3001,5129,2946,2331,866.0,125.96,489.2,189.2,49.9,1.27,0.95,45.48,47.99,29.39,26.97,93.48,52.38,67.4
2021-07-09,2963,5437,3186,2274,856.9,117.35,483.6,175.9,50.1,1.4,0.94,45.71,48.86,29.13,27.44,95.68,53.91,66.96
2021-07-10,2899,4526,2736,2110,868.3,120.62,467.8,183.5,48.9,1.54,0.92,41.53,47.28,28.16,26.7,87.85,50.6,65.43
2021-07-11,2810,4339,2817,2015,902.9,116.24,475.9,175.3,50.2,1.51,0.91,41.61,47.89,28.0,26.64,87.33,50.41,65.28
2021-07-12,2841,5009,3041,2114,867.4,120.37,466.2,181.2,50.0,1.37,0.94,43.82,49.03,28.19,27.4,92.94,52.61,64.71
2021-07-13,2791,4585,2592,2212,892.7,119.2,456.7,176.0,49.2,1.41,0.91,42.28,46.39,29.14,25.98,88.42,49.31,66.92
2021-07-14,2689,4690,2715,2198,849.3,119.16,454.6,182.0,49.1,1.46,0.95,41.85,46.88,28.73,25.27,87.49,50.54,65.99
2021-07-15,2718,4419,2586,2165,834.4,117.85,450.3,174.7,49.9,1.4,0.89,41.06,45.08,28.34,25.02,86.58,48.16,64.7
2021-07-16,2853,4186,2771,2280,863.5,119.37,468.8,175.2,50.1,1.5,0.85,39.51,47.46,29.2,26.18,84.61,50.43,66.33
2021-07-17,2860,4135,2736,2186,885.7,122.89,476.0,179.6,49.2,1.42,0.88,40.09,47.22,29.18,26.27,84.35,51.05,66.23
2021-07-18,2910,4151,2799,2074,891.8,123.17,477.5,180.5,50.4,1.47,0.94,40.27,47.17,28.34,26.15,85.76,51.39,64.6
2021-07-19,2922,5017,3315,2197,857.0,123.58,500.1,184.1,49.8,1.4,0.93,43.66,50.6,28.71,28.46,90.51,54.78,65.22
2021-07-20,2925,5224,3045,2217,869.7,121.8,481.4,181.4,46.8,1.36,0.93,44.24,49.26,28.93,27.37,93.43,53.35,66.29
2021-07-21,2980,5616,3146,2234,850.3,121.56,493.7,191.0,47.2,1.52,0.89,45.8,49.04,29.36,28.12,95.21,53.4,65.82
2021-07-22,2973,5206,3047,2280,883.4,122.6,472.4,180.4,50.2,1.31,0.96,44.72,49.61,29.3,27.78,94.44,52.76,67.31
2021-07-23,2995,5385,2758,2331,896.6,124.46,483.8,181.1,48.5,1.38,0.9,46.22,47.35,30.02,26.33,97.28,50.35,67.16
2021-07-24,3020,4751,3086,2388,876.6,118.1,485.1,179.7,48.9,1.42,0.97,42.96,49.54,29.74,27.53,89.73,53.47,68.21
2021-07-25,2995,4470,3159,2265,863.4,124.19,483.1,181.8,50.0,1.49,0.89,41.39,50.4,29.29,28.08,86.78,53.2,65.23
2021-07-26,3055,5404,2934,2157,885.1,124.79,501.5,183.9,48.6,1.36,0.92,45.6,48.55,28.96,27.12,97.27,52.06,65.17
2021-07-27,3056,5230,3213,2290,886.0,124.18,506.5,184.1,48.6,1.43,0.91,45.3,50.45,29.85,27.77,94.98,54.91,67.32
2021-07-28,3027,5039,3140,2318,877.9,123.27,497.4,182.5,47.4,1.31,0.97,43.47,49.72,29.48,28.44,94.33,53.56,68.25
2021-07-29,3064,5238,3360,2456,883.3,117.74,497.6,180.8,48.9,1.45,0.93,44.21,51.37,30.06,28.46,94.65,55.24,69.59
2021-07-30,3029,5131,2972,2263,874.4,122.58,489.9,178.8,49.1,1.56,0.97,44.47,48.65,29.03,27.85,93.52,52.17,66.86
2021-07-31,3042,5546,2882,2372,893.2,128.32,505.5,181.2,47.6,1.25,0.98,46.48,48.8,30.32,27.02,98.49,51.78,68.27
2021-08-01,3052,5577,3006,2360,890.5,124.03,514.5,187.5,47.2,1.35,0.98,47.22,48.67,30.56,27.18,97.56,52.33,68.14
2021-08-02,3119,5429,3360,2385,871.6,124.13,507.3,190.1,51.4,1.48,0.96,45.97,50.92,30.15,27.95,96.03,56.12,68.96
2021-08-03,3154,5638,2883,2495,874.9,125.4,518.2,185.2,48.1,1.66,0.9,47.56,48.49,30.15,26.98,96.06,51.35,68.87
2021-08-04,3163,5520,2854,2349,887.2,126.37,514.5,182.0,47.3,1.47,0.98,46.29,47.54,30.09,26.26,98.3,51.99,67.66
2021-08-05,3215,5220,3255,2394,907.4,127.83,520.0,186.8,48.9,1.37,0.98,45.57,51.15,29.99,28.63,95.33,54.53,69.71
2021-08-06,3295,5942,3257,2507,906.9,126.68,519.2,197.6,48.0,1.42,0.94,48.58,50.75,30.77,29.1,101.21,55.32,70.18
2021-08-07,3332,5054,3373,2470,898.9,128.8,520.0,194.1,46.7,1.34,0.98,45.06,50.93,30.66,28.59,94.01,55.9,70.93
2021-08-08,3341,6190,3541,2593,913.4,130.0,520.0,192.6,48.5,1.5,0.95,49.82,53.31,31.51,29.95,102.78,57.37,71.95
2021-08-09,3283,5042,3225,2428,898.5,129.61,520.0,192.7,46.8,1.51,0.87,44.79,51.25,30.4,28.08,92.88,54.75,69.96
2021-08-10,3238,5597,2961,2489,912.1,130.0,514.8,193.9,49.7,1.53,0.91,46.73,48.95,30.65,27.7,98.83,53.03,69.31
2021-08-11,3232,5090,3594,2453,903.3,124.79,504.4,183.0,48.4,1.38,0.91,44.56,52.7,30.87,29.89,93.84,57.49,70.3
2021-08-12,3211,5651,3076,2468,891.4,130.0,514.0,185.5,47.4,1.34,0.91,47.13,49.56,30.37,27.66,98.65,53.3,69.07
2021-08-13,3212,5398,3066,2403,899.7,124.19,520.0,184.9,47.8,1.52,0.89,46.6,49.17,30.63,28.05,96.55,53.73,69.43
2021-08-14,3225,4748,3432,2424,917.3,127.23,507.1,189.7,48.7,1.51,0.88,42.44,51.16,30.12,29.51,91.69,56.0,69.42
2021-08-15,3262,5712,3230,2494,892.9,128.67,515.0,189.0,47.8,1.33,0.97,47.33,50.6,30.75,28.06,97.98,53.96,70.05
2021-08-16,3267,5283,3289,2508,908.1,125.64,520.0,191.5,50.1,1.37,0.84,45.52,51.56,30.53,29.2,96.51,55.4,69.76
2021-08-17,3301,6013,3417,2512,904.5,127.58,520.0,187.3,48.9,1.47,0.88,48.15,52.76,30.63,28.7,101.49,55.24,69.36
2021-08-18,3313,5644,3531,2693,913.2,129.8,520.0,195.1,48.1,1.39,0.93,47.2,54.01,31.78,29.77,98.92,56.43,72.79
2021-08-19,3220,5604,3193,2357,887.4,124.53,509.5,187.0,46.3,1.39,0.88,46.28,50.62,30.35,27.86,97.39,55.14,68.02
2021-08-20,3182,4936,3448,2420,895.0,129.97,511.9,189.1,47.2,1.26,0.91,42.99,52.72,30.69,28.76,92.05,57.11,68.56
2021-08-21,3184,5099,2865,2275,910.2,122.37,520.0,191.1,47.9,1.29,0.87,44.75,47.61,29.92,26.61,94.25,51.76,66.72
2021-08-22,3133,5041,3270,2426,874.2,129.99,498.8,189.5,46.3,1.36,0.9,44.03,51.46,30.16,28.3,93.09,55.12,67.11
2021-08-23,3173,5690,3061,2312,872.5,128.2,520.0,187.5,48.8,1.32,0.84,47.02,49.74,29.57,27.56,98.77,53.48,67.65
2021-08-24,3260,6264,3517,2455,882.1,126.63,515.9,191.6,46.1,1.29,0.8,49.97,52.38,30.75,29.7,103.68,56.9,69.07
2021-08-25,3330,5317,3393,2496,891.1,126.77,520.0,197.1,46.4,1.37,0.85,45.27,52.14,30.89,29.39,95.02,55.81,69.54
2021-08-26,3325,6162,3251,2559,917.2,126.46,520.0,192.0,46.5,1.32,0.79,50.53,51.45,31.26,28.67,103.73,55.47,71.35
2021-08-27,3407,4845,3570,2532,895.6,128.47,520.0,189.2,48.0,1.4,0.85,43.49,53.88,31.36,29.58,91.65,57.7,71.04
2021-08-28,3420,5329,3624,2537,913.6,128.86,520.0,194.7,46.1,1.48,0.8,46.46,53.74,31.34,30.38,96.21,58.33,71.04
2021-08-29,3407,5413,3566,2738,926.1,130.0,520.0,191.9,44.9,1.37,0.8,45.81,53.2,32.37,29.75,97.62,56.98,73.25
2021-08-30,3381,5173,3249,2599,920.4,130.0,520.0,182.0,48.3,1.36,0.89,44.98,50.95,31.36,28.12,94.12,56.21,73.04
2021-08-31,3370,5045,3331,2505,907.3,128.84,520.0,193.0,46.5,1.47,0.84,44.84,52.04,30.71,29.11,92.12,56.83,69.99
2021-09-01,3355,5931,3396,2526,914.4,126.04,520.0,191.2,45.7,1.44,0.76,48.63,51.21,30.95,29.55,102.23,55.29,69.92
2021-09-02,3368,5674,3405,2730,914.6,126.97,520.0,195.7,46.0,1.45,0.81,47.12,50.74,32.29,28.94,99.09,56.57,73.23
2021-09-03,3381,5977,3554,2546,910.9,128.05,520.0,188.4,49.0,1.18,0.8,48.16,53.71,31.38,30.35,101.99,58.44,70.77
2021-09-04,3385,6132,3085,2502,911.6,125.99,520.0,185.5,46.1,1.35,0.72,49.91,50.01,30.46,28.04,102.45,54.28,70.99
2021-09-05,3411,5996,3517,2521,951.0,125.96,520.0,192.9,46.7,1.34,0.81,49.72,53.61,30.77,30.07,103.87,58.28,71.2
2021-09-06,3474,6336,3479,2580,936.1,130.0,520.0,195.3,46.3,1.33,0.82,50.94,52.44,31.25,29.51,105.75,56.52,71.78
2021-09-07,3525,6102,3436,2610,966.3,130.0,520.0,195.5,45.3,1.49,0.76,49.93,52.38,31.85,30.03,104.2,57.78,72.38
2021-09-08,3450,5396,3373,2486,914.1,127.37,520.0,193.3,45.9,1.35,0.76,45.82,51.68,31.19,28.6,96.96,56.18,70.78
2021-09-09,3323,6146,3325,2415,907.3,129.83,520.0,185.6,45.2,1.26,0.74,49.6,51.73,30.3,28.7,101.84,55.97,69.4
2021-09-10,3374,5512,2803,2480,893.9,125.52,520.0,190.7,47.9,1.39,0.77,46.03,47.26,30.69,26.35,97.46,50.79,69.61
2021-09-11,3307,5210,3227,2577,894.9,124.86,520.0,188.1,46.8,1.36,0.74,44.88,51.1,31.27,27.91,95.66,54.08,70.85
2021-09-12,3300,5534,3189,2473,934.9,125.5,520.0,193.6,49.7,1.29,0.73,47.65,50.5,30.64,28.73,98.76,54.89,70.59
2021-09-13,3244,5085,3360,2451,892.8,130.0,501.8,189.4,45.8,1.43,0.7,43.84,51.32,30.89,28.93,93.61,55.43,68.55
2021-09-14,3157,5111,3049,2530,920.4,124.99,514.6,184.5,45.6,1.38,0.81,45.3,50.09,30.92,28.03,94.25,53.56,71.65
2021-09-15,3189,5510,3179,2558,876.5,119.97,520.0,193.4,48.5,1.38,0.71,46.93,49.84,31.35,27.88,97.45,53.71,70.97
2021-09-16,3233,5613,3513,2435,883.9,129.68,520.0,186.5,47.9,1.38,0.74,47.22,52.4,30.25,29.68,98.66,56.57,69.05
2021-09-17,3208,5015,3394,2383,892.0,125.56,520.0,189.2,47.1,1.43,0.71,44.41,51.5,29.97,28.99,92.55,55.54,68.56
2021-09-18,3080,4916,3232,2271,883.0,120.01,505.7,183.0,45.3,1.31,0.05,43.5,50.09,29.06,28.09,91.99,54.44,66.49
2021-09-19,3059,5503,2992,2402,895.6,123.56,490.3,189.6,48.7,1.21,0.09,46.27,49.13,30.27,27.16,97.33,52.09,69.94
2021-09-20,3085,5330,3181,2337,891.3,126.02,496.4,184.1,46.5,1.3,0.05,44.79,50.5,30.5,27.5,95.83,54.46,68.93
2021-09-21,3015,5796,2985,2270,871.1,124.8,492.3,182.4,46.0,1.17,0.14,47.6,48.65,29.4,27.48,98.48,52.48,67.05
2021-09-22,3031,5479,3009,2242,877.1,128.51,505.5,181.8,47.9,1.22,0.05,46.04,48.49,29.26,27.59,97.24,52.01,67.11
2021-09-23,3037,5478,3107,2250,874.9,121.97,491.6,183.3,46.5,1.44,0.12,45.89,49.38,29.0,28.54,96.77,54.03,67.4
2021-09-24,3072,4532,2992,2377,869.8,124.71,505.8,188.3,45.1,1.23,0.14,41.75,49.36,30.02,27.05,88.89,51.97,68.66
2021-09-25,3084,5437,3327,2231,871.5,123.01,506.1,187.1,46.6,1.22,0.11,45.96,50.31,29.12,28.33,95.14,55.62,65.85
2021-09-26,3040,5004,3023,2416,895.7,120.32,510.9,182.7,45.6,1.36,0.1,43.99,50.12,30.27,26.97,92.12,53.21,68.88
2021-09-27,3106,4946,3217,2321,859.8,127.3,506.3,191.1,43.0,1.39,0.08,44.19,50.1,29.6,28.27,92.79,54.48,67.44
2021-09-28,3103,5236,3344,2355,911.2,126.21,492.2,187.7,45.4,1.18,0.1,45.78,51.65,29.55,29.13,96.1,55.88,68.81
2021-09-29,3106,5565,3282,2245,882.3,125.82,511.9,182.6,45.9,1.34,0.05,47.02,51.34,29.21,28.9,96.76,55.13,67.22
2021-09-30,3063,5281,2857,2339,871.4,125.62,518.6,177.7,45.1,1.27,0.11,45.18,46.58,29.29,26.34,95.18,51.86,68.01
2021-10-01,3046,4685,3122,2297,892.4,122.62,505.1,181.1,47.2,1.33,0.14,42.94,50.54,29.62,28.07,89.68,54.71,67.75
2021-10-02,3006,5245,3139,2294,899.5,121.29,488.2,183.4,45.6,1.28,0.07,45.03,51.01,29.45,27.83,93.86,54.54,66.16
2021-10-03,3003,4692,3141,2432,893.8,123.88,485.6,184.0,47.1,1.19,0.1,43.05,50.55,30.16,28.35,88.64,54.15,69.92
2021-10-04,3096,5240,2937,2381,894.3,127.95,498.2,189.5,45.0,1.28,0.1,45.23,47.48,29.69,27.28,94.84,51.68,69.13
2021-10-05,3031,4884,2938,2243,896.4,128.21,513.8,178.0,47.6,1.36,0.11,43.29,48.96,29.69,26.67,92.93,51.19,68.29
2021-10-06,2954,4751,3100,2197,846.4,125.15,485.8,178.6,45.0,1.45,0.08,42.48,49.82,28.46,27.36,90.35,52.79,65.13
2021-10-07,3035,5323,2927,2375,872.9,124.35,493.3,177.8,43.7,1.34,0.05,45.32,48.91,29.67,26.32,95.86,51.57,66.98
2021-10-08,3030,4587,2991,2437,866.6,124.9,496.7,177.0,48.0,1.28,0.06,42.9,47.81,30.6,26.77,89.02,51.99,68.57
2021-10-09,3002,5709,3242,2321,895.8,123.88,492.0,179.1,45.5,1.21,0.05,47.65,51.28,29.95,28.04,99.18,54.71,68.23
2021-10-10,3060,4332,3063,2402,877.9,122.1,514.5,184.6,48.6,1.3,0.13,41.57,50.1,29.44,27.31,87.35,53.4,68.25
2021-10-11,3034,4773,2931,2376,893.7,124.4,490.7,185.6,47.2,1.28,0.12,43.61,48.5,30.47,27.01,89.4,51.99,69.38
2021-10-12,3132,5388,3012,2526,899.4,122.34,520.0,181.2,47.5,1.35,0.6,46.06,48.43,31.41,27.52,96.97,53.46,70.04
2021-10-13,3171,5568,3245,2230,882.6,125.9,517.0,182.8,47.8,1.33,0.59,46.5,51.01,29.63,28.32,96.58,54.58,66.53
2021-10-14,3149,5229,2957,2467,884.6,130.0,520.0,178.3,46.7,1.37,0.64,44.44,49.06,30.66,27.12,93.85,52.37,69.27
2021-10-15,3263,5503,3253,2583,924.7,129.53,520.0,189.2,46.7,1.32,0.66,46.53,51.22,31.12,28.75,98.47,56.23,73.33
2021-10-16,3234,5643,3317,2332,890.8,124.8,520.0,184.7,48.1,1.48,0.66,47.38,50.65,29.77,28.27,98.9,55.34,67.43
2021-10-17,3274,5453,3522,2405,908.6,127.49,520.0,195.3,46.8,1.4,0.68,46.34,53.49,29.91,29.64,96.68,57.1,69.57
2021-10-18,3292,6219,3438,2420,896.9,125.83,520.0,190.8,45.8,1.3,0.77,49.99,51.83,30.06,29.61,103.85,56.55,68.42
2021-10-19,3360,6138,3281,2480,911.0,128.68,520.0,190.2,47.4,1.45,0.69,48.82,51.48,30.44,28.61,103.49,56.19,70.36
2021-10-20,3440,6353,3697,2563,923.4,130.0,520.0,190.4,44.1,1.29,0.8,50.95,55.27,31.14,30.6,105.08,58.71,70.83
2021-10-21,3442,5483,3441,2639,912.7,130.0,520.0,187.0,48.3,1.32,0.71,47.08,51.64,31.69,29.44,97.58,56.79,72.72
2021-10-22,3403,5816,3238,2676,906.2,130.0,520.0,186.5,48.3,1.32,0.86,47.39,51.35,31.65,28.7,101.63,54.83,72.9
2021-10-23,3427,5767,3448,2716,927.5,130.0,520.0,190.1,48.2,1.49,0.71,48.28,52.64,32.04,29.55,100.15,56.81,73.45
2021-10-24,3393,5361,3687,2493,907.2,129.91,520.0,188.9,48.2,1.37,0.84,46.56,54.08,30.72,30.53,96.09,58.15,69.39
2021-10-25,3497,6246,3584,2564,918.4,130.0,520.0,190.4,46.7,1.35,0.81,50.89,53.85,31.74,30.1,104.34,57.49,71.27
2021-10-26,3503,5824,3565,2798,917.3,130.0,520.0,196.0,46.7,1.42,0.84,48.07,53.05,33.19,30.06,100.43,58.45,73.84
2021-10-27,3484,6358,3831,2713,928.5,127.84,520.0,196.1,45.4,1.44,0.85,51.17,54.95,32.05,31.17,106.04,59.58,73.77
2021-10-28,3493,5544,3297,2660,944.9,130.0,520.0,192.5,49.0,1.53,0.89,47.88,51.02,32.15,28.69,99.93,55.19,72.47
2021-10-29,3425,6715,3252,2651,946.5,130.0,520.0,200.3,46.3,1.27,0.8,52.87,52.22,31.76,28.47,108.91,55.7,73.64
2021-10-30,3377,5376,3145,2564,908.3,128.73,520.0,184.3,47.3,1.49,0.88,46.61,50.07,31.43,27.97,95.83,54.7,71.66
2021-10-31,3439,6041,3556,2667,958.0,130.0,520.0,193.1,47.3,1.23,0.9,49.74,54.27,32.06,30.62,104.95,58.81,72.56
2021-11-01,3407,6232,3483,2554,907.5,130.0,520.0,191.2,45.4,1.47,0.87,50.18,52.45,30.92,29.4,103.89,56.21,70.81
2021-11-02,3355,5479,3659,2579,933.7,130.0,520.0,188.5,44.9,1.48,0.89,46.63,53.79,32.11,30.47,96.84,59.15,71.79
2021-11-03,3384,6205,3471,2417,909.8,125.9,520.0,188.7,47.0,1.49,0.87,49.86,52.97,30.01,28.83,104.94,57.78,69.99
2021-11-04,3446,5367,3428,2545,914.1,130.0,520.0,193.0,46.5,1.45,0.92,46.3,52.56,30.41,29.34,97.3,56.15,70.57
2021-11-05,3483,6741,3540,2572,920.0,130.0,520.0,193.1,47.0,1.33,0.91,52.23,53.18,31.57,29.81,109.68,57.37,71.56
2021-11-06,3534,6165,3618,2640,935.7,130.0,520.0,193.8,48.4,1.49,0.9,49.96,54.25,31.74,29.42,105.02,57.7,73.24
2021-11-07,3494,5776,3256,2554,941.4,130.0,520.0,189.1,47.4,1.34,0.92,48.64,51.08,31.25,28.88,102.67,56.51,71.84
2021-11-08,3422,5755,3942,2544,935.5,130.0,520.0,186.0,48.1,1.34,0.94,48.99,56.98,32.15,31.05,99.74,60.08,70.33
2021-11-09,3498,6468,3650,2494,919.3,128.44,520.0,193.3,47.8,1.39,0.84,50.43,54.73,31.14,30.01,105.62,58.1,70.21
2021-11-10,3481,5753,3575,2701,917.1,129.09,520.0,192.4,46.9,1.4,0.96,48.73,53.89,32.0,30.2,99.59,58.07,73.43
2021-11-11,3468,5643,3631,2624,917.0,130.0,520.0,192.8,46.1,1.45,0.88,47.33,53.73,31.39,30.18,98.62,57.77,72.45
2021-11-12,3534,6050,3725,2498,936.1,130.0,520.0,194.9,47.7,1.38,0.83,49.92,54.91,31.23,30.53,103.12,58.66,69.57
2021-11-13,3560,5634,3601,2609,937.5,128.38,520.0,193.9,47.5,1.47,0.93,48.1,54.79,31.18,30.01,99.13,58.18,72.37
2021-11-14,3580,7181,3534,2751,928.6,130.0,520.0,195.7,48.5,1.34,0.81,55.26,54.02,32.23,29.7,111.77,58.74,74.29
2021-11-15,3687,6225,3881,2730,957.9,130.0,520.0,195.8,47.3,1.48,0.76,50.3,57.34,32.53,31.52,104.55,60.58,74.44
2021-11-16,3648,6857,3797,2686,984.2,130.0,520.0,204.3,47.2,1.45,0.77,53.73,55.74,32.6,30.98,111.16,60.38,74.58
2021-11-17,3690,6638,3619,2785,947.1,130.0,520.0,196.1,47.3,1.56,0.75,52.34,53.84,32.7,30.66,109.23,57.94,75.77
2021-11-18,3686,6006,4035,2829,948.1,130.0,520.0,197.7,46.5,1.57,0.8,49.33,57.38,32.78,31.68,102.59,61.95,75.04
2021-11-19,3693,6532,3831,2635,963.9,130.0,520.0,196.5,49.4,1.47,0.74,52.61,56.27,32.36,30.8,108.55,60.86,73.32
2021-11-20,3763,7124,3995,2908,954.4,130.0,520.0,198.2,49.1,1.34,0.73,54.65,57.05,32.97,32.21,111.91,61.24,75.57
2021-11-21,3780,6642,4142,2766,974.7,130.0,520.0,201.7,46.3,1.38,0.71,52.07,58.29,32.8,32.54,107.0,63.28,74.53
2021-11-22,3797,7433,3896,2868,955.9,130.0,520.0,201.6,48.8,1.6,0.73,55.87,57.05,33.11,31.54,115.46,60.5,75.5
2021-11-23,3841,7454,4004,2897,998.8,130.0,520.0,201.3,45.6,1.51,0.65,56.1,57.8,34.11,32.5,116.51,61.38,77.49
2021-11-24,3810,7318,4065,2818,973.7,130.0,520.0,201.2,49.1,1.66,0.63,55.72,57.31,33.02,32.13,114.44,62.62,75.05
2021-11-25,3755,6439,3706,2724,954.0,130.0,520.0,198.1,47.1,1.58,0.59,51.8,54.46,32.6,30.77,106.2,60.33,74.71
2021-11-26,3690,5965,3782,2761,948.2,130.0,520.0,200.9,48.4,1.52,0.58,49.02,55.6,32.72,31.19,102.14,59.19,73.62
2021-11-27,3579,5957,3670,2889,938.4,128.5,520.0,204.7,45.7,1.5,0.12,48.97,56.02,32.67,30.95,101.6,58.85,75.94
2021-11-28,3672,6588,3573,2629,976.5,130.0,520.0,195.4,46.7,1.41,0.13,52.38,53.9,32.14,30.22,108.19,59.27,73.68
2021-11-29,3604,6600,4101,2916,930.2,130.0,520.0,198.7,48.7,1.45,0.17,52.04,57.37,32.77,32.01,106.68,61.93,75.85
2021-11-30,3580,5179,3392,2686,937.2,130.0,520.0,196.7,47.4,1.53,0.1,45.75,53.68,32.22,29.49,94.04,55.86,73.74
2021-12-01,3554,6202,3384,2699,936.4,130.0,520.0,198.5,47.2,1.47,0.09,50.56,52.17,31.96,29.34,102.81,56.52,72.84
2021-12-02,3557,6291,3860,2580,945.2,130.0,520.0,198.7,50.0,1.53,0.12,51.65,56.23,31.97,31.25,107.1,61.09,71.8
2021-12-03,3585,6139,3784,2634,944.5,130.0,520.0,197.4,51.0,1.59,0.08,50.09,56.37,31.85,31.45,104.0,59.49,72.12
2021-12-04,3614,7004,3498,2683,929.5,130.0,520.0,197.2,49.5,1.5,0.07,54.13,52.66,31.8,29.18,112.17,57.39,72.95
2021-12-05,3569,6453,3747,2593,941.7,130.0,520.0,194.5,47.1,1.47,0.11,50.81,54.97,32.01,30.37,106.55,58.88,72.08
2021-12-06,3546,6835,3875,2667,944.1,130.0,520.0,192.6,50.6,1.44,0.08,53.08,55.85,31.81,30.84,109.95,60.39,73.59
2021-12-07,3545,6077,3603,2645,936.4,130.0,520.0,195.2,46.7,1.58,0.09,49.55,53.24,32.16,30.53,103.49,58.4,72.88
2021-12-08,3516,6576,4042,2865,953.6,130.0,520.0,189.7,48.3,1.57,0.12,51.75,58.23,33.37,32.25,108.52,61.96,76.03
2021-12-09,3582,7092,3336,2589,964.1,130.0,520.0,194.2,48.7,1.7,0.11,54.44,52.19,31.73,28.89,111.96,56.36,72.48
2021-12-10,3590,6950,3786,2732,950.3,130.0,520.0,201.2,51.0,1.54,0.18,53.79,55.1,32.08,30.99,110.95,60.07,74.22
2021-12-11,3609,5782,3896,2762,957.2,130.0,520.0,197.6,49.9,1.53,0.14,48.35,56.22,33.08,31.52,101.52,61.15,75.57
2021-12-12,3624,6243,3863,2628,923.3,130.0,520.0,201.2,48.3,1.58,0.07,51.3,56.16,31.83,30.46,102.99,60.39,71.36
2021-12-13,3665,6290,3705,2851,953.8,130.0,520.0,204.5,47.8,1.53,0.08,51.05,55.06,32.92,30.78,106.51,59.13,74.35
2021-12-14,3654,6695,3677,2723,974.5,130.0,520.0,197.7,50.2,1.48,0.05,53.76,54.71,32.72,30.42,110.43,59.08,74.79
2021-12-15,3568,6582,3716,2436,944.8,130.0,520.0,197.0,48.4,1.55,0.06,52.68,55.15,31.14,30.91,106.41,60.2,69.87
2021-12-16,3569,5823,3785,2778,940.6,130.0,520.0,195.0,49.3,1.58,0.15,48.29,55.79,32.68,30.6,100.58,59.76,73.48
2021-12-17,3517,6152,3686,2549,980.9,130.0,520.0,191.6,47.5,1.58,0.09,50.55,55.26,31.84,30.93,105.25,59.43,72.82
2021-12-18,3472,5041,3710,2525,969.8,130.0,520.0,189.9,49.9,1.57,0.05,45.13,55.16,31.85,31.26,95.84,58.83,71.37
2021-12-19,3483,6736,3360,2717,951.1,130.0,520.0,197.4,49.8,1.62,0.05,52.8,52.97,32.87,29.59,110.46,56.08,74.74
2021-12-20,3528,5892,3549,2639,966.1,130.0,520.0,196.0,47.8,1.59,0.05,48.77,53.97,32.09,30.34,102.06,57.94,73.33
2021-12-21,3509,6128,3402,2761,914.2,130.0,520.0,202.1,50.6,1.57,0.07,49.45,53.01,31.91,29.15,104.73,56.51,73.4
2021-12-22,3506,5942,3497,2789,935.8,130.0,520.0,198.5,50.1,1.45,0.1,49.17,52.84,32.27,29.28,102.06,57.19,73.84
2021-12-23,3573,6825,3826,2639,947.9,130.0,520.0,193.4,50.4,1.59,0.08,53.37,55.4,31.75,31.04,109.91,60.13,72.96
2021-12-24,3566,4818,3652,2789,951.0,130.0,520.0,199.5,49.1,1.56,0.13,44.15,54.12,32.51,30.42,93.19,58.1,73.71
2021-12-25,3678,6490,4248,2700,959.0,130.0,520.0,197.8,49.8,1.5,0.06,51.8,58.9,31.88,32.89,107.7,64.29,72.31
2021-12-26,3685,6461,3802,3038,929.2,130.0,520.0,204.0,49.7,1.64,0.15,51.68,55.34,34.5,30.46,106.57,59.27,76.17
2021-12-27,3574,6025,3652,2634,962.5,130.0,520.0,194.4,49.5,1.62,0.09,49.63,54.09,32.22,30.71,104.96,59.12,73.78
2021-12-28,3592,7165,3681,2834,967.2,130.0,520.0,192.6,50.0,1.62,0.12,55.58,55.08,33.03,30.38,113.72,59.04,74.99
2021-12-29,3591,5847,3544,2814,983.4,130.0,520.0,193.6,51.4,1.64,0.08,48.43,54.56,33.21,30.77,101.91,58.34,74.81
2021-12-30,3637,6796,3701,2789,952.6,130.0,520.0,195.0,51.2,1.61,0.14,53.42,54.22,32.27,30.74,109.36,58.83,74.64
2021-12-31,3650,6617,3937,2690,953.2,130.0,520.0,194.9,48.5,1.59,0.05,52.54,56.42,32.63,31.96,109.45,61.22,74.88
2022-01-01,3571,6876,3659,2691,918.6,130.0,520.0,194.0,51.2,1.74,0.05,52.85,54.42,31.39,30.54,110.17,57.87,73.45
2022-01-02,3493,5738,3410,2423,946.9,130.0,520.0,197.7,51.5,1.6,0.06,48.08,52.21,30.94,30.09,99.55,57.03,69.8
2022-01-03,3467,5650,3359,2656,962.7,130.0,520.0,200.8,50.0,1.38,0.15,48.2,52.47,31.63,29.44,99.2,56.67,72.87
2022-01-04,3409,6381,3379,2627,934.6,130.0,520.0,186.8,50.8,1.39,0.09,51.4,52.89,31.65,29.13,105.87,56.75,71.92
2022-01-05,3366,5962,3422,2573,971.9,129.57,520.0,196.1,50.9,1.67,0.06,48.86,54.12,32.19,29.61,103.71,57.73,72.04
2022-01-06,3382,5087,3632,2266,938.1,130.0,520.0,189.5,49.3,1.44,0.09,45.38,54.46,29.37,30.75,94.29,58.3,68.57
2022-01-07,3454,5713,3272,2490,952.0,130.0,520.0,194.7,49.9,1.56,0.11,47.99,51.75,31.15,28.55,99.39,56.06,70.97
2022-01-08,3459,6168,3457,2548,930.4,130.0,520.0,186.8,51.3,1.51,0.06,50.45,52.6,31.5,29.26,103.11,56.75,70.71
2022-01-09,3384,6197,3454,2602,948.0,130.0,520.0,193.6,49.9,1.57,0.11,49.61,53.55,31.9,29.73,105.79,57.89,71.6
2022-01-10,3392,5511,3123,2608,915.4,130.0,520.0,183.7,51.7,1.63,0.09,47.78,50.77,31.52,28.0,98.14,53.96,73.14
2022-01-11,3439,4553,3346,2595,960.8,130.0,520.0,194.2,52.2,1.56,0.08,42.59,51.92,31.99,29.61,91.48,56.5,73.04
2022-01-12,3394,6076,3323,2645,957.2,130.0,520.0,192.8,52.1,1.54,0.05,50.48,52.74,31.89,28.79,104.67,56.13,72.59
2022-01-13,3373,5219,3281,2460,965.1,130.0,520.0,192.0,53.1,1.66,0.14,46.03,51.79,31.73,29.07,96.22,55.79,71.84
2022-01-14,3361,4826,3436,2618,928.7,130.0,520.0,187.9,50.7,1.82,0.08,43.49,52.24,31.19,29.37,91.98,57.8,71.47
2022-01-15,3307,4356,3317,2565,941.5,130.0,520.0,191.7,51.1,1.65,0.05,41.92,51.92,31.85,28.72,88.42,56.31,71.74
2022-01-16,3328,6048,3273,2570,950.2,128.82,520.0,191.6,51.3,1.54,0.11,50.1,52.31,31.66,29.2,103.7,55.89,71.93
2022-01-17,3309,5693,3417,2500,947.0,130.0,520.0,188.7,50.9,1.68,0.12,47.4,52.96,31.39,29.47,101.02,56.69,71.29
2022-01-18,3318,5553,3644,2709,928.8,130.0,520.0,192.5,51.7,1.75,0.14,47.44,54.33,32.4,30.24,99.84,58.96,72.67
2022-01-19,3260,6136,3561,2532,900.5,128.77,520.0,187.9,49.0,1.69,0.12,49.49,53.33,31.12,29.46,103.35,57.03,70.61
2022-01-20,3226,5723,2941,2363,938.7,130.0,520.0,189.5,51.4,1.48,0.11,48.29,49.46,30.14,27.38,100.85,53.15,68.34
2022-01-21,3251,6214,3376,2501,934.4,130.0,520.0,187.6,49.6,1.65,0.08,50.27,52.27,31.01,28.92,105.75,57.51,70.69
2022-01-22,3221,4828,3219,2528,925.6,130.0,520.0,188.2,50.1,1.57,0.08,43.56,51.37,30.72,28.78,92.03,54.57,71.84
2022-01-23,3297,5592,3358,2451,954.0,130.0,520.0,191.6,52.2,1.63,0.13,47.2,52.16,30.91,29.62,100.41,56.85,71.38
2022-01-24,3265,4818,3231,2594,939.1,130.0,520.0,186.8,51.1,1.59,0.09,44.18,51.67,31.73,29.18,92.87,55.5,71.69
2022-01-25,3264,5431,3315,2524,920.6,130.0,520.0,183.5,52.3,1.69,0.05,46.77,52.1,31.28,29.0,97.68,55.98,69.97
2022-01-26,3300,5502,3361,2276,915.6,130.0,520.0,190.4,51.2,1.61,0.09,47.03,52.28,29.83,28.92,97.57,55.85,66.55
2022-01-27,3215,5693,3148,2480,919.6,130.0,520.0,191.9,52.9,1.74,0.1,47.86,50.82,30.32,28.04,98.51,54.1,70.71
2022-01-28,3115,5213,2990,2339,962.6,130.0,520.0,185.8,51.3,1.61,0.05,46.38,50.18,30.31,28.03,96.78,53.97,69.8
2022-01-29,3028,5249,2967,2365,929.1,130.0,515.5,183.6,49.3,1.58,0.13,46.33,49.86,30.11,27.58,96.16,52.91,69.43
2022-01-30,3084,5413,3133,2444,927.5,130.0,520.0,183.6,52.0,1.66,0.1,45.75,49.32,30.33,28.13,96.88,53.24,71.11
2022-01-31,3047,5911,3147,2347,918.7,130.0,520.0,185.8,49.1,1.64,0.05,47.75,50.85,29.87,28.09,101.28,53.96,68.85
2022-02-01,3169,5181,3326,2578,931.0,130.0,520.0,185.2,50.1,1.68,0.09,46.16,52.9,31.48,29.35,94.76,55.81,71.88
2022-02-02,3130,4834,3069,2372,948.9,130.0,520.0,183.1,50.8,1.62,0.1,43.56,50.0,30.95,27.96,92.27,53.71,68.88
2022-02-03,3130,5330,3192,2448,924.6,130.0,520.0,189.4,50.7,1.74,0.14,45.65,50.47,30.43,28.81,96.15,54.9,71.05
2022-02-04,3199,5038,3378,2517,948.4,128.49,520.0,184.6,51.3,1.73,0.14,44.91,53.19,30.97,29.4,93.7,56.27,71.31
2022-02-05,3290,6255,3518,2495,944.6,130.0,520.0,192.6,50.8,1.66,0.14,49.91,53.04,30.97,29.78,104.64,57.65,70.58
2022-02-06,3383,5674,3418,2652,989.1,130.0,520.0,195.9,50.4,1.75,0.12,48.29,53.12,32.5,29.6,101.77,58.69,74.02
2022-02-07,3431,5650,3443,2545,976.7,130.0,520.0,195.0,54.0,1.67,0.07,47.8,53.53,32.08,29.79,101.73,58.22,73.56
2022-02-08,3469,5780,3558,2590,988.8,130.0,520.0,188.7,51.3,1.75,0.06,48.83,54.06,32.04,30.56,103.63,58.99,74.44
2022-02-09,3485,6391,3338,2507,963.6,130.0,520.0,194.2,49.5,1.77,0.07,51.54,52.92,30.95,29.19,106.47,57.48,71.05
2022-02-10,3510,6025,3536,2689,991.4,130.0,520.0,193.9,51.8,1.73,0.1,49.94,53.94,32.25,30.59,105.21,58.53,75.08
2022-02-11,3467,5694,3653,2667,967.2,130.0,520.0,191.6,50.9,1.64,0.1,48.11,55.01,32.34,30.49,101.06,59.06,73.79
2022-02-12,3412,6655,3571,2715,968.5,130.0,520.0,192.8,51.3,1.61,0.14,52.8,54.39,32.85,30.26,109.01,57.94,74.77
2022-02-13,3398,5441,3399,2665,990.6,130.0,520.0,194.9,53.2,1.73,0.09,47.8,54.17,33.03,29.39,99.58,58.13,74.24
2022-02-14,3377,5808,3458,2538,948.9,130.0,520.0,189.5,51.9,1.64,0.05,49.21,53.72,31.07,29.85,102.07,58.26,72.04
2022-02-15,3341,6007,3242,2422,964.6,130.0,520.0,189.7,51.1,1.78,0.05,49.59,51.54,30.98,28.84,103.11,56.3,71.45
2022-02-16,3364,5011,3527,2603,971.2,130.0,520.0,190.0,53.0,1.58,0.06,45.91,53.34,31.67,30.61,94.67,58.88,71.87
2022-02-17,3401,6072,3434,2699,976.8,130.0,520.0,196.6,53.9,1.82,0.06,50.47,53.8,32.27,30.02,104.08,56.17,74.39
2022-02-18,3392,5336,3391,2656,962.1,130.0,520.0,190.7,53.2,1.72,0.05,46.07,52.52,31.88,29.54,97.15,58.14,72.64
2022-02-19,3455,6366,3445,2737,1007.2,130.0,520.0,188.4,49.7,1.66,0.16,51.33,53.75,32.92,30.46,108.6,58.06,75.01
2022-02-20,3383,5360,3418,2550,949.8,130.0,520.0,185.2,51.3,1.68,0.05,46.29,52.33,31.23,29.65,96.92,58.16,71.83
2022-02-21,3361,6075,3328,2508,989.5,130.0,520.0,192.4,52.8,1.7,0.08,50.86,53.14,32.37,29.78,104.34,57.78,71.61
2022-02-22,3313,6143,3460,2447,981.6,130.0,520.0,186.6,52.5,1.75,0.13,50.3,53.32,31.09,29.69,105.33,58.2,70.97
2022-02-23,3207,5774,3169,2439,981.6,130.0,520.0,189.6,52.4,1.6,0.12,48.05,51.51,31.48,28.9,102.08,55.38,70.39
2022-02-24,3193,5479,3474,2427,928.5,130.0,520.0,181.3,51.6,1.62,0.05,46.72,52.94,30.44,29.73,97.6,57.16,69.56
2022-02-25,3178,5237,3435,2443,938.4,130.0,520.0,184.0,51.2,1.67,0.15,45.03,52.9,31.49,29.04,97.25,55.98,70.63
2022-02-26,3246,5237,3130,2460,981.5,130.0,520.0,182.6,55.3,1.7,0.14,45.92,51.57,31.4,29.06,96.83,55.71,71.99
2022-02-27,3268,6193,3312,2475,933.9,130.0,520.0,190.2,53.0,1.77,0.09,49.93,51.73,31.2,28.62,104.09,54.62,70.14
2022-02-28,3206,5097,3126,2368,932.2,130.0,520.0,189.5,53.7,1.73,0.1,45.16,50.1,30.18,27.8,93.34,54.28,70.1
2022-03-01,3291,5129,3271,2599,958.4,130.0,520.0,190.4,53.0,1.69,0.06,45.98,50.99,32.13,28.14,95.48,56.75,72.94
2022-03-02,3342,6016,3722,2550,974.6,130.0,520.0,186.1,53.1,1.75,0.11,50.11,55.49,31.82,31.1,102.89,60.1,73.24
2022-03-03,3361,5388,3351,2538,998.2,130.0,520.0,187.9,53.0,1.75,0.11,46.76,53.02,31.75,29.14,98.41,56.47,71.69
2022-03-04,3338,5269,3439,2463,969.9,130.0,520.0,191.2,51.7,1.71,0.08,46.2,52.96,30.88,29.61,95.86,56.8,71.44
2022-03-05,3279,4923,3402,2363,958.1,130.0,520.0,182.0,51.3,1.73,0.13,44.65,52.9,30.49,29.78,93.28,56.69,70.18
2022-03-06,3250,5287,3116,2605,969.5,130.0,520.0,187.1,53.6,1.55,0.11,46.32,51.39,31.87,28.51,97.32,54.99,71.88
2022-03-07,3296,5567,3188,2564,977.3,130.0,520.0,195.3,53.4,1.81,0.23,47.7,52.16,32.08,28.62,99.84,56.07,74.05
2022-03-08,3381,5915,3220,2404,986.3,130.0,520.0,190.7,54.3,1.79,0.06,48.82,51.2,30.97,28.53,102.98,56.33,70.54
2022-03-09,3448,6411,3346,2699,984.6,130.0,520.0,187.2,54.1,1.88,0.15,51.31,52.68,32.04,29.48,107.29,56.45,74.67
2022-03-10,3411,6119,2967,2688,954.8,130.0,520.0,189.8,52.3,1.69,0.07,49.91,50.14,32.48,27.98,103.8,53.86,74.12
2022-03-11,3343,5626,3476,2555,964.0,130.0,520.0,187.9,54.6,1.79,0.12,46.68,54.29,32.04,30.08,100.13,58.02,72.26
2022-03-12,3340,5615,3727,2703,999.4,130.0,520.0,198.9,54.2,1.59,0.05,48.55,55.44,32.27,31.72,100.97,60.42,75.55
2022-03-13,3239,5699,3293,2489,971.2,130.0,520.0,194.4,54.1,1.59,0.08,47.79,52.96,31.9,28.99,101.17,57.59,72.78
2022-03-14,3247,6052,3045,2333,965.0,130.0,520.0,190.9,56.0,1.71,0.12,50.16,49.7,30.88,27.73,103.72,54.69,68.95
2022-03-15,3231,5511,3154,2498,985.6,130.0,520.0,186.2,55.8,1.68,0.11,47.89,52.05,31.35,28.83,99.46,55.98,72.08
2022-03-16,3198,5180,3149,2462,949.2,130.0,520.0,191.5,54.2,1.81,0.05,45.47,50.76,30.68,28.49,96.42,55.82,71.33
2022-03-17,3109,4770,2966,2317,954.1,130.0,520.0,179.9,54.0,1.81,0.08,44.27,50.42,30.59,27.72,92.89,53.96,68.21
2022-03-18,3129,4621,3281,2443,962.2,130.0,520.0,189.2,54.7,1.82,0.16,43.58,51.82,30.62,28.84,91.38,55.84,71.49
2022-03-19,3095,5423,3234,2206,950.7,130.0,520.0,187.7,52.7,1.76,0.14,46.7,51.38,29.45,27.99,98.86,56.19,68.84
2022-03-20,3029,5233,2861,2407,952.6,130.0,520.0,181.7,52.7,1.75,0.14,45.81,48.79,30.36,26.97,96.49,52.49,70.98
2022-03-21,2878,4884,2974,2128,933.0,130.0,520.0,183.0,54.2,1.57,0.19,44.57,48.62,29.07,27.75,92.75,52.77,66.77
2022-03-22,2874,4611,3084,2116,914.9,130.0,520.0,176.5,52.4,1.79,0.05,42.76,49.03,29.28,27.97,89.95,53.38,66.89
2022-03-23,2961,5396,3242,2256,948.5,130.0,520.0,175.5,54.2,1.79,0.08,47.09,51.82,30.01,29.09,97.84,56.21,68.56
2022-03-24,3041,4834,3486,2365,934.8,130.0,520.0,186.6,53.6,1.59,0.1,42.97,53.62,30.67,29.78,91.84,57.58,68.54
2022-03-25,3013,5344,2882,2319,954.9,130.0,520.0,181.6,52.4,1.74,0.07,46.55,49.35,30.19,27.6,96.14,53.42,68.92
2022-03-26,2977,4871,3399,2210,969.9,130.0,520.0,183.4,53.5,1.65,0.1,43.89,52.4,29.87,29.84,93.98,57.47,68.13
2022-03-27,2997,4690,2947,2246,947.7,130.0,520.0,188.8,55.0,1.85,0.15,43.41,49.65,29.47,27.59,92.18,53.38,68.18
2022-03-28,2942,5036,2853,2150,929.2,130.0,520.0,177.2,53.6,1.61,0.1,45.07,47.95,29.13,27.07,93.37,52.42,66.62
2022-03-29,2953,4992,3001,2240,946.7,130.0,520.0,179.8,53.6,1.7,0.05,45.49,49.99,29.57,26.93,94.93,53.98,67.92
2022-03-30,2989,5052,2904,2384,940.4,130.0,520.0,187.6,53.9,1.71,0.13,44.62,49.55,30.47,27.16,93.37,52.53,69.81
2022-03-31,3047,5073,3116,2328,968.4,130.0,520.0,185.5,54.0,1.7,0.1,45.22,51.13,30.4,28.26,95.1,54.28,70.54
2022-04-01,3036,5003,2843,2401,956.8,130.0,520.0,179.7,53.1,1.88,0.05,44.93,49.52,30.66,27.2,95.75,52.38,70.36
2022-04-02,3021,5936,2991,2444,983.6,130.0,520.0,178.3,53.9,1.84,0.08,49.19,50.19,31.86,27.78,103.63,54.47,71.71
2022-04-03,2972,5336,3164,2221,970.8,130.0,520.0,178.7,52.2,1.56,0.05,47.06,51.22,30.44,28.94,97.62,55.02,67.11
2022-04-04,2926,5049,2914,2224,946.8,130.0,520.0,176.7,52.5,1.73,0.09,45.03,49.19,30.14,27.18,94.85,54.08,68.01
2022-04-05,2911,4783,2927,2424,958.8,130.0,520.0,180.2,52.7,1.68,0.08,44.03,48.76,31.44,27.93,93.55,53.53,71.2
2022-04-06,2927,5160,2993,2371,944.4,130.0,520.0,180.0,54.1,1.75,0.05,45.79,49.49,30.91,27.46,94.56,53.65,70.36
2022-04-07,2970,5073,3145,2121,955.9,130.0,520.0,181.9,53.7,1.71,0.11,45.25,50.81,29.23,28.28,96.06,54.65,67.62
2022-04-08,2926,4783,2680,2275,945.8,130.0,520.0,176.3,53.3,1.62,0.06,43.5,47.3,29.94,26.28,92.01,51.64,68.7
2022-04-09,2998,4813,3090,2293,970.8,130.0,520.0,181.3,54.3,1.61,0.15,44.24,50.93,30.37,28.21,93.8,54.16,69.52
2022-04-10,2981,4862,2942,2356,979.5,130.0,520.0,172.8,53.9,1.66,0.11,44.25,49.11,30.65,28.18,93.55,53.91,69.8
2022-04-11,2976,3644,3002,2209,969.9,130.0,520.0,181.5,53.1,1.68,0.09,38.92,49.57,29.53,27.89,84.35,53.85,68.78
2022-04-12,2934,4871,3086,2171,967.9,130.0,520.0,184.6,52.2,1.7,0.15,44.89,51.29,29.7,28.23,93.71,54.75,67.38
2022-04-13,2808,4338,2626,2096,955.0,130.0,520.0,170.9,52.5,1.62,0.11,41.42,46.18,28.63,26.12,87.83,51.15,67.02
2022-04-14,2851,5196,2696,2136,954.5,130.0,520.0,179.6,51.7,1.81,0.11,45.21,48.0,29.35,26.54,96.49,50.87,67.1
2022-04-15,2887,4694,2600,2284,933.4,130.0,520.0,176.2,53.6,1.72,0.1,43.29,46.49,29.62,26.12,92.14,49.52,68.36
2022-04-16,2870,4207,2782,2096,974.7,130.0,520.0,181.4,52.4,1.74,0.09,41.22,48.7,29.25,27.07,89.01,51.97,67.65
2022-04-17,2871,4634,3052,2146,976.8,130.0,520.0,178.8,52.8,1.66,0.12,43.53,51.39,29.62,28.2,91.99,55.01,68.02
2022-04-18,2895,4311,2871,2059,949.2,130.0,520.0,180.5,53.2,1.59,0.16,41.83,48.81,28.74,27.6,88.93,52.9,66.22
2022-04-19,2813,4697,2611,2245,938.9,130.0,520.0,177.0,54.6,1.73,0.05,42.49,47.15,29.26,26.23,91.12,50.33,67.71
2022-04-20,2785,4568,2700,2246,951.0,130.0,520.0,181.3,54.4,1.57,0.17,43.18,47.69,29.51,26.26,91.05,52.4,69.25
2022-04-21,2824,4898,2601,2138,954.7,130.0,520.0,178.4,53.2,1.5,0.06,43.99,46.95,29.46,26.21,93.85,51.35,67.3
2022-04-22,2759,4129,2585,2093,936.9,130.0,520.0,172.5,54.8,1.69,0.11,40.7,46.5,28.75,25.87,84.42,50.82,66.63
2022-04-23,2773,4451,2808,2167,923.0,130.0,520.0,176.0,50.9,1.59,0.05,41.76,48.38,29.36,26.98,88.14,51.45,66.79
2022-04-24,2703,3820,2521,2201,939.3,130.0,520.0,172.3,55.5,1.61,0.16,39.1,45.82,29.52,25.82,83.98,50.35,67.09
2022-04-25,2727,4583,2855,2130,945.9,130.0,520.0,175.1,54.1,1.69,0.05,43.59,48.15,29.14,27.54,90.74,52.71,67.03
2022-04-26,2725,4515,2692,2035,948.6,130.0,520.0,172.7,53.3,1.56,0.14,42.76,47.61,28.81,26.33,90.09,50.95,65.4
2022-04-27,2642,4324,2623,1902,934.5,130.0,520.0,169.5,52.1,1.49,0.09,41.94,46.95,27.66,26.1,88.13,50.5,64.15
2022-04-28,2702,4287,2640,1985,932.0,130.0,520.0,174.6,52.6,1.73,0.09,41.44,46.03,28.41,25.89,88.52,50.13,62.85
2022-04-29,2665,4347,2739,2056,947.3,130.0,520.0,173.0,53.9,1.62,0.05,42.09,47.89,28.68,26.72,88.87,51.3,65.74
2022-04-30,2624,4649,2694,1967,929.3,130.0,520.0,176.0,53.9,1.71,0.15,43.18,46.68,28.93,25.95,89.1,50.45,64.53
2022-05-01,2635,4050,2648,2044,922.9,130.0,520.0,170.4,53.9,1.66,0.09,40.28,47.18,28.19,26.27,86.73,51.04,64.73
2022-05-02,2694,4317,2744,2026,933.8,130.0,520.0,165.7,52.2,1.67,0.13,41.98,46.82,28.42,26.63,86.65,51.45,65.55
2022-05-03,2643,3798,2585,1948,905.0,130.0,514.4,170.8,51.9,1.62,0.05,38.87,47.1,27.75,25.82,83.36,49.31,63.52
2022-05-04,2646,3878,2687,1941,929.1,128.01,520.0,165.8,53.2,1.62,0.06,40.38,47.07,27.62,26.62,82.96,51.22,64.22
2022-05-05,2668,4248,2596,2181,944.8,130.0,520.0,174.6,53.9,1.7,0.11,41.74,46.38,29.68,26.2,88.69,50.51,67.06
2022-05-06,2704,4669,2679,2152,943.6,130.0,520.0,167.1,52.9,1.68,0.05,42.82,47.26,29.17,26.08,91.11,51.66,67.6
2022-05-07,2712,4219,2651,2229,962.5,130.0,520.0,170.1,54.7,1.57,0.11,41.36,47.76,29.17,26.33,88.21,51.29,68.67
2022-05-08,2692,4186,2606,2115,933.9,130.0,520.0,172.1,52.9,1.65,0.07,41.1,47.17,29.22,26.06,85.46,49.69,66.55
2022-05-09,2650,4039,2530,2004,940.8,130.0,520.0,178.6,52.8,1.55,0.07,40.36,46.14,28.28,25.74,86.28,49.68,65.26
2022-05-10,2654,4005,2686,2150,946.0,130.0,520.0,168.2,53.6,1.57,0.12,40.53,46.77,29.27,26.45,85.92,50.65,68.57
2022-05-11,2600,4164,2734,2000,963.6,130.0,520.0,171.1,54.2,1.63,0.11,41.51,47.49,28.86,27.33,87.93,52.16,65.58
2022-05-12,2452,3309,2547,1911,914.8,130.0,502.6,169.5,51.1,1.51,0.06,36.14,46.15,27.63,25.73,79.4,50.19,63.14
2022-05-13,2477,4201,2280,1909,899.8,130.0,508.6,173.8,51.3,1.58,0.14,41.11,44.34,27.48,24.6,86.15,46.56,62.5
2022-05-14,2525,3703,2645,1718,933.6,128.18,512.6,172.2,52.2,1.6,0.12,38.52,47.56,27.6,25.64,82.52,50.65,62.25
2022-05-15,2406,3876,2319,1980,936.0,130.0,495.5,170.4,56.4,1.52,0.05,39.3,44.76,27.65,25.16,83.66,48.79,65.81
2022-05-16,2358,3204,2374,1861,898.0,130.0,511.3,168.2,52.2,1.59,0.09,35.76,44.99,26.93,25.71,77.04,47.25,62.09
2022-05-17,2393,3832,2236,1875,919.5,130.0,487.9,160.8,52.3,1.5,0.11,39.46,44.78,27.26,24.87,84.23,47.09,63.07
2022-05-18,2500,4067,2475,1925,937.1,130.0,520.0,169.9,53.2,1.63,0.1,40.32,46.42,28.55,25.45,85.33,49.44,64.0
2022-05-19,2502,3983,2499,1944,934.3,130.0,520.0,171.9,53.6,1.56,0.05,39.75,46.42,27.9,26.34,83.82,50.12,64.3
2022-05-20,2466,3488,2242,1859,917.1,130.0,517.6,163.7,52.6,1.56,0.1,37.36,43.43,27.55,24.48,79.65,47.58,61.94
2022-05-21,2458,3848,2486,1946,903.9,128.18,503.8,165.0,53.7,1.47,0.13,38.31,45.89,27.68,25.45,83.51,49.37,64.21
2022-05-22,2529,3550,2657,1849,921.0,130.0,508.7,166.0,50.8,1.53,0.1,37.53,47.13,27.64,26.11,80.78,50.9,63.68
2022-05-23,2497,3774,2433,1941,925.6,130.0,513.1,171.5,51.3,1.56,0.1,38.45,45.67,27.99,25.23,83.48,48.75,63.01
2022-05-24,2456,4079,2575,1940,928.0,130.0,517.7,167.0,53.6,1.61,0.14,40.27,47.04,28.09,25.24,84.36,50.9,65.24
2022-05-25,2433,3957,2362,1865,916.8,130.0,509.9,165.4,52.1,1.5,0.05,39.95,44.88,27.89,25.19,82.31,47.9,64.03
2022-05-26,2385,3627,2433,1873,900.9,130.0,495.9,160.3,50.6,1.6,0.13,38.2,44.92,27.54,25.03,81.28,47.15,60.97
2022-05-27,2393,3354,2082,1777,915.8,130.0,514.3,165.4,50.5,1.45,0.11,37.4,42.12,26.8,23.75,79.85,45.15,60.7
2022-05-28,2476,4007,2727,1838,929.5,130.0,520.0,165.6,51.0,1.55,0.05,40.48,47.39,27.57,26.63,83.98,51.22,62.95
2022-05-29,2492,3850,2633,1942,924.0,130.0,515.2,169.2,51.9,1.48,0.13,39.07,46.88,28.71,25.99,84.04,50.3,64.92
2022-05-30,2479,3107,2400,1966,904.2,130.0,516.2,163.3,52.4,1.64,0.17,35.63,44.92,28.11,25.09,77.52,48.07,64.15
2022-05-31,2463,4019,2179,1760,912.3,130.0,501.3,168.2,51.4,1.62,0.11,39.9,43.42,26.94,24.54,84.8,46.82,61.74
2022-06-01,2383,3610,2365,1882,920.4,130.0,500.5,163.6,52.2,1.52,0.12,37.27,45.25,27.22,25.12,82.12,48.92,63.69
2022-06-02,2427,4066,2208,1835,890.2,127.74,513.1,161.6,51.2,1.46,0.06,39.38,43.61,27.32,24.07,84.72,46.84,61.64
2022-06-03,2423,3375,2427,1858,879.0,130.0,511.2,161.1,53.1,1.38,0.08,36.49,44.57,27.39,24.88,78.12,48.46,62.92
2022-06-04,2412,2743,2412,1765,931.7,127.88,503.0,161.4,54.7,1.52,0.06,34.21,44.86,27.19,25.34,74.89,48.33,62.15
2022-06-05,2573,4102,2417,1915,934.2,130.0,520.0,169.6,51.1,1.53,0.12,40.76,45.55,27.97,25.07,87.47,48.69,63.05
2022-06-06,2584,4130,2692,2068,936.7,130.0,520.0,171.2,52.1,1.58,0.08,40.9,48.52,29.63,26.52,86.06,51.48,65.41
2022-06-07,2541,3412,2603,1962,906.7,130.0,519.9,170.6,51.9,1.39,0.08,36.35,46.46,28.19,26.06,79.34,50.01,64.2
2022-06-08,2515,3586,2595,1911,930.9,127.93,520.0,170.1,51.6,1.51,0.13,38.35,46.45,28.25,26.05,80.89,50.52,63.74
2022-06-09,2569,4887,2534,1971,929.7,130.0,509.5,167.3,52.1,1.54,0.77,44.18,46.41,28.21,25.63,92.91,50.09,64.36
2022-06-10,2569,3907,2354,2019,901.6,130.0,520.0,174.5,51.9,1.43,0.7,39.52,44.71,28.16,24.72,83.43,48.02,64.66
2022-06-11,2490,4064,2567,1956,938.0,130.0,518.3,166.4,50.7,1.49,0.65,40.86,46.8,28.38,26.16,86.72,50.96,64.81
2022-06-12,2532,3722,2459,1947,923.4,130.0,515.7,171.1,52.8,1.43,0.73,38.62,46.19,27.97,25.08,83.54,48.83,63.43
2022-06-13,2492,3200,2279,2008,910.5,130.0,511.5,167.6,51.4,1.41,0.74,36.63,44.19,28.21,24.32,78.22,47.08,65.34
2022-06-14,2581,3975,2718,2066,920.2,130.0,520.0,172.1,50.6,1.45,0.77,39.45,48.0,28.76,25.95,85.38,50.18,65.42
2022-06-15,2628,4041,2869,2057,900.5,130.0,520.0,171.0,53.9,1.47,0.73,39.49,48.25,28.24,26.9,84.17,52.3,65.21
2022-06-16,2597,3932,2557,2005,936.0,130.0,520.0,172.6,50.8,1.58,0.79,39.97,47.16,28.5,26.16,84.05,49.78,65.19
2022-06-17,2653,4143,2907,2095,936.8,130.0,520.0,172.5,51.2,1.47,0.79,40.63,49.56,28.95,27.74,86.87,53.43,65.96
2022-06-18,2646,4255,2628,2062,929.0,130.0,516.1,175.6,51.1,1.42,0.76,41.3,47.27,28.97,26.6,87.33,50.63,66.19
2022-06-19,2679,4187,2602,2148,954.4,130.0,520.0,169.9,50.6,1.55,0.81,41.99,47.4,29.19,26.03,88.83,50.54,67.26
2022-06-20,2692,3835,2583,2145,915.6,130.0,520.0,166.5,51.3,1.57,0.82,39.26,47.44,28.4,25.92,81.96,49.41,66.37
2022-06-21,2638,4310,2820,1947,921.2,130.0,520.0,168.2,49.7,1.54,0.75,41.44,48.63,27.89,26.74,88.0,52.3,62.63
2022-06-22,2593,3423,2459,1911,912.3,128.45,515.9,175.2,51.3,1.57,0.84,36.83,44.91,27.83,25.81,80.07,48.9,64.0
2022-06-23,2634,3463,2699,1971,925.0,130.0,520.0,171.4,48.4,1.48,0.8,36.83,47.39,28.44,26.79,79.82,51.13,64.39
2022-06-24,2605,4322,2500,2085,926.7,130.0,520.0,171.6,48.9,1.47,0.8,41.45,45.72,28.57,25.65,87.15,49.77,66.32
2022-06-25,2572,4174,2478,1858,928.3,130.0,520.0,166.2,52.6,1.39,0.82,41.24,46.75,27.73,25.34,86.35,49.46,64.22
2022-06-26,2512,3867,2598,1969,909.7,130.0,498.8,169.0,48.9,1.55,0.88,39.05,46.93,28.34,24.83,82.27,49.54,64.62
2022-06-27,2522,3469,2434,1974,902.5,130.0,508.7,165.0,48.0,1.43,0.88,37.43,46.02,28.19,24.71,80.79,48.83,64.06
2022-06-28,2615,3868,2530,2107,950.6,130.0,520.0,168.0,48.8,1.42,0.86,40.25,46.04,28.88,25.36,86.46,50.5,66.48
2022-06-29,2547,3874,2651,1978,953.7,130.0,510.0,168.1,52.3,1.4,0.86,40.3,47.9,28.24,26.0,84.47,51.26,66.72
2022-06-30,2535,3431,2695,1850,918.0,129.12,520.0,171.2,48.0,1.48,0.85,37.45,46.45,27.57,26.89,79.43,51.17,63.2
2022-07-01,2594,3816,2642,1921,910.5,130.0,518.9,173.2,48.9,1.44,0.97,39.03,45.84,28.24,25.66,82.08,50.68,63.71
2022-07-02,2575,4227,2457,1891,941.6,130.0,512.8,172.8,48.3,1.44,0.84,40.61,45.56,27.87,25.22,86.66,49.18,63.8
2022-07-03,2584,4497,2484,1948,898.3,128.93,520.0,164.3,49.6,1.4,0.85,41.69,46.06,27.74,25.03,88.13,48.68,63.09
2022-07-04,2516,3763,2485,1927,907.2,130.0,520.0,168.9,49.4,1.39,0.89,38.56,44.95,27.34,26.16,83.29,50.16,62.41
2022-07-05,2524,4147,2524,1857,902.2,130.0,516.1,168.3,49.2,1.4,0.85,40.04,45.65,27.22,25.48,87.86,49.93,63.56
2022-07-06,2501,3271,2338,2044,892.3,130.0,519.6,162.4,52.0,1.52,0.93,36.34,44.75,28.04,24.96,77.27,47.64,64.16
2022-07-07,2538,4147,2589,1853,909.0,127.84,520.0,169.5,48.3,1.26,0.83,41.23,46.65,27.38,25.87,85.19,50.22,62.64
2022-07-08,2584,3776,2560,2098,904.8,130.0,511.3,169.7,49.5,1.44,0.87,39.31,47.06,28.2,25.07,81.67,49.12,65.47
2022-07-09,2701,4389,2446,2175,930.0,130.0,520.0,175.8,50.0,1.51,0.89,41.92,45.51,29.2,25.86,88.81,48.81,67.85
2022-07-10,2714,4226,2565,2161,931.2,130.0,520.0,174.4,48.3,1.28,0.87,41.4,46.17,28.93,26.02,87.36,49.43,66.39
2022-07-11,2714,4767,2622,2028,920.9,128.84,520.0,171.9,50.1,1.41,0.95,43.16,46.1,28.7,26.01,91.58,50.47,65.22
2022-07-12,2707,3997,2673,2110,923.5,130.0,520.0,177.6,48.9,1.49,0.86,40.53,46.87,28.63,26.81,84.62,50.91,66.39
2022-07-13,2673,4437,2895,1951,921.4,130.0,520.0,164.1,49.8,1.35,0.88,41.32,48.08,27.84,27.06,89.62,53.0,63.34
2022-07-14,2674,4133,2679,2132,936.7,130.0,520.0,172.8,49.2,1.42,0.9,41.09,46.4,29.21,26.36,87.01,50.92,65.75
2022-07-15,2644,4110,2504,2029,918.5,130.0,520.0,165.2,46.8,1.32,0.96,40.6,46.74,28.27,25.45,86.27,49.9,64.6
2022-07-16,2638,4088,2636,1997,931.9,130.0,520.0,168.5,50.7,1.39,0.98,40.16,46.94,29.06,26.52,86.21,50.94,65.09
2022-07-17,2690,3972,2617,1967,933.4,130.0,520.0,175.6,51.6,1.5,0.95,39.87,48.09,28.48,26.37,84.86,51.72,64.7
2022-07-18,2624,4115,2634,1820,925.5,130.0,519.5,166.6,48.8,1.52,0.88,40.06,46.38,27.35,26.22,85.5,51.33,62.65
2022-07-19,2668,4192,2716,1967,941.9,130.0,520.0,167.2,47.9,1.41,0.91,40.63,47.43,28.39,26.28,87.49,52.14,65.2
2022-07-20,2720,4408,2860,2183,909.4,130.0,520.0,183.8,50.7,1.29,0.98,41.03,47.81,28.45,26.82,88.38,52.41,66.12
2022-07-21,2699,4309,2671,2042,916.3,130.0,520.0,168.3,51.2,1.36,0.94,41.6,46.61,28.83,25.9,87.82,50.19,65.03
2022-07-22,2577,4277,2749,1972,936.1,130.0,510.2,177.1,48.6,1.22,0.89,41.87,48.23,28.41,27.04,86.61,51.71,64.68
2022-07-23,2534,4220,2608,2005,900.5,127.59,507.5,168.7,48.5,1.33,0.98,39.83,46.52,28.09,25.36,86.45,51.02,63.85
2022-07-24,2588,3704,2463,2138,867.5,130.0,512.3,168.7,48.6,1.43,0.92,38.66,45.13,28.7,25.45,80.61,48.49,66.56
2022-07-25,2575,4295,2819,2089,904.6,125.99,496.6,172.7,46.6,1.24,0.95,41.08,48.5,28.81,27.11,86.36,51.19,64.13
2022-07-26,2512,3517,2512,1863,902.3,126.84,498.8,174.1,48.3,1.32,0.92,37.6,46.12,27.24,25.18,80.69,49.34,63.47
2022-07-27,2476,3989,2331,1763,856.5,129.9,509.4,163.3,50.6,1.26,0.91,38.52,43.06,26.53,24.22,83.11,46.54,61.02
2022-07-28,2509,4071,2672,2119,918.8,126.83,494.0,166.7,48.3,1.47,0.98,40.76,46.72,29.21,26.02,87.08,50.25,66.57
2022-07-29,2527,3316,2745,2126,889.3,128.1,518.5,172.6,47.2,1.36,0.96,36.49,47.13,28.8,26.43,78.42,50.99,65.58
2022-07-30,2504,3897,2458,1947,901.9,130.0,507.7,169.7,49.0,1.39,0.96,39.68,47.04,27.74,25.65,83.25,49.12,64.5
2022-07-31,2476,3666,2370,1815,889.9,127.08,497.6,172.2,47.5,1.34,0.9,38.51,44.74,27.08,25.13,81.05,47.47,61.62
2022-08-01,2446,3521,2379,1963,870.1,130.0,494.8,169.1,48.2,1.37,0.94,37.65,44.17,28.03,24.52,78.49,47.35,63.42
2022-08-02,2391,4027,2424,1841,866.7,127.63,475.8,172.8,46.7,1.38,0.92,39.14,44.73,27.16,25.19,84.46,47.21,61.72
2022-08-03,2465,3589,2575,1895,876.2,129.15,489.3,168.3,46.9,1.31,0.91,37.42,45.33,26.95,25.85,80.29,49.18,62.38
2022-08-04,2440,3493,2461,1953,903.1,130.0,499.3,167.8,49.0,1.26,0.96,37.14,45.34,28.03,25.19,80.23,47.82,63.87
2022-08-05,2493,3868,2462,1950,889.8,129.04,488.7,169.6,48.2,1.23,0.93,39.31,45.5,27.86,25.15,82.12,48.44,62.9
2022-08-06,2560,4205,2712,1880,890.9,130.0,509.7,169.5,47.1,1.45,0.97,40.64,46.84,27.7,26.64,86.36,50.59,62.27
2022-08-07,2600,4024,2527,1977,888.4,130.0,494.4,174.5,48.1,1.38,0.97,40.08,45.09,27.86,25.72,83.52,48.19,64.7
2022-08-08,2567,4374,2661,2031,916.1,127.68,491.3,171.2,47.2,1.13,0.92,42.04,46.82,28.28,26.54,87.59,50.05,66.73
2022-08-09,2577,4191,2505,2026,920.5,130.0,516.7,173.7,46.9,1.29,0.95,40.11,45.63,28.0,26.35,86.61,49.38,65.35
2022-08-10,2564,3299,2582,1997,914.3,129.39,499.3,174.0,49.2,1.33,0.91,37.17,45.58,27.99,26.0,78.23,49.81,65.06
2022-08-11,2507,3711,2452,2007,897.1,126.82,487.6,170.4,48.7,1.42,0.9,38.7,44.77,28.46,25.26,81.16,48.55,64.45
2022-08-12,2513,3713,2466,1911,894.0,128.48,503.0,170.8,47.7,1.2,0.88,38.14,44.41,27.61,25.61,81.61,48.83,63.37
2022-08-13,2443,3884,2351,1901,863.1,129.44,493.0,162.9,47.9,1.31,0.93,38.84,43.19,27.19,25.08,82.97,46.46,62.63
2022-08-14,2493,3038,2615,1665,882.5,128.41,495.8,166.1,47.6,1.25,0.89,35.0,45.45,26.51,25.53,76.11,50.01,60.58
2022-08-15,2459,4543,2325,1865,871.5,130.0,479.2,170.8,48.2,1.18,0.97,42.08,44.23,27.43,24.38,88.69,47.07,62.99
2022-08-16,2458,3933,2323,1957,853.6,129.27,480.8,173.1,46.6,1.38,0.98,38.67,44.21,27.21,23.99,82.76,46.63,62.22
2022-08-17,2462,3825,2673,1872,896.6,127.8,485.4,159.7,48.5,1.19,0.93,39.03,45.88,27.72,26.17,82.35,49.4,64.4
2022-08-18,2437,4082,2507,1848,867.0,123.46,485.0,164.5,47.9,1.34,0.91,39.69,45.79,26.47,25.42,84.86,48.44,61.85
2022-08-19,2456,4474,2123,1818,896.7,125.73,477.0,167.4,47.1,1.13,0.9,41.64,42.1,27.21,23.54,87.09,46.32,62.15
2022-08-20,2420,3951,2304,1946,887.4,125.73,477.5,162.8,46.8,1.21,0.98,39.38,44.21,27.78,24.83,83.82,47.39,63.12
2022-08-21,2453,4047,2189,1936,885.4,127.65,481.6,163.9,48.4,1.3,0.97,40.8,43.1,27.95,23.87,84.88,46.48,62.96
2022-08-22,2372,3633,2210,1896,876.8,126.22,479.5,167.0,47.1,1.3,0.87,37.44,43.31,27.43,23.86,80.41,46.25,62.92
2022-08-23,2367,3544,1951,1705,857.1,124.87,474.1,171.3,46.4,1.27,0.87,36.97,40.24,26.03,23.14,78.64,44.06,60.25
2022-08-24,2454,3620,2391,1883,903.0,125.89,465.7,159.1,46.8,1.33,0.88,37.7,43.8,27.43,24.78,81.07,47.69,63.31
2022-08-25,2390,3391,2205,1828,868.1,126.35,467.8,164.9,48.1,1.21,0.82,36.27,42.43,27.68,23.51,77.6,46.24,61.28
2022-08-26,2343,3341,2295,1794,866.2,121.61,455.9,166.2,45.2,1.34,0.79,36.57,43.67,26.69,24.5,78.01,46.66,59.5
2022-08-27,2356,3179,2116,1779,852.8,128.08,469.0,167.8,46.7,1.26,0.8,35.63,42.93,26.65,23.4,76.53,44.74,59.57
2022-08-28,2353,3535,2309,1796,847.5,118.56,470.8,165.8,48.4,1.28,0.83,36.91,42.76,25.9,24.55,79.12,47.1,60.74
2022-08-29,2358,3085,2257,1887,868.4,127.28,464.2,171.7,46.9,1.25,0.8,35.51,43.16,26.94,24.39,75.77,45.86,62.46
2022-08-30,2369,3644,2491,1693,865.1,123.58,462.0,165.1,47.4,1.26,0.89,37.94,44.48,26.27,24.54,80.77,48.68,59.65
2022-08-31,2387,3616,2501,1978,851.4,126.36,466.3,170.7,48.3,1.15,0.77,37.27,44.72,27.04,25.4,80.23,48.57,62.54
2022-09-01,2429,3757,2475,1914,845.6,125.26,471.8,164.0,48.0,1.16,0.77,37.3,43.49,27.29,25.42,80.12,47.72,62.25
2022-09-02,2435,3569,2349,1879,848.1,125.18,465.1,167.0,46.4,1.19,0.74,37.41,44.32,26.75,24.66,78.04,47.55,61.65
2022-09-03,2407,4570,2592,1929,881.3,125.19,456.5,161.2,46.8,1.26,0.78,42.14,45.85,27.22,25.93,88.9,49.19,62.75
2022-09-04,2426,4109,2193,1766,855.6,125.99,451.5,170.1,48.0,1.18,0.78,39.66,43.01,26.2,23.7,84.64,45.64,59.59
2022-09-05,2506,3487,2292,1883,867.8,124.19,487.1,168.2,48.0,1.21,0.79,36.75,43.34,27.62,24.14,77.85,46.31,61.69
2022-09-06,2482,3893,2428,1907,891.3,127.14,477.4,169.4,46.7,1.23,0.78,39.38,44.89,27.6,25.09,83.17,48.34,63.55
2022-09-07,2415,3505,2633,1969,844.8,120.77,467.8,165.0,46.7,1.33,0.75,36.88,46.15,27.15,25.76,79.26,48.72,62.12
2022-09-08,2455,3460,2385,1893,854.4,123.93,479.2,169.6,47.1,1.27,0.73,36.56,44.0,27.33,24.82,78.27,47.02,62.42
2022-09-09,2431,3319,2362,1913,850.6,125.59,455.6,168.2,48.4,1.1,0.78,35.47,43.79,27.42,24.3,78.09,47.15,63.0
2022-09-10,2304,3576,2085,1743,871.7,124.02,436.1,159.3,48.0,1.21,0.72,37.82,41.61,26.33,23.31,80.77,45.35,60.16
2022-09-11,2332,3321,2384,1841,879.7,122.98,455.7,160.3,47.5,1.18,0.78,36.56,44.03,27.33,24.3,77.73,48.45,61.7
2022-09-12,2288,3690,2336,1893,855.7,120.1,449.3,162.7,45.4,1.17,0.68,37.82,43.09,27.41,24.56,80.12,47.53,62.64
2022-09-13,2268,3653,2295,1829,853.3,122.92,430.2,164.9,46.3,1.19,0.7,36.46,42.89,27.0,24.06,79.74,46.98,61.98
2022-09-14,2270,3760,2140,1754,832.3,118.92,446.5,169.8,46.4,1.28,0.81,37.75,42.44,25.94,23.29,80.42,45.09,59.51
2022-09-15,2264,3145,2126,1803,869.0,124.78,439.2,163.4,48.3,1.12,0.8,35.28,43.17,26.39,24.13,75.21,45.44,60.31
2022-09-16,2284,3546,2081,1812,845.4,120.38,437.7,166.8,46.3,1.2,0.65,36.69,40.96,26.07,23.42,77.89,44.9,61.62
2022-09-17,2246,3508,2194,1778,849.3,116.08,436.5,155.3,48.1,1.2,0.75,37.11,42.66,26.23,23.83,77.03,45.58,60.91
2022-09-18,2256,3233,2077,1828,835.4,116.99,420.3,170.0,45.9,1.16,0.16,35.67,41.25,26.46,23.39,75.84,44.37,61.08
2022-09-19,2227,3098,2037,1805,829.1,119.55,431.1,163.6,46.0,1.12,0.14,34.86,41.72,26.31,23.36,75.94,44.27,60.98
2022-09-20,2249,3776,2141,1736,859.9,120.01,432.2,161.6,47.1,1.12,0.1,38.58,42.31,26.28,23.12,79.84,45.17,59.59
2022-09-21,2264,3438,2150,1801,844.1,124.71,443.5,161.5,48.4,1.15,0.05,36.02,42.07,27.03,23.34,77.74,45.02,60.95
2022-09-22,2200,3414,2078,1683,850.1,116.14,429.8,156.1,46.3,1.23,0.1,36.21,41.26,25.82,23.2,77.68,45.44,59.29
2022-09-23,2240,3109,2229,1674,836.0,119.32,440.3,158.3,43.5,1.15,0.12,34.85,41.75,25.73,23.48,74.69,45.22,59.4
2022-09-24,2197,2925,2140,1688,814.0,115.83,409.2,168.0,44.7,1.16,0.11,33.46,41.93,25.08,23.15,73.47,44.35,59.2
2022-09-25,2222,3142,2128,1720,820.2,117.52,425.3,157.1,46.9,1.08,0.12,35.07,41.73,26.52,22.77,74.02,45.51,59.82
2022-09-26,2225,3264,2182,1612,830.2,122.91,436.2,157.1,44.7,1.13,0.07,35.25,42.28,24.97,23.81,74.61,45.26,58.55
2022-09-27,2302,3159,2133,1845,827.2,116.9,437.9,160.4,45.5,1.2,0.08,35.46,41.39,26.38,23.15,74.61,45.71,61.01
2022-09-28,2273,3392,2225,1568,816.3,120.69,443.2,157.7,46.5,1.05,0.05,35.51,42.12,25.21,23.66,76.23,44.98,57.54
2022-09-29,2239,2876,2193,1926,846.5,119.59,417.4,161.6,43.6,1.26,0.14,34.72,42.81,27.28,23.72,71.51,45.84,62.45
2022-09-30,2221,2996,1996,1828,817.8,118.2,435.2,165.4,46.0,1.12,0.06,34.89,41.05,26.91,22.84,73.48,44.2,60.08
2022-10-01,2190,3401,2230,1684,823.9,118.99,420.0,157.8,45.1,1.31,0.09,35.98,41.76,25.91,22.94,76.15,45.27,58.67
2022-10-02,2215,3436,2057,1720,828.5,115.07,421.6,155.4,44.7,1.2,0.11,36.69,40.84,25.91,23.14,77.36,45.29,59.66
2022-10-03,2117,2987,2056,1667,803.7,120.55,423.5,159.4,45.5,1.01,0.08,33.71,40.09,25.73,22.72,72.58,43.86,58.64
2022-10-04,2049,2710,2090,1560,826.1,120.1,416.6,156.2,45.2,1.16,0.06,33.27,41.46,25.39,23.25,70.32,44.93,57.1
2022-10-05,1981,2588,1991,1559,779.3,114.28,407.3,158.6,47.1,1.11,0.11,31.67,40.38,24.42,21.99,69.33,42.82,55.8
2022-10-06,2017,2803,1945,1565,803.5,120.68,418.9,153.8,47.9,1.16,0.05,32.51,39.83,25.16,22.48,71.04,43.93,56.04
2022-10-07,2091,3190,1983,1623,811.2,114.66,420.8,156.5,46.1,1.28,0.13,33.48,40.03,25.18,22.96,74.84,43.75,57.14
2022-10-08,2072,3219,2094,1626,804.0,116.28,401.6,156.5,45.8,1.2,0.13,34.83,40.89,25.17,23.02,75.26,45.4,57.45
2022-10-09,2050,2836,2043,1514,782.3,118.43,406.1,156.8,46.0,1.13,0.08,33.03,41.52,24.45,22.37,71.13,44.2,55.72
2022-10-10,2041,2664,1906,1594,813.2,113.47,400.6,154.6,45.2,1.03,0.08,33.03,40.43,25.0,22.07,70.41,43.45,57.43
2022-10-11,2087,3090,1935,1636,816.0,111.78,424.6,155.2,45.0,1.22,0.06,34.5,40.45,25.23,22.58,73.5,42.83,57.43
2022-10-12,2027,2717,1749,1589,787.4,110.21,409.8,148.4,44.6,1.18,0.58,32.83,38.47,25.15,21.6,69.27,41.44,55.89
2022-10-13,2027,2788,1967,1567,807.6,119.3,398.9,153.6,45.0,1.23,0.61,32.82,40.19,24.46,22.58,71.34,43.26,57.24
2022-10-14,2065,3297,1983,1682,806.4,113.31,411.3,159.7,48.5,1.14,0.63,35.19,39.84,25.21,22.52,74.92,43.54,58.56
2022-10-15,2078,3205,2119,1596,782.5,114.29,395.5,160.6,45.8,1.18,0.72,35.04,40.39,25.05,22.95,74.69,44.27,57.32
2022-10-16,2075,3039,2038,1631,788.1,111.84,406.6,155.2,43.1,1.13,0.61,32.93,40.13,25.06,22.59,72.76,43.21,57.97
2022-10-17,2114,2764,2180,1730,821.9,117.5,401.2,163.4,45.9,1.17,0.67,33.07,41.48,26.22,23.34,71.87,45.23,59.63
2022-10-18,1964,2834,1819,1529,792.0,110.81,377.5,154.0,44.7,1.01,0.75,32.87,38.58,24.68,21.97,70.5,41.97,56.44
2022-10-19,1988,3074,2019,1566,781.2,111.83,399.6,149.4,46.7,1.17,0.82,34.54,40.12,24.27,22.57,72.16,42.9,57.1
2022-10-20,1945,2668,1816,1514,771.3,113.06,395.3,147.0,46.6,1.17,0.72,31.8,38.54,24.32,21.96,70.35,42.07,56.6
2022-10-21,1843,2834,1826,1516,764.3,107.98,379.6,155.7,46.8,1.08,0.82,32.9,38.21,24.41,21.89,70.31,41.74,55.21
2022-10-22,1861,2860,1647,1443,767.0,110.41,376.2,149.9,46.7,1.17,0.75,33.21,37.51,23.95,20.93,71.35,40.69,55.28
2022-10-23,1924,3070,1864,1581,767.7,115.25,374.2,148.2,46.3,1.2,0.79,33.22,38.75,24.49,21.91,71.56,42.22,56.07
2022-10-24,1908,2746,1645,1487,752.0,112.51,372.9,143.6,45.0,1.25,0.82,32.09,37.13,23.9,20.43,69.11,39.17,55.13
2022-10-25,1949,2888,1844,1471,799.5,112.32,378.6,152.1,46.7,1.06,0.81,33.19,38.81,24.16,21.89,72.77,41.92,56.5
2022-10-26,2023,3228,1990,1621,804.9,113.59,392.6,157.3,48.0,1.21,0.83,35.37,40.67,24.79,22.65,73.86,44.38,57.57
2022-10-27,2081,3120,1956,1601,777.3,112.88,409.3,154.5,49.0,1.27,0.81,34.43,39.39,24.39,21.71,74.84,43.24,56.32
2022-10-28,2154,3031,1977,1717,806.3,119.89,417.4,155.1,46.6,1.15,0.9,34.01,41.05,25.83,22.63,73.43,42.67,58.62
2022-10-29,2182,3096,2205,1510,793.4,113.2,398.5,157.8,46.7,1.3,0.84,33.83,41.6,24.22,23.04,72.92,45.28,55.61
2022-10-30,2175,3259,2098,1691,801.8,115.59,405.0,164.8,47.5,1.13,0.86,35.51,41.01,25.71,22.71,75.38,43.93,57.85
2022-10-31,2083,2706,1962,1593,789.9,113.9,393.8,151.8,48.7,1.18,0.86,32.38,40.19,24.72,22.15,70.8,42.05,57.8
2022-11-01,2062,2942,1993,1539,785.8,115.75,376.5,154.2,46.4,1.03,0.87,32.8,40.46,24.18,22.4,71.37,44.1,56.67
2022-11-02,2011,3130,2190,1534,816.1,115.14,395.0,160.2,47.8,1.02,0.9,34.06,42.4,24.69,23.05,73.94,45.33,56.53
2022-11-03,2114,2538,2162,1608,790.7,113.79,400.0,160.2,46.0,1.06,0.9,31.82,42.24,25.61,23.39,68.76,44.78,56.68
2022-11-04,2096,3417,2143,1629,782.8,114.27,398.7,158.4,47.5,1.3,0.98,35.08,41.43,25.0,23.05,76.29,43.76,56.8
2022-11-05,2094,3312,2067,1542,782.8,114.27,409.8,155.1,48.3,1.12,0.89,35.85,40.51,24.75,23.26,74.92,43.22,55.89
2022-11-06,2114,2965,2061,1666,811.8,108.0,401.7,158.3,45.6,1.13,0.89,33.49,40.67,25.54,22.98,73.16,43.42,59.11
2022-11-07,2108,3199,1793,1730,770.3,109.55,396.5,155.9,46.5,1.22,0.94,34.44,38.3,25.04,21.64,74.33,42.18,58.19
2022-11-08,2186,3220,2048,1717,792.0,113.12,413.2,156.7,48.4,1.15,0.89,34.86,41.29,26.02,22.42,74.65,42.98,59.86
2022-11-09,2145,3447,2027,1722,820.1,112.55,412.0,154.7,48.0,1.3,0.87,35.89,40.12,25.79,22.46,76.79,44.9,59.23
2022-11-10,2146,3387,1883,1742,801.8,110.91,405.7,162.2,48.5,1.35,0.86,34.79,39.09,25.41,22.27,76.23,42.18,58.74
2022-11-11,2099,2707,1911,1715,795.5,115.02,403.1,157.5,48.3,1.02,0.87,32.56,39.5,25.45,21.82,71.42,42.18,59.19
2022-11-12,2024,3038,1755,1697,815.7,111.95,387.4,157.0,47.0,1.23,0.89,33.95,38.36,25.63,21.87,73.85,41.87,57.86
2022-11-13,1985,2781,1904,1519,782.7,110.76,383.2,155.3,50.0,1.02,0.89,32.72,39.16,24.66,22.53,71.34,42.19,56.16
2022-11-14,1977,2830,1976,1499,767.1,107.97,383.5,156.2,47.6,1.08,0.86,32.66,40.55,23.98,22.47,70.09,42.89,54.75
2022-11-15,1948,2595,1971,1570,769.8,110.5,373.0,152.7,43.8,1.22,0.83,31.77,39.51,25.38,22.36,68.68,42.41,55.06
2022-11-16,1906,3051,1862,1534,751.9,103.34,369.4,150.6,47.2,1.1,0.8,34.17,38.8,23.96,21.68,72.5,41.56,55.48
2022-11-17,1829,2741,1658,1478,778.5,108.23,375.9,147.2,47.0,1.19,0.86,32.22,36.68,24.36,20.87,71.05,40.17,55.98
2022-11-18,1819,2364,1565,1534,766.8,108.59,379.6,144.5,48.6,1.17,0.74,30.38,36.11,23.78,20.48,67.28,40.07,56.01
2022-11-19,1737,2109,1502,1366,765.2,107.68,366.8,143.5,47.1,1.03,0.77,28.71,36.65,23.41,20.07,63.38,39.38,53.93
2022-11-20,1771,2349,1575,1414,770.2,103.66,347.0,147.4,49.0,1.22,0.77,30.46,37.62,23.87,20.18,67.19,39.9,52.98
2022-11-21,1770,2505,1606,1335,745.3,108.06,345.8,142.4,48.4,1.19,0.74,31.12,36.75,22.77,20.52,68.21,40.14,52.98
2022-11-22,1690,2318,1585,1444,727.7,103.56,338.5,141.1,46.6,1.16,0.65,29.69,36.07,23.98,20.61,64.52,39.3,53.87
2022-11-23,1669,2461,1496,1297,738.4,103.75,346.5,150.2,47.7,1.1,0.77,30.83,35.98,22.97,19.62,65.83,38.74,52.84
2022-11-24,1626,2296,1557,1266,720.7,106.82,317.9,145.8,47.0,1.18,0.71,29.63,34.61,22.42,20.53,64.52,38.78,51.08
2022-11-25,1637,2349,1525,1273,737.3,110.2,336.7,143.4,48.2,1.05,0.66,29.62,36.04,22.83,20.48,65.59,38.5,52.66
2022-11-26,1700,2353,1609,1303,758.9,106.26,359.3,156.0,47.0,1.09,0.56,30.54,36.34,22.88,20.75,65.85,39.5,52.69
2022-11-27,1598,1875,1588,1224,727.1,102.39,344.4,137.5,48.1,1.18,0.14,27.76,36.63,22.72,20.41,60.24,39.26,51.19
2022-11-28,1598,2076,1414,1235,731.6,104.86,332.3,148.0,47.8,1.24,0.05,28.87,33.94,22.75,19.56,63.97,38.41,51.91
2022-11-29,1584,2260,1519,1182,725.9,106.45,331.1,143.3,48.0,1.12,0.09,29.37,35.4,22.22,20.01,63.77,38.91,50.13
2022-11-30,1611,2124,1515,1231,742.4,106.07,341.9,147.6,50.6,1.2,0.1,28.91,35.91,22.7,19.97,63.3,39.14,52.28
2022-12-01,1615,2225,1494,1373,720.5,111.39,345.0,145.0,47.8,1.19,0.08,29.43,35.07,22.64,19.86,63.99,37.79,52.16
2022-12-02,1569,2005,1537,1276,691.9,101.95,328.0,135.8,46.0,1.2,0.16,27.92,35.15,22.75,19.84,60.18,38.49,51.59
2022-12-03,1545,1850,1512,1267,728.8,103.94,327.6,143.0,49.6,1.11,0.1,28.44,36.16,22.56,20.55,59.82,38.42,51.77
2022-12-04,1497,1913,1332,1242,730.6,106.34,319.5,142.7,49.6,1.15,0.06,28.38,34.42,22.78,19.44,61.2,37.34,51.56
2022-12-05,1545,2065,1434,1311,727.9,106.94,318.3,133.9,46.1,1.17,0.13,28.94,34.66,23.04,19.6,63.32,38.28,50.56
2022-12-06,1538,1898,1460,1130,710.5,98.19,326.2,150.2,47.7,1.29,0.12,27.68,35.53,21.99,19.6,60.94,37.35,49.54
2022-12-07,1626,2119,1510,1219,713.4,104.47,335.1,146.1,49.1,1.1,0.05,27.99,35.59,21.88,19.65,61.36,38.44,50.88
2022-12-08,1613,1975,1562,1231,736.1,107.93,325.7,147.2,49.2,1.08,0.15,28.08,36.33,22.19,20.09,63.16,39.24,52.57
2022-12-09,1567,2238,1491,1214,725.1,110.66,335.7,138.6,48.7,1.43,0.1,29.22,35.05,22.95,20.15,64.72,38.9,51.18
2022-12-10,1480,1857,1507,1159,710.4,103.71,324.8,143.6,48.7,1.2,0.14,27.45,34.12,21.39,19.67,60.59,38.03,49.84
2022-12-11,1380,1932,1181,1078,727.3,99.3,315.6,142.4,47.7,1.21,0.12,28.09,32.83,21.23,18.44,61.69,35.99,50.16
2022-12-12,1292,1777,1182,1040,674.7,96.14,294.4,136.6,46.0,1.2,0.09,27.02,32.0,20.89,18.04,59.23,35.27,47.75
2022-12-13,1300,1586,1143,1038,716.2,104.31,285.3,135.7,51.4,1.22,0.12,26.49,32.53,21.26,18.17,59.9,35.29,49.56
2022-12-14,1319,1497,1253,1021,692.3,100.89,306.8,132.8,47.8,1.23,0.1,26.15,32.86,20.77,18.98,57.45,35.75,48.37
2022-12-15,1232,1237,1037,899,653.2,95.38,288.4,133.0,49.2,1.21,0.11,23.9,31.18,20.11,17.49,53.7,33.43,45.38
2022-12-16,1272,1367,1189,975,682.9,97.67,290.6,132.9,48.9,1.25,0.12,25.08,33.12,20.87,18.22,54.58,35.31,48.03
2022-12-17,1241,1335,1102,970,695.9,98.38,284.3,136.4,50.2,1.17,0.11,25.12,32.78,20.69,18.07,55.65,35.78,48.06
2022-12-18,1243,1668,1098,983,676.1,98.96,292.1,130.8,49.3,1.25,0.12,26.38,32.33,20.5,17.95,58.4,34.51,47.95
2022-12-19,1319,1643,1128,1003,668.7,96.65,314.8,138.6,49.4,1.33,0.09,26.59,31.57,20.62,17.72,57.35,34.92,47.38
2022-12-20,1357,1745,1226,1059,693.0,98.01,302.0,134.1,46.1,1.2,0.08,27.16,33.12,21.0,18.12,58.63,35.84,49.04
2022-12-21,1336,1363,1301,1016,679.8,95.02,295.0,135.8,48.4,1.23,0.13,24.39,34.22,20.29,19.14,55.71,36.04,49.03
2022-12-22,1284,1420,1180,1020,693.4,100.81,303.3,137.8,50.3,1.14,0.16,25.3,31.97,21.03,18.65,55.5,35.46,48.33
2022-12-23,1169,1481,1098,897,683.0,95.28,287.3,129.2,50.3,1.15,0.08,25.5,32.69,20.41,18.05,57.04,35.05,46.32
2022-12-24,1128,1348,1110,875,650.2,96.54,264.6,133.5,48.4,1.19,0.11,25.36,31.11,19.72,18.0,54.06,34.21,46.5
2022-12-25,1114,1281,1023,848,653.5,98.64,285.3,132.7,47.7,1.13,0.05,24.1,31.18,18.97,17.97,52.39,33.53,45.73
2022-12-26,1061,1268,930,849,668.4,94.63,291.5,127.9,49.8,1.17,0.17,23.95,30.78,19.62,16.98,53.86,33.01,45.4
2022-12-27,1052,1356,971,818,642.9,93.61,252.6,133.4,46.2,1.19,0.15,24.62,30.59,19.67,16.76,54.19,32.54,45.79
2022-12-28,1054,1181,925,880,639.7,94.39,263.6,129.1,48.4,1.29,0.08,23.8,31.22,19.27,17.08,53.01,33.15,44.68
2022-12-29,1041,1189,914,853,636.4,93.8,249.3,132.8,52.0,1.1,0.09,23.57,29.83,19.74,16.37,52.91,32.27,45.33
2022-12-30,1007,1148,835,811,654.8,96.09,267.9,134.6,51.6,1.2,0.15,23.54,28.86,19.33,16.65,51.86,32.91,45.61
2022-12-31,1015,1362,954,793,655.0,93.88,277.1,126.7,50.5,1.12,0.11,25.0,30.73,19.36,17.04,54.7,33.22,45.36
2023-01-01,986,914,866,809,636.2,91.17,267.0,129.4,50.4,1.23,0.13,21.99,29.54,19.08,16.82,49.84,32.82,43.95
2023-01-02,934,1078,840,778,639.6,94.14,272.1,122.7,47.7,1.23,0.06,22.99,29.77,18.81,16.39,51.48,31.87,43.46
2023-01-03,1010,1125,860,821,672.3,96.02,275.0,123.4,49.3,1.31,0.12,23.53,30.57,20.11,17.24,52.36,32.28,45.57
2023-01-04,1009,1185,925,867,634.5,89.55,281.7,126.7,49.8,1.15,0.09,24.0,30.02,19.83,16.62,52.48,33.07,45.56
2023-01-05,1013,1080,876,833,620.3,96.8,277.7,122.1,49.4,1.2,0.11,23.02,29.68,19.47,16.74,53.4,31.66,43.78
2023-01-06,1053,1196,943,880,661.4,94.6,269.1,125.0,49.9,1.26,0.08,23.51,30.64,20.17,16.93,54.66,33.76,46.06
2023-01-07,1068,1294,1007,865,654.7,94.65,274.3,131.5,51.9,1.25,0.09,23.92,31.83,19.91,17.5,53.32,33.8,44.68
2023-01-08,1119,1629,1056,924,652.2,97.38,271.9,128.6,49.8,1.01,0.1,26.56,31.06,20.33,17.22,56.9,34.58,46.83
2023-01-09,1136,1417,1031,883,674.7,93.74,278.6,134.0,50.1,1.17,0.08,25.54,31.06,19.83,17.59,55.43,33.53,45.87
2023-01-10,1107,1198,915,874,673.7,97.0,277.9,131.5,51.4,1.26,0.19,24.43,30.99,20.39,17.51,53.82,33.57,45.98
2023-01-11,1128,1274,1178,919,630.6,94.04,278.8,138.3,48.9,1.21,0.06,23.93,31.35,20.22,17.88,53.82,34.08,46.18
2023-01-12,1073,1187,1054,876,646.7,90.26,284.5,131.4,49.7,1.28,0.12,24.32,31.35,19.86,17.82,52.78,32.55,45.97
2023-01-13,1082,1067,1013,888,692.3,91.6,271.9,134.0,49.9,1.31,0.11,23.27,31.45,20.13,17.66,52.61,34.6,46.94
2023-01-14,1084,1216,943,910,666.4,95.53,267.2,131.2,50.9,1.21,0.13,24.39,30.59,19.74,17.02,54.49,33.19,46.96
2023-01-15,1077,1310,967,817,666.8,91.6,266.9,130.7,50.4,1.28,0.05,24.34,32.04,19.67,17.33,53.64,33.87,45.51
2023-01-16,1074,1107,944,831,673.8,97.92,278.7,134.0,50.5,1.35,0.05,23.57,31.38,20.25,17.42,53.07,33.37,46.45
2023-01-17,982,1185,935,802,644.4,95.13,253.0,129.4,50.2,1.3,0.08,23.97,30.76,18.98,16.39,51.75,32.79,43.57
2023-01-18,960,1101,869,754,653.1,95.05,260.3,126.9,49.7,1.16,0.14,23.34,30.17,19.45,16.92,51.59,33.16,44.18
2023-01-19,970,1012,834,891,653.2,92.22,273.5,127.2,51.8,1.21,0.09,22.81,29.31,19.74,16.34,52.06,32.2,45.77
2023-01-20,984,1084,861,812,652.3,92.8,266.5,128.9,50.7,1.23,0.09,23.11,29.97,19.33,16.37,51.66,32.1,44.75
2023-01-21,937,1158,882,758,633.1,88.27,258.9,122.7,51.9,1.15,0.1,22.62,29.99,18.63,16.82,50.93,32.15,44.12
2023-01-22,1008,1199,978,797,649.7,95.07,266.1,124.6,49.9,1.33,0.07,24.11,30.74,19.12,17.58,52.56,33.28,44.78
2023-01-23,970,1075,934,770,633.2,92.79,254.3,132.0,50.5,1.19,0.12,22.63,30.13,19.24,16.94,50.95,31.17,44.46
2023-01-24,1025,1136,957,828,649.4,94.29,261.1,135.4,51.1,1.24,0.11,24.26,30.29,19.74,16.69,51.62,33.28,44.3
2023-01-25,1052,1207,937,852,635.1,97.59,269.1,125.0,51.3,1.34,0.12,23.55,30.27,19.58,16.7,53.11,33.33,46.35
2023-01-26,1025,1110,772,812,637.1,91.33,270.0,125.2,52.4,1.22,0.16,23.77,28.7,19.16,16.12,50.86,31.37,44.31
2023-01-27,1120,1086,1032,890,657.1,94.29,285.0,135.3,51.0,1.25,0.09,22.65,31.5,19.58,17.52,51.88,33.53,46.08
2023-01-28,1064,1418,961,903,639.8,94.37,272.4,131.2,52.5,1.3,0.1,24.99,29.37,19.85,17.01,54.77,33.11,45.55
2023-01-29,1116,1316,1019,947,653.0,92.16,287.7,133.3,52.1,1.25,0.06,24.78,31.67,20.07,17.52,53.93,34.45,46.53
2023-01-30,1172,1432,1071,949,665.1,95.03,295.4,135.7,51.6,1.42,0.05,25.58,30.9,20.37,17.98,55.22,34.41,46.45
2023-01-31,1141,1333,969,867,669.7,96.17,285.7,130.3,50.6,1.22,0.1,24.05,30.35,19.81,17.41,54.27,33.56,46.03
2023-02-01,1217,1374,1144,994,687.4,95.47,296.9,134.7,52.7,1.12,0.1,24.78,32.62,20.66,18.43,54.78,34.9,48.14
2023-02-02,1207,1423,1139,1027,665.0,99.38,278.1,134.2,50.7,1.38,0.13,25.25,32.31,20.77,17.88,54.98,34.16,46.25
2023-02-03,1226,1286,1161,1034,694.2,92.65,278.7,130.3,51.9,1.29,0.12,24.8,33.68,21.13,19.27,55.52,35.35,48.21
2023-02-04,1243,1776,1193,1022,690.3,99.52,293.7,135.4,51.9,1.26,0.11,27.06,32.96,21.29,18.55,58.88,35.54,47.96
2023-02-05,1239,1349,1170,1047,683.3,98.3,278.5,139.0,51.8,1.35,0.17,24.75,32.52,20.89,18.44,55.42,34.27,49.72
2023-02-06,1284,1440,1157,1027,683.6,96.0,291.5,134.0,51.6,1.37,0.09,25.94,32.55,21.05,18.71,56.88,34.77,48.61
2023-02-07,1327,1584,1220,1084,691.4,95.86,304.5,137.2,51.1,1.28,0.09,27.12,33.82,21.81,18.53,57.98,36.33,49.84
2023-02-08,1241,1654,1143,965,693.6,91.45,300.5,134.9,50.2,1.43,0.11,26.46,33.71,20.82,18.01,57.33,35.06,47.92
2023-02-09,1311,1616,1215,1057,702.8,95.88,294.5,135.0,53.9,1.41,0.05,26.54,33.07,21.57,18.96,58.47,34.67,48.92
2023-02-10,1229,1334,1182,1035,694.3,99.05,282.8,136.5,51.6,1.49,0.13,24.98,33.07,20.84,18.78,56.21,36.3,48.64
2023-02-11,1286,1731,1221,1002,681.9,97.28,296.4,132.7,52.1,1.31,0.1,27.15,32.85,20.52,18.48,58.16,35.16,48.44
2023-02-12,1347,1772,1374,1035,697.1,101.37,291.6,142.4,52.2,1.37,0.1,27.34,34.18,21.01,19.7,58.23,36.81,49.54
2023-02-13,1294,1655,1323,1036,702.4,95.99,293.2,138.1,53.7,1.37,0.12,26.11,34.88,21.09,18.98,58.17,37.26,48.8
2023-02-14,1277,1647,1178,1010,670.7,99.0,292.7,131.4,54.7,1.33,0.12,25.87,31.95,21.0,18.44,57.66,34.72,47.24
2023-02-15,1225,1755,906,1005,668.7,94.51,287.0,140.4,52.7,1.38,0.12,26.18,29.24,20.42,17.5,58.82,31.96,48.06
2023-02-16,1219,1719,1184,957,672.9,93.78,287.3,134.2,52.3,1.39,0.08,27.55,32.65,20.39,18.24,57.84,35.28,46.53
2023-02-17,1208,1366,1075,1033,684.8,95.73,278.8,130.3,51.2,1.39,0.16,25.25,32.48,21.25,18.0,54.06,34.92,48.43
2023-02-18,1253,1716,1103,949,690.6,95.12,284.3,138.9,50.9,1.33,0.05,26.43,32.28,20.6,18.33,57.78,34.59,47.74
2023-02-19,1324,1687,1197,1108,682.2,94.17,291.6,138.4,50.5,1.36,0.07,26.17,32.97,21.31,18.22,58.44,35.36,48.95
2023-02-20,1399,1833,1269,1077,672.2,98.85,292.5,131.5,51.7,1.34,0.08,27.31,33.47,21.13,18.3,60.57,35.24,47.89
2023-02-21,1373,1486,1310,1013,695.3,99.12,305.4,135.7,50.2,1.32,0.07,26.03,33.79,20.58,19.3,56.8,36.02,47.92
2023-02-22,1366,1683,1165,1097,676.9,101.9,309.0,138.7,54.0,1.38,0.05,26.67,32.69,20.86,18.25,58.93,34.93,48.58
2023-02-23,1284,1467,1117,1014,658.2,99.64,299.5,126.7,53.3,1.5,0.17,24.97,32.05,20.11,17.66,54.88,34.74,46.75
2023-02-24,1247,1610,1164,953,657.0,99.7,287.2,134.6,52.5,1.53,0.13,25.9,31.13,20.31,18.03,56.37,34.81,46.41
2023-02-25,1302,1736,1236,968,687.6,99.41,288.5,136.5,54.2,1.49,0.07,26.77,33.14,20.88,18.69,57.13,36.32,46.62
2023-02-26,1388,1455,1328,1103,713.8,99.93,310.1,133.5,51.6,1.36,0.13,25.38,33.36,21.8,18.65,57.33,37.78,50.01
2023-02-27,1329,1642,1179,1100,686.6,95.0,303.0,137.7,51.9,1.42,0.09,25.91,32.64,21.65,18.51,57.3,35.8,49.22
2023-02-28,1304,1746,1142,1064,686.0,98.0,296.9,135.9,50.6,1.22,0.09,26.92,32.13,21.55,18.26,59.23,34.26,48.74
2023-03-01,1307,1585,1174,1045,701.0,99.17,309.5,131.2,53.9,1.38,0.06,26.27,33.35,21.19,18.89,57.48,35.41,48.46
2023-03-02,1327,1736,1239,1077,662.5,101.65,297.3,140.2,52.0,1.36,0.1,26.65,32.85,20.95,18.28,59.48,35.88,48.07
2023-03-03,1290,1625,1275,1028,688.9,99.09,291.6,138.9,53.1,1.54,0.07,26.55,33.63,21.39,19.12,59.1,36.08,47.73
2023-03-04,1317,1669,1090,990,684.3,100.94,293.3,135.1,54.3,1.42,0.06,26.98,31.88,20.49,17.9,56.48,33.82,47.98
2023-03-05,1298,1559,1182,977,690.5,94.93,282.0,134.9,54.7,1.4,0.14,25.64,33.26,20.33,18.38,57.73,35.17,46.85
2023-03-06,1303,1446,1120,1031,675.4,96.77,300.2,138.8,53.1,1.39,0.07,25.5,31.26,20.74,18.05,55.4,33.58,48.01
2023-03-07,1336,1508,1132,1057,674.4,99.23,297.6,136.0,53.6,1.38,0.16,25.82,31.69,20.83,18.64,56.88,34.66,47.86
2023-03-08,1342,1760,1299,1105,689.5,101.15,303.1,129.2,52.1,1.45,0.07,26.74,34.22,21.38,18.44,58.09,35.99,50.2
2023-03-09,1325,1640,1255,1087,710.0,97.59,311.9,138.4,55.2,1.35,0.05,26.6,33.34,21.2,18.94,59.57,36.14,49.7
2023-03-10,1325,1619,1250,1081,698.1,97.74,294.0,133.2,53.0,1.45,0.12,26.2,32.27,21.42,18.69,58.77,36.68,49.05
2023-03-11,1326,1583,1279,1044,677.7,99.68,278.5,134.9,53.3,1.52,0.08,26.75,33.98,20.76,18.62,56.18,35.33,47.5
2023-03-12,1312,1578,1181,988,663.5,94.91,299.7,142.0,52.8,1.42,0.05,25.75,32.86,20.87,18.29,56.6,34.64,46.38
2023-03-13,1305,1739,1176,1058,657.5,101.62,296.4,135.4,54.7,1.38,0.11,26.56,32.55,20.46,18.38,58.06,34.3,48.18
2023-03-14,1392,1704,1432,1130,713.2,96.9,298.4,138.4,53.6,1.42,0.05,26.78,34.94,21.67,19.7,59.71,38.28,51.03
2023-03-15,1426,1614,1309,1024,683.2,94.87,311.0,141.4,54.2,1.52,0.05,25.92,34.38,20.77,19.17,57.58,36.88,48.3
2023-03-16,1415,1897,1363,1086,691.3,99.51,312.9,141.0,53.8,1.44,0.13,26.99,34.69,21.35,19.01,60.81,37.04,49.06
2023-03-17,1455,1828,1356,1122,720.9,104.41,303.4,136.5,53.1,1.39,0.16,27.99,35.23,22.02,19.28,60.45,37.44,50.14
2023-03-18,1442,1841,1218,1150,675.3,101.41,307.1,139.5,54.5,1.5,0.08,27.37,33.12,21.56,18.06,59.76,34.88,49.42
2023-03-19,1506,2198,1264,1154,729.6,102.89,328.3,141.7,53.8,1.39,0.15,29.23,33.98,21.95,19.58,62.98,36.8,50.72
2023-03-20,1529,1983,1389,1207,706.1,101.49,313.1,143.3,52.3,1.43,0.13,27.72,34.28,22.27,19.25,61.4,36.74,50.29
2023-03-21,1526,2029,1504,1197,692.4,100.96,319.1,143.3,52.2,1.47,0.13,28.2,34.47,22.14,19.58,62.24,38.0,49.7
2023-03-22,1552,1837,1513,1219,709.0,97.91,300.4,153.2,53.6,1.39,0.09,27.25,35.67,22.23,20.02,61.23,38.14,50.97
2023-03-23,1476,1861,1439,1136,692.6,94.84,301.2,136.0,54.5,1.3,0.08,27.27,34.93,21.67,19.74,60.11,37.18,50.47
2023-03-24,1423,1891,1257,1101,703.6,100.09,308.6,143.2,55.4,1.47,0.11,27.13,33.3,21.66,18.54,60.49,36.25,49.87
2023-03-25,1367,1496,1368,1041,680.5,101.93,311.3,142.4,51.3,1.25,0.13,25.63,34.25,20.44,19.37,57.45,37.07,47.45
2023-03-26,1381,1759,1217,1114,663.2,99.73,292.0,140.0,53.5,1.35,0.05,26.64,32.42,21.07,18.17,58.21,36.16,48.51
2023-03-27,1474,1907,1390,1195,700.0,102.02,313.5,138.1,54.1,1.51,0.09,28.1,34.82,22.06,19.69,61.39,37.49,50.87
2023-03-28,1592,2106,1496,1218,697.0,106.38,322.7,150.6,53.8,1.5,0.09,28.48,34.67,21.95,19.51,62.16,39.13,51.54
2023-03-29,1627,2341,1519,1361,724.6,103.81,337.2,136.2,54.7,1.46,0.09,29.82,35.17,22.97,20.21,65.06,38.71,53.99
2023-03-30,1655,2271,1666,1288,707.0,103.14,322.9,143.0,54.3,1.4,0.07,28.8,36.38,22.62,20.46,63.16,40.36,51.55
2023-03-31,1566,2295,1417,1313,706.9,99.93,326.2,147.9,52.3,1.43,0.05,29.97,35.1,22.76,19.09,63.27,37.75,52.46
2023-04-01,1542,1850,1347,1188,714.0,106.63,314.9,141.1,52.3,1.5,0.09,27.93,33.71,22.17,18.77,61.18,37.22,50.8
2023-04-02,1506,1967,1408,1095,703.8,102.29,318.0,147.9,53.9,1.44,0.09,27.99,35.1,21.2,19.14,62.42,37.33,49.27
2023-04-03,1478,1912,1352,1190,707.4,98.16,313.8,134.7,54.7,1.35,0.08,27.24,33.4,21.56,19.47,60.92,37.18,50.57
2023-04-04,1475,1731,1608,1180,713.4,97.53,310.9,136.2,53.7,1.38,0.13,26.53,36.05,22.22,19.68,59.33,39.34,50.59
2023-04-05,1456,2002,1402,1156,683.6,103.27,314.6,138.0,51.6,1.41,0.05,27.68,33.52,21.36,19.28,61.67,36.33,50.31
2023-04-06,1361,2014,1233,1055,688.3,95.92,301.0,139.2,52.2,1.46,0.11,28.4,31.77,20.84,18.6,61.43,36.15,47.68
2023-04-07,1405,1771,1236,1115,644.8,103.91,304.3,137.9,54.3,1.44,0.05,26.49,32.63,20.74,17.69,56.19,34.39,48.56
2023-04-08,1357,1760,1137,1058,692.6,91.56,297.4,135.4,53.1,1.33,0.1,26.3,32.35,21.48,17.93,59.81,35.48,49.58
2023-04-09,1376,1736,1209,1081,686.7,102.33,302.9,143.6,53.6,1.54,0.05,26.88,32.18,21.27,18.18,57.81,35.89,49.66
2023-04-10,1488,1807,1397,1218,690.1,101.89,316.1,147.1,54.7,1.39,0.06,26.75,34.03,22.08,19.23,59.44,37.82,50.82
2023-04-11,1447,1576,1443,1156,704.5,100.27,301.9,138.2,52.0,1.47,0.1,25.99,35.06,21.98,19.95,57.55,37.26,49.62
2023-04-12,1324,1544,1290,1081,702.3,97.43,293.9,129.6,53.0,1.34,0.05,26.41,33.51,21.34,19.2,57.07,35.98,49.61
2023-04-13,1317,1444,1228,1040,676.7,102.47,287.5,127.6,52.8,1.61,0.05,25.56,32.77,21.2,18.31,55.97,36.13,48.89
2023-04-14,1381,1968,1258,1083,677.5,100.61,302.4,139.0,53.9,1.53,0.14,28.11,32.9,20.78,18.3,61.12,35.29,48.31
2023-04-15,1487,1896,1406,1123,707.1,98.39,309.4,143.7,54.3,1.38,0.05,27.69,34.32,21.29,18.92,60.72,36.86,49.95
2023-04-16,1430,1765,1295,1118,677.6,95.38,314.1,139.7,51.6,1.44,0.1,27.09,33.07,20.98,18.58,59.72,36.22,48.91
2023-04-17,1461,2002,1478,1004,691.6,100.65,316.7,140.0,53.4,1.35,0.16,27.76,34.59,20.96,19.28,62.25,37.74,47.63
2023-04-18,1443,1673,1330,1118,717.6,99.9,302.0,136.6,54.4,1.4,0.11,26.69,33.84,21.84,19.15,60.13,37.1,49.72
2023-04-19,1444,1727,1338,1142,700.3,96.12,309.4,142.4,51.1,1.47,0.1,26.71,33.51,21.52,19.05,59.01,37.08,49.89
2023-04-20,1584,2096,1323,1279,688.1,102.12,329.8,150.4,53.3,1.52,0.07,28.4,33.54,22.22,18.75,61.56,36.77,50.6
2023-04-21,1512,2118,1400,1184,680.6,99.62,315.4,132.9,51.9,1.34,0.07,27.88,33.85,22.09,19.01,61.85,36.94,49.22
2023-04-22,1530,2068,1492,1227,712.2,101.38,312.9,141.9,52.5,1.38,0.09,28.46,34.78,22.02,19.57,63.11,38.22,50.54
2023-04-23,1558,2079,1383,1124,726.1,103.64,313.1,139.1,50.3,1.52,0.05,29.35,35.11,21.88,19.29,63.56,37.54,50.37
2023-04-24,1618,2158,1466,1273,696.0,106.54,335.2,138.7,54.9,1.56,0.14,28.33,35.5,22.12,19.97,60.84,37.76,50.38
2023-04-25,1626,2229,1592,1196,728.0,105.21,336.5,140.4,52.8,1.39,0.11,28.95,36.28,22.53,20.47,64.38,38.54,49.73
2023-04-26,1645,2229,1437,1234,743.4,101.45,329.7,146.9,52.2,1.53,0.05,29.16,35.42,22.73,19.96,62.94,38.65,52.66
2023-04-27,1629,1986,1615,1275,749.8,103.9,335.6,146.6,53.6,1.35,0.14,29.69,36.42,22.4,20.88,62.66,40.28,51.86
2023-04-28,1646,2203,1510,1363,728.5,103.41,307.7,151.3,51.9,1.43,0.13,29.55,36.22,23.03,20.26,63.58,38.92,52.91
2023-04-29,1631,1983,1507,1305,729.4,99.69,340.4,145.1,51.8,1.36,0.12,28.26,36.55,22.18,20.4,61.49,38.87,52.92
2023-04-30,1666,2246,1485,1313,694.0,104.59,332.4,139.0,54.9,1.42,0.19,29.17,34.91,22.79,19.78,63.95,37.36,50.82
2023-05-01,1650,2119,1586,1299,755.6,107.97,333.0,144.6,55.2,1.6,0.1,29.39,36.39,23.62,20.57,63.53,38.92,52.01
2023-05-02,1673,2699,1774,1280,718.1,103.77,331.8,140.6,52.3,1.45,0.16,31.26,37.62,21.91,20.79,67.94,40.9,51.44
2023-05-03,1674,2239,1643,1289,712.9,99.73,345.7,141.4,54.3,1.43,0.1,29.14,36.48,22.14,20.15,63.17,39.4,52.39
2023-05-04,1734,2090,1572,1386,730.1,104.75,332.7,150.2,53.4,1.41,0.12,28.8,35.91,23.29,20.51,63.07,39.19,53.32
2023-05-05,1733,2328,1736,1287,756.5,101.63,352.9,148.6,51.3,1.43,0.08,29.98,37.99,22.94,21.09,66.49,40.91,52.75
2023-05-06,1645,2285,1526,1327,756.5,105.4,334.5,147.8,51.8,1.37,0.05,29.92,36.69,23.04,19.86,64.83,39.3,53.04
2023-05-07,1712,2625,1732,1326,733.2,105.64,343.7,145.8,54.7,1.46,0.05,31.5,36.98,22.43,20.29,68.18,40.73,53.03
2023-05-08,1668,2130,1639,1357,741.2,103.19,331.3,149.2,51.1,1.44,0.1,28.78,38.09,23.28,21.25,63.71,39.76,54.1
2023-05-09,1638,1905,1317,1341,723.2,102.3,320.1,143.6,55.5,1.4,0.09,28.98,33.44,23.2,18.86,61.26,36.06,54.44
2023-05-10,1611,2272,1440,1186,703.8,102.16,335.0,148.9,52.1,1.38,0.05,29.69,34.38,22.78,19.29,63.61,38.01,50.32
2023-05-11,1684,2015,1667,1295,750.2,103.9,338.1,147.9,54.6,1.45,0.09,28.25,37.27,23.33,21.16,63.47,40.46,53.62
2023-05-12,1579,2002,1493,1204,706.2,100.22,334.9,142.7,52.3,1.36,0.12,27.18,36.35,21.66,19.37,62.06,37.46,51.27
2023-05-13,1742,2321,1567,1270,757.8,101.33,340.5,148.9,53.6,1.42,0.15,29.98,36.26,22.86,20.61,65.7,38.93,52.74
2023-05-14,1797,2458,1655,1352,760.7,108.53,344.9,149.5,54.3,1.41,0.07,31.2,36.69,23.51,21.37,67.2,40.68,52.28
2023-05-15,1809,2631,1558,1558,751.9,104.91,360.7,156.3,54.3,1.27,0.12,31.81,36.66,24.16,21.0,68.83,39.91,55.6
2023-05-16,1807,2354,1712,1452,769.8,106.25,364.6,150.8,51.8,1.51,0.17,30.51,37.65,24.19,21.0,66.79,39.5,54.78
2023-05-17,1822,2463,1927,1538,777.6,106.78,351.1,150.3,51.5,1.3,0.13,30.91,39.79,24.7,22.07,67.36,42.85,56.38
2023-05-18,1848,2565,1834,1496,744.6,107.29,348.0,150.0,52.4,1.31,0.07,30.86,38.25,24.34,21.31,68.35,41.27,54.82
2023-05-19,1881,2660,1994,1429,738.8,104.06,364.2,155.2,50.9,1.52,0.1,31.43,38.93,23.79,22.03,68.8,42.57,53.69
2023-05-20,1908,2701,1907,1470,726.1,103.24,358.8,155.5,52.7,1.36,0.11,31.22,39.71,23.75,21.97,69.67,41.72,55.45
2023-05-21,1912,2780,1924,1531,788.1,106.0,366.0,151.6,51.3,1.28,0.13,32.57,38.11,24.36,21.72,69.51,42.39,57.1
2023-05-22,1900,2845,1997,1513,746.6,108.29,357.8,147.8,53.6,1.55,0.1,33.06,40.41,23.69,22.3,70.5,43.0,53.97
2023-05-23,1891,2731,1842,1446,769.2,105.34,371.4,148.5,51.6,1.39,0.12,31.97,39.18,23.98,21.6,70.46,41.49,54.73
2023-05-24,1880,2722,1780,1383,739.7,106.1,352.0,151.1,50.1,1.53,0.14,32.13,37.44,23.19,21.58,69.46,41.25,53.89
2023-05-25,1936,2388,1952,1713,780.4,113.18,367.8,158.8,53.8,1.37,0.06,31.14,40.61,25.37,22.59,66.83,43.35,59.08
2023-05-26,1964,2799,2022,1526,750.0,103.68,363.3,153.1,52.3,1.31,0.05,31.93,39.04,24.51,22.12,68.75,42.49,55.16
2023-05-27,1813,2596,1684,1403,725.2,104.03,347.7,147.6,52.1,1.39,0.12,30.79,37.41,23.7,20.63,68.34,39.48,53.3
2023-05-28,1845,2711,1697,1453,743.7,111.18,350.3,143.9,53.3,1.32,0.09,32.31,36.23,23.36,21.13,68.43,40.35,54.48
2023-05-29,1854,2435,1781,1438,739.9,106.46,360.5,157.2,53.0,1.45,0.13,30.2,37.25,23.55,21.47,66.07,41.64,54.56
2023-05-30,1852,2438,1840,1458,756.5,104.77,361.7,153.4,51.0,1.47,0.14,30.76,37.93,23.74,20.81,68.21,41.32,53.84
2023-05-31,1831,2418,1814,1509,744.3,109.13,356.4,153.7,51.3,1.48,0.05,31.36,37.76,24.13,21.61,65.36,41.02,53.88
2023-06-01,1886,2752,1675,1469,761.0,107.22,357.4,155.9,50.5,1.39,0.07,32.67,37.38,23.29,21.41,70.18,40.56,55.74
2023-06-02,1932,2951,2028,1440,752.4,106.92,364.6,152.6,50.0,1.53,0.09,33.12,39.39,23.3,22.36,70.56,43.34,53.86
2023-06-03,1889,2558,1748,1469,741.9,107.61,365.8,152.4,52.4,1.33,0.06,31.49,36.6,23.76,21.34,66.85,40.93,55.84
2023-06-04,1907,2873,1801,1464,745.2,105.76,368.1,158.5,52.1,1.42,0.08,32.62,38.28,24.04,21.68,70.33,41.15,54.06
2023-06-05,1855,2605,1690,1536,778.6,104.04,333.2,151.9,52.5,1.39,0.05,32.22,37.77,24.51,21.18,69.3,40.65,56.05
2023-06-06,1782,2419,1922,1464,742.8,105.15,344.3,151.5,53.1,1.54,0.08,29.71,39.1,23.98,22.02,66.88,42.2,54.75
2023-06-07,1748,2341,1678,1380,705.8,102.37,340.9,151.7,52.4,1.47,0.06,29.67,36.65,23.05,20.49,65.27,37.94,51.45
2023-06-08,1790,2606,1630,1333,732.6,105.6,352.8,152.0,52.5,1.38,0.11,30.43,37.1,23.36,20.49,67.06,40.53,54.48
2023-06-09,1836,2611,1826,1369,747.2,107.18,352.1,150.1,48.9,1.4,0.74,31.53,38.23,23.75,21.22,67.2,41.26,53.27
2023-06-10,1859,3058,1842,1457,776.1,108.78,360.9,151.1,50.9,1.51,0.72,33.77,39.32,23.81,21.77,72.44,42.04,54.68
2023-06-11,1892,2468,1792,1500,767.6,109.98,350.2,155.3,52.4,1.32,0.82,31.59,37.93,24.46,22.01,67.58,42.47,54.8
2023-06-12,1913,2801,1908,1474,740.8,106.48,363.4,155.9,49.8,1.22,0.76,32.54,38.4,23.97,21.43,69.32,41.52,54.82
2023-06-13,1875,2507,1717,1440,786.5,108.15,364.2,156.4,51.2,1.3,0.77,31.25,38.75,24.79,21.47,65.66,42.3,55.38
2023-06-14,1892,2465,1764,1445,751.7,108.4,347.1,154.4,51.7,1.34,0.74,30.68,38.56,23.52,21.3,65.59,41.32,53.82
2023-06-15,1927,2713,1660,1505,774.9,108.53,383.0,155.5,51.6,1.49,0.73,32.42,37.76,24.25,21.4,69.49,40.73,54.89
2023-06-16,1958,2806,1755,1384,742.5,107.0,376.0,152.2,51.4,1.46,0.81,32.07,37.23,23.03,21.59,70.16,41.05,54.22
2023-06-17,2012,3550,2110,1500,729.9,106.44,372.6,153.1,51.6,1.38,0.75,35.56,39.58,23.56,22.16,75.01,42.87,54.27
2023-06-18,2039,2888,2125,1550,747.9,110.69,369.1,159.3,51.1,1.42,0.77,33.27,41.11,24.4,22.47,70.93,42.87,54.62
2023-06-19,2048,2682,1980,1673,721.2,105.3,375.3,154.1,49.0,1.33,0.77,31.15,39.63,24.77,21.68,66.84,41.55,56.42
2023-06-20,2092,3102,2189,1576,806.7,109.58,382.6,157.5,51.3,1.56,0.81,34.25,41.76,25.12,23.23,74.09,45.68,57.01
2023-06-21,2081,2512,1992,1632,776.9,103.68,384.0,162.8,51.0,1.48,0.83,31.24,41.08,25.15,22.21,68.16,42.66,58.42
2023-06-22,2025,2883,1926,1594,753.5,105.88,386.1,160.7,48.9,1.37,0.84,34.05,39.31,24.5,21.98,70.86,41.41,55.98
2023-06-23,2007,2872,1936,1647,772.1,106.75,368.2,156.5,52.2,1.36,0.79,33.2,38.88,24.96,21.81,70.25,42.57,57.14
2023-06-24,1959,2953,1868,1608,762.7,110.95,371.0,152.8,51.1,1.41,0.82,33.67,38.66,24.44,21.5,70.31,42.22,56.79
2023-06-25,1915,2903,1813,1494,764.1,109.24,351.2,152.3,48.8,1.34,0.83,33.31,38.43,23.92,21.26,71.51,41.55,55.01
2023-06-26,1898,2555,1920,1457,771.1,105.88,356.3,155.8,49.4,1.19,0.89,31.83,39.35,23.98,22.14,67.12,42.77,55.33
2023-06-27,1849,2538,1777,1410,742.9,108.32,357.1,150.9,49.6,1.45,0.76,31.27,38.47,23.55,21.16,66.71,41.49,53.29
2023-06-28,1825,2369,1800,1417,731.2,108.33,356.8,148.1,49.6,1.41,0.84,30.31,37.36,23.63,21.11,66.44,41.18,53.58
2023-06-29,1720,2120,1713,1329,744.7,104.05,333.6,152.3,50.5,1.33,0.82,28.6,36.74,23.25,20.68,63.81,40.36,53.23
2023-06-30,1724,2395,1665,1386,744.7,101.05,336.5,148.3,49.0,1.26,0.83,30.58,37.36,23.84,20.26,66.32,39.79,54.34
2023-07-01,1717,2087,1547,1373,733.4,103.87,350.9,145.1,51.4,1.29,0.83,28.85,35.78,22.91,20.66,63.52,39.35,52.9
2023-07-02,1668,2161,1469,1345,758.8,103.36,343.1,148.0,51.3,1.06,0.89,29.75,37.06,23.21,19.97,64.85,38.9,53.12
2023-07-03,1695,2102,1615,1401,722.7,100.96,338.5,150.7,50.7,1.19,0.77,28.8,36.84,22.99,21.17,62.9,38.89,54.27
2023-07-04,1736,2462,1631,1466,720.5,105.61,323.4,143.9,49.9,1.42,0.87,30.76,36.18,23.97,20.64,65.34,40.06,53.73
2023-07-05,1647,2513,1559,1304,729.8,103.96,351.5,144.7,51.0,1.3,0.81,31.18,36.67,22.65,20.74,68.55,39.13,52.33
2023-07-06,1602,1895,1505,1319,708.1,103.64,326.3,143.2,49.4,1.1,0.86,26.54,35.71,23.03,20.09,60.51,38.56,53.09
2023-07-07,1557,1735,1649,1213,720.3,102.49,319.1,144.8,48.8,1.17,0.88,26.94,36.89,22.66,20.53,59.91,39.35,51.13
2023-07-08,1505,1925,1312,1248,694.1,102.74,311.7,144.0,51.1,1.07,0.88,26.93,33.67,22.3,18.72,60.89,37.08,50.77
2023-07-09,1543,2014,1302,1272,705.2,101.11,323.1,140.4,50.0,1.17,0.93,28.31,34.04,22.49,18.65,61.29,35.82,51.34
2023-07-10,1529,2022,1455,1258,737.9,101.82,321.6,136.2,48.7,1.21,0.96,28.52,34.38,22.63,20.17,62.35,39.16,51.56
2023-07-11,1511,1887,1386,1201,701.3,100.04,324.2,145.8,49.0,1.35,0.98,28.13,35.04,21.89,19.34,61.5,36.23,50.8
2023-07-12,1406,1747,1326,1087,682.7,97.8,297.9,134.3,48.5,1.26,0.91,26.8,31.95,21.07,19.05,58.21,35.75,48.23
2023-07-13,1437,1881,1376,1077,716.0,103.12,306.1,140.7,51.8,1.18,0.97,27.54,34.31,21.41,19.58,61.1,37.48,49.86
2023-07-14,1372,1860,1352,1090,674.7,93.56,317.9,137.3,49.3,1.17,0.98,27.52,32.94,21.7,19.01,60.11,36.25,48.65
2023-07-15,1375,1452,1177,1160,680.4,100.91,303.7,138.5,49.4,1.12,0.91,25.21,32.3,21.26,18.1,55.96,35.08,49.73
2023-07-16,1388,1693,1251,1090,701.1,97.4,302.0,144.9,50.0,1.27,0.98,26.49,33.36,21.45,19.01,58.71,35.88,50.26
2023-07-17,1457,1894,1387,1192,715.0,98.25,303.3,152.4,47.7,1.29,0.85,27.94,34.0,22.27,19.31,61.57,37.04,49.85
2023-07-18,1390,1619,1338,1142,711.0,99.63,307.6,131.8,50.4,1.07,0.95,27.12,32.79,21.67,19.17,58.31,37.14,50.06
2023-07-19,1237,1700,1258,978,662.6,92.6,295.7,137.9,48.3,1.01,0.98,26.6,32.97,20.56,18.64,56.3,35.56,47.44
2023-07-20,1250,1437,1201,1051,684.3,94.5,295.7,133.7,51.1,1.12,0.94,25.54,33.83,20.57,18.35,57.14,35.93,48.02
2023-07-21,1344,1665,1239,946,680.1,96.07,296.6,141.2,48.5,1.14,0.93,27.41,32.82,20.82,17.94,57.26,35.76,47.64
2023-07-22,1409,1859,1250,1065,686.0,98.76,308.5,142.7,50.1,1.19,0.94,26.98,33.64,21.46,18.89,59.94,35.69,48.27
2023-07-23,1422,1716,1284,1087,714.6,97.51,320.3,144.8,45.8,1.03,0.98,26.66,34.59,21.46,19.32,58.43,37.01,49.66
2023-07-24,1398,1501,1259,1075,685.5,103.12,313.0,139.7,47.3,1.1,0.88,25.68,32.27,20.9,18.06,56.32,35.04,48.63
2023-07-25,1442,1773,1385,1159,703.2,104.35,302.8,136.2,48.3,1.16,0.93,27.69,34.17,22.02,18.96,59.22,35.93,50.17
2023-07-26,1394,1899,1310,1121,695.6,94.0,283.7,142.2,46.2,1.09,0.98,27.2,33.11,21.16,19.51,60.52,35.72,49.51
2023-07-27,1422,1753,1234,1146,680.5,100.88,309.3,139.7,49.3,1.22,0.96,27.42,32.56,21.2,18.54,58.1,35.51,49.4
2023-07-28,1450,1725,1321,1178,714.5,102.15,316.4,139.1,48.9,1.3,0.98,26.42,34.96,21.97,19.1,60.81,37.1,50.26
2023-07-29,1507,2093,1470,1148,715.3,102.32,307.5,139.7,47.3,1.12,0.98,28.65,35.31,22.28,19.58,62.65,36.74,49.81
2023-07-30,1649,2143,1583,1236,694.1,101.66,331.7,149.6,48.4,1.25,0.93,28.74,36.1,22.3,19.69,63.09,38.61,50.97
2023-07-31,1670,2147,1621,1336,730.4,103.02,331.9,152.5,49.3,1.15,0.97,28.78,36.5,22.78,20.39,63.51,39.32,52.78
2023-08-01,1644,2218,1580,1263,711.7,101.35,332.0,140.6,45.8,1.1,0.9,28.98,35.34,21.91,20.42,64.31,38.94,51.07
2023-08-02,1644,2326,1676,1214,739.7,102.16,326.8,147.9,46.7,1.11,0.87,30.38,37.4,22.41,20.74,63.86,39.12,51.73
2023-08-03,1555,2421,1475,1277,691.0,98.73,331.7,141.4,47.8,1.21,0.92,30.49,35.5,22.38,19.72,64.29,39.04,50.92
2023-08-04,1522,2106,1397,1272,703.4,100.93,319.0,136.1,48.2,1.09,0.95,27.77,34.65,22.37,19.85,62.04,37.34,52.34
2023-08-05,1505,2125,1342,1265,712.0,97.16,308.9,142.1,48.0,1.1,0.91,28.88,34.47,22.97,18.99,62.44,36.42,53.01
2023-08-06,1481,1827,1399,1182,704.6,100.03,320.7,137.5,49.1,1.04,0.95,27.3,33.91,21.87,19.43,60.39,37.42,51.21
2023-08-07,1493,1767,1224,1212,716.7,97.6,304.5,134.9,48.6,1.18,0.94,27.26,33.79,21.5,19.02,60.26,36.93,51.8
2023-08-08,1455,1868,1343,1217,677.8,100.6,320.8,137.0,48.8,1.16,0.86,27.09,34.39,21.74,18.61,59.58,35.85,50.69
2023-08-09,1516,1982,1403,1169,732.8,99.41,325.1,137.7,46.2,1.25,0.91,27.88,35.18,22.23,19.63,62.13,37.09,50.72
2023-08-10,1519,1801,1324,1256,716.3,101.89,328.6,139.3,48.0,1.18,0.97,27.99,33.26,22.53,19.69,61.84,36.9,50.36
2023-08-11,1522,1948,1358,1218,729.1,103.92,316.5,136.7,47.4,1.16,0.95,28.66,35.41,22.28,19.26,61.99,37.41,50.72
2023-08-12,1509,2014,1467,1238,720.2,104.96,312.4,140.1,49.5,1.17,0.9,28.35,34.78,22.25,20.06,60.53,38.49,50.97
2023-08-13,1520,2028,1438,1211,708.3,94.85,318.2,139.1,47.9,1.1,0.95,28.12,35.06,21.5,19.48,62.41,38.45,51.52
2023-08-14,1565,2133,1475,1300,694.5,99.83,321.8,144.7,46.8,1.13,0.98,28.39,35.4,22.48,20.11,62.79,38.17,51.69
2023-08-15,1523,2022,1447,1216,700.3,100.46,312.6,144.4,48.6,1.19,0.9,27.16,35.35,21.96,19.0,62.41,36.97,50.29
2023-08-16,1492,1845,1399,1111,728.9,101.86,310.1,142.2,48.2,1.04,0.94,27.87,33.99,21.82,19.55,61.28,37.21,48.97
2023-08-17,1479,1823,1466,1240,724.4,96.37,310.2,139.9,46.5,1.24,0.93,27.88,35.37,22.55,19.32,59.92,37.79,52.88
2023-08-18,1414,1617,1321,1080,686.3,96.94,296.8,137.9,47.1,1.14,0.88,26.22,33.71,21.57,18.66,58.32,36.84,49.1
2023-08-19,1376,1970,1182,1149,648.7,99.07,307.5,134.6,47.0,1.24,0.85,27.3,32.83,20.95,17.79,59.77,35.08,49.3
2023-08-20,1356,1692,1356,1075,685.3,98.61,299.6,134.1,48.9,0.98,0.96,26.55,34.15,20.78,18.93,59.05,37.34,48.37
2023-08-21,1405,1741,1328,1168,690.2,100.18,302.7,141.5,47.6,0.99,0.93,26.44,34.52,21.54,18.58,59.97,36.85,49.81
2023-08-22,1421,1667,1282,1180,692.8,100.62,298.0,132.2,48.2,1.11,0.87,26.27,33.77,21.58,18.74,58.23,35.94,49.89
2023-08-23,1434,2251,1250,1158,706.0,100.58,299.0,139.2,46.7,1.09,0.93,29.25,33.43,21.55,18.88,64.35,36.12,50.16
2023-08-24,1480,1738,1408,1196,716.7,100.98,328.7,139.5,47.6,1.05,0.89,27.36,34.87,22.53,19.01,60.32,36.89,51.91
2023-08-25,1474,1827,1367,1188,717.8,100.55,307.6,143.1,48.8,0.98,0.91,28.06,35.25,22.11,19.12,60.51,37.63,50.02
2023-08-26,1495,1993,1506,1089,712.2,102.42,319.8,135.6,46.7,1.06,0.79,28.11,34.77,22.07,20.6,63.05,38.0,49.43
2023-08-27,1491,2013,1368,1186,677.9,95.09,315.7,141.2,47.3,1.1,0.84,27.47,34.35,21.69,19.1,61.62,37.3,50.05
2023-08-28,1505,2095,1348,1138,701.5,104.79,293.8,142.9,45.5,0.98,0.91,28.56,33.79,21.3,18.56,61.85,37.21,49.72
2023-08-29,1476,2169,1438,1177,737.7,94.92,327.1,133.1,46.1,1.04,0.95,30.12,34.88,21.94,19.34,64.1,39.16,51.64
2023-08-30,1353,1752,1308,1027,693.7,95.64,305.1,133.0,46.6,1.09,0.82,26.49,34.21,21.29,18.95,59.68,36.68,47.28
2023-08-31,1348,1535,1256,1022,693.0,97.69,293.0,136.8,45.7,1.12,0.81,26.22,32.87,20.61,18.69,58.52,36.26,49.37
2023-09-01,1422,1765,1366,1202,702.0,101.21,306.8,141.3,48.6,1.04,0.85,27.57,34.43,22.17,19.0,59.86,36.97,49.73
2023-09-02,1470,1931,1368,1215,708.7,92.85,303.0,141.3,45.9,1.0,0.83,27.73,34.12,22.02,19.9,61.25,36.99,50.18
2023-09-03,1519,2296,1437,1202,672.6,101.09,332.1,144.2,47.9,1.08,0.83,28.84,33.14,21.45,20.02,64.07,37.01,49.64
2023-09-04,1581,1846,1571,1257,712.1,104.16,316.9,139.3,47.1,1.07,0.71,27.76,36.12,22.8,20.02,60.25,39.31,51.03
2023-09-05,1583,2283,1533,1238,715.4,104.71,320.3,137.3,46.9,0.97,0.78,29.72,35.72,22.14,20.23,63.58,37.9,51.53
2023-09-06,1591,2127,1482,1284,736.2,100.6,319.5,144.3,48.6,1.05,0.82,29.39,34.65,22.5,20.2,64.0,38.54,52.45
2023-09-07,1557,2173,1559,1197,713.6,101.04,322.2,138.1,44.1,1.03,0.68,29.88,35.47,22.05,20.38,63.01,37.91,50.82
2023-09-08,1539,1988,1271,1265,686.0,99.95,330.6,139.0,46.5,1.07,0.71,27.93,32.41,22.04,18.47,62.8,36.25,50.09
2023-09-09,1568,1918,1622,1226,720.7,100.99,337.1,147.0,45.5,1.02,0.69,27.48,36.75,22.96,20.96,61.44,39.12,51.16
2023-09-10,1627,2290,1401,1261,709.1,100.35,326.0,145.7,44.4,1.04,0.78,29.56,35.3,22.7,19.36,64.66,37.69,51.42
2023-09-11,1616,2253,1473,1276,701.7,100.53,331.1,142.3,45.3,1.07,0.71,29.37,35.44,22.22,19.74,63.19,37.51,52.16
2023-09-12,1590,2257,1491,1225,704.3,103.41,325.8,141.1,46.7,1.13,0.69,29.83,35.68,22.0,19.71,64.63,37.94,50.99
2023-09-13,1586,2087,1479,1269,724.5,102.6,317.0,146.3,45.8,1.08,0.73,28.7,35.15,21.96,19.78,62.82,38.61,52.07
2023-09-14,1614,2035,1595,1246,738.5,103.95,347.2,145.4,47.7,1.29,0.67,28.55,36.73,22.61,20.49,62.69,39.48,53.05
2023-09-15,1537,1751,1363,1238,717.7,101.99,330.3,137.6,46.4,0.96,0.73,26.61,34.46,22.11,18.94,59.67,38.06,50.63
2023-09-16,1418,1912,1334,1180,705.5,101.21,308.0,131.3,46.2,1.12,0.8,27.97,34.16,21.94,18.49,59.89,36.62,50.14
2023-09-17,1389,1805,1250,1072,699.6,101.15,316.1,145.8,46.2,1.03,0.69,28.53,33.85,20.69,18.63,59.52,35.83,48.29
2023-09-18,1326,1514,1242,1051,686.4,93.53,306.5,131.6,46.5,0.91,0.05,25.6,33.7,21.04,18.29,57.2,36.46,49.4
2023-09-19,1301,1529,1194,1057,692.2,95.3,294.8,137.9,46.1,0.99,0.08,26.01,32.66,21.64,18.57,56.02,35.38,49.64
2023-09-20,1294,1528,1197,1014,644.6,96.74,296.0,141.7,45.5,0.9,0.12,25.04,31.45,20.48,18.16,56.48,34.62,48.0
2023-09-21,1272,1366,1137,1034,679.8,96.88,303.2,135.6,47.7,1.02,0.12,24.42,32.16,20.66,18.07,55.16,35.11,48.42
2023-09-22,1347,1565,1213,1096,671.7,96.56,291.4,134.7,45.8,1.0,0.13,25.92,32.57,21.15,18.76,57.01,35.3,48.87
2023-09-23,1363,1548,1280,1132,706.9,100.8,314.1,131.9,46.1,0.97,0.08,26.11,33.84,21.65,18.87,56.12,36.31,49.57
2023-09-24,1378,1671,1337,1069,689.1,103.73,300.5,132.2,47.0,0.95,0.09,25.49,34.26,21.82,18.52,58.4,36.28,49.17
2023-09-25,1410,1675,1270,1077,695.5,99.78,317.9,140.4,46.9,1.12,0.05,27.19,32.49,21.17,18.67,57.73,36.89,48.18
2023-09-26,1351,1462,1195,1062,665.3,98.52,299.4,143.0,45.4,1.01,0.12,25.37,32.12,20.55,18.54,55.53,35.06,47.33
2023-09-27,1404,2057,1343,1072,709.6,101.34,307.7,137.1,47.4,1.05,0.05,28.5,33.71,21.37,18.58,61.06,36.72,48.94
2023-09-28,1399,1939,1296,1137,703.2,94.47,304.3,136.4,47.2,1.05,0.11,27.68,34.38,21.72,18.88,60.34,36.38,50.95
2023-09-29,1432,1706,1387,1084,706.2,99.77,303.9,142.3,46.7,1.05,0.07,26.97,34.36,21.57,19.47,58.91,37.46,48.95
2023-09-30,1377,1763,1218,1197,678.9,101.2,300.0,135.2,46.0,1.0,0.1,26.93,32.57,21.99,19.19,58.57,36.27,49.76
2023-10-01,1298,1646,1089,1089,669.7,95.78,304.8,136.8,46.0,1.14,0.14,26.26,32.02,21.69,18.16,58.11,34.3,48.69
2023-10-02,1340,1822,1205,1068,690.0,95.06,279.8,137.1,46.3,1.2,0.08,27.58,32.6,20.99,18.47,58.27,35.18,49.26
2023-10-03,1360,1586,1210,1120,678.6,98.0,290.5,135.8,45.0,1.14,0.07,26.45,32.76,21.14,18.51,57.18,36.43,49.83
2023-10-04,1315,1762,1207,979,689.9,97.53,289.8,136.1,46.5,1.02,0.1,27.68,33.82,20.13,17.87,58.99,35.69,47.0
2023-10-05,1272,1482,1131,1118,645.7,94.66,282.4,142.0,47.6,1.01,0.07,24.72,32.59,21.24,17.46,55.08,34.27,48.27
2023-10-06,1331,1472,1274,1035,678.1,103.2,309.4,139.1,47.6,1.11,0.06,25.17,33.02,20.62,18.81,55.58,35.99,48.2
2023-10-07,1272,1639,1152,1010,705.0,95.73,301.1,139.4,46.1,0.95,0.17,26.64,32.65,21.26,18.38,59.19,34.82,48.56
2023-10-08,1357,1867,1265,1000,695.2,95.53,304.8,133.7,47.8,1.16,0.05,27.11,33.1,20.7,18.8,61.55,36.14,48.55
2023-10-09,1313,1952,1219,1067,685.7,97.41,290.3,140.5,48.8,1.08,0.13,27.45,31.97,21.64,18.46,59.38,36.03,49.1
2023-10-10,1347,1514,1257,1025,717.2,100.51,309.7,139.7,46.2,1.0,0.09,26.25,34.2,20.75,18.86,57.03,37.06,48.83
2023-10-11,1332,1742,1228,1065,650.5,98.02,284.7,130.7,47.4,1.05,0.07,26.67,33.68,21.1,18.24,57.08,34.98,48.5
2023-10-12,1364,1648,1295,1062,677.3,99.76,318.0,139.8,43.8,1.08,0.61,26.71,33.14,21.29,18.38,57.52,36.2,48.95
2023-10-13,1339,1765,1187,1020,680.4,95.92,292.6,134.8,45.1,0.99,0.62,26.7,32.21,20.98,18.21,59.7,35.94,48.48
2023-10-14,1333,1457,1317,1027,698.5,101.71,295.4,130.5,46.7,1.11,0.69,25.76,33.7,20.69,18.58,57.03,36.64,48.11
2023-10-15,1338,1491,1221,1075,699.4,99.48,294.6,137.4,45.4,1.13,0.62,25.84,33.2,21.45,18.38,56.87,36.25,49.43
2023-10-16,1290,1481,1109,976,667.3,99.86,284.4,137.6,49.1,1.0,0.66,25.32,31.29,20.51,18.22,56.0,34.71,47.86
2023-10-17,1331,1658,1240,1028,700.4,98.88,312.7,137.3,47.3,0.99,0.74,26.2,33.08,20.5,18.6,58.23,35.72,48.17
2023-10-18,1309,1528,1155,1071,676.6,99.63,301.2,135.6,47.8,1.02,0.71,25.26,32.84,21.53,18.3,57.18,34.55,48.54
2023-10-19,1301,1682,1238,1145,699.9,95.26,303.9,134.5,46.6,0.93,0.76,26.89,33.35,21.57,18.68,59.25,36.56,50.78
2023-10-20,1255,1648,1279,1022,660.5,95.41,279.5,144.4,45.5,0.89,0.81,25.66,33.63,21.1,18.38,57.66,34.38,47.77
2023-10-21,1131,1386,986,875,658.4,97.77,277.9,126.2,46.1,0.97,0.8,24.06,31.02,19.82,16.98,53.38,33.07,45.7
2023-10-22,1129,1490,1042,893,652.7,98.27,280.4,134.4,47.0,0.92,0.77,25.17,30.61,20.18,17.35,55.67,33.05,46.72
2023-10-23,1259,1580,1054,1007,692.3,93.84,291.9,134.7,46.0,1.17,0.79,26.65,31.55,20.6,17.89,57.42,35.0,47.77
2023-10-24,1305,1449,1230,1026,674.4,98.14,285.3,132.5,47.6,1.0,0.87,24.13,32.97,20.87,18.58,56.61,36.24,46.86
2023-10-25,1310,1789,1154,1082,682.2,96.52,303.7,135.9,47.6,1.07,0.84,26.79,31.85,21.22,18.2,59.24,34.73,48.24
2023-10-26,1303,1524,1163,1048,689.6,95.74,295.3,130.3,46.8,0.99,0.84,26.05,31.96,20.96,18.45,57.38,36.66,49.16
2023-10-27,1311,1732,1142,1083,691.1,98.32,287.5,133.7,44.6,1.18,0.88,26.02,31.86,21.0,17.73,58.48,35.83,49.23
2023-10-28,1345,1883,1289,1058,700.5,101.06,284.0,136.9,48.9,1.03,0.82,27.47,33.92,20.29,19.12,61.06,36.53,48.87
2023-10-29,1292,1641,1249,1085,683.8,98.41,298.0,129.4,46.6,0.94,0.87,25.79,32.94,20.95,18.22,58.7,36.61,49.42
2023-10-30,1356,1488,1256,1072,682.3,97.6,319.6,139.4,50.2,1.1,0.88,25.12,33.74,21.33,18.87,55.33,35.56,48.7
2023-10-31,1399,1634,1242,1069,688.6,100.43,296.4,134.7,47.7,1.08,0.89,26.11,32.7,20.74,18.72,57.01,35.74,48.56
2023-11-01,1442,2031,1449,1244,699.4,98.97,310.5,134.0,46.7,1.16,0.88,27.78,33.58,21.84,18.94,62.18,37.89,51.49
2023-11-02,1471,1860,1320,1080,706.2,101.38,321.1,136.3,47.5,1.06,0.89,27.04,33.91,20.95,19.25,60.24,36.42,48.99
2023-11-03,1477,1910,1229,1136,701.1,103.95,302.8,149.5,44.6,1.09,0.9,27.67,34.06,21.7,18.91,61.37,35.33,50.05
2023-11-04,1518,2087,1452,1171,708.4,95.94,313.5,134.0,48.3,0.97,0.96,29.48,34.98,21.62,19.96,62.55,37.36,49.85
2023-11-05,1553,2143,1376,1351,689.7,103.72,314.3,144.6,50.2,1.16,0.81,28.93,33.45,23.06,18.89,62.83,36.84,51.4
2023-11-06,1540,2052,1514,1306,720.9,97.66,327.6,139.5,44.6,1.1,0.92,28.98,34.79,22.95,19.99,61.91,38.74,51.67
2023-11-07,1517,1933,1391,1272,710.8,104.19,327.8,140.5,46.8,1.08,0.89,28.23,35.16,22.51,19.56,61.36,37.22,51.55
2023-11-08,1528,1935,1473,1192,724.4,99.71,319.7,144.6,47.1,1.08,0.88,27.8,34.96,22.24,20.02,61.76,37.43,50.54
2023-11-09,1612,2281,1623,1395,719.4,99.65,320.9,146.7,48.3,1.09,0.86,29.74,37.14,22.97,20.49,63.89,39.57,52.83
2023-11-10,1554,2120,1368,1246,686.4,103.47,317.7,140.2,49.8,1.17,0.89,28.92,34.35,21.87,18.94,62.76,37.46,50.64
2023-11-11,1484,1870,1346,1222,698.8,101.49,308.7,135.5,47.8,1.02,0.9,27.81,33.67,22.29,19.37,58.91,36.52,50.68
2023-11-12,1499,2103,1395,1196,703.0,98.33,307.5,143.9,49.9,1.16,0.77,28.68,35.06,22.25,19.61,62.52,38.13,49.58
2023-11-13,1508,1930,1518,1191,718.1,97.84,315.4,143.8,47.6,0.98,0.92,28.19,35.13,22.29,19.88,60.39,38.93,49.27
2023-11-14,1522,1841,1378,1192,677.7,100.75,322.4,140.9,48.0,0.96,0.83,28.08,33.25,21.58,18.8,58.68,36.23,50.14
2023-11-15,1540,1885,1400,1208,711.5,98.5,323.7,144.3,47.9,1.23,0.81,28.03,34.2,22.0,19.18,61.41,37.15,50.92
2023-11-16,1534,1840,1471,1243,717.9,98.76,319.0,140.6,49.0,1.03,0.74,27.44,35.63,22.08,20.15,59.74,37.97,50.56
2023-11-17,1615,2092,1476,1292,709.8,103.03,328.4,141.3,47.1,1.14,0.75,28.6,35.73,22.78,19.98,61.67,37.94,52.04
2023-11-18,1537,2199,1450,1214,711.6,99.04,318.8,142.4,48.6,1.1,0.81,28.72,34.8,21.56,19.59,63.85,36.64,51.17
2023-11-19,1499,1811,1292,1259,696.6,101.9,304.9,143.5,46.2,1.15,0.74,28.12,32.69,21.6,18.78,58.89,36.02,50.92
2023-11-20,1499,1964,1555,1046,695.0,104.55,316.5,142.6,47.4,1.12,0.74,28.51,34.73,20.49,19.36,61.66,38.14,49.74
2023-11-21,1420,1704,1230,1150,690.2,99.12,302.1,141.2,47.0,1.19,0.68,26.64,32.55,20.97,18.51,59.01,36.76,50.45
2023-11-22,1416,1755,1294,1157,685.2,99.75,295.6,136.0,47.9,1.0,0.76,27.66,32.82,22.01,18.4,58.32,36.34,49.42
2023-11-23,1505,1711,1405,1246,717.0,105.98,319.0,147.9,47.5,1.18,0.66,27.22,34.89,22.61,19.51,60.06,37.2,51.17
2023-11-24,1510,1919,1546,1192,696.2,98.04,311.6,140.3,49.2,1.13,0.69,27.5,36.43,21.53,20.22,59.23,38.14,49.43
2023-11-25,1524,1949,1332,1216,695.4,104.22,319.9,141.6,46.9,1.02,0.61,28.16,34.3,21.98,18.7,61.16,36.9,51.31
2023-11-26,1463,1953,1498,1205,728.1,102.89,318.1,135.1,45.9,1.09,0.61,28.37,35.03,22.69,20.0,60.91,38.31,51.31
2023-11-27,1434,1855,1384,1206,712.5,101.87,300.7,138.8,46.4,1.0,0.11,27.91,34.19,22.26,19.64,60.13,37.07,51.33
2023-11-28,1418,1623,1345,1112,668.2,102.69,307.3,141.2,49.3,0.99,0.14,25.43,33.34,21.84,18.89,56.93,36.08,47.47
2023-11-29,1404,1926,1239,1128,683.0,99.93,290.6,141.8,47.0,1.09,0.13,27.22,33.23,21.39,18.35,61.18,36.0,49.73
2023-11-30,1472,1920,1412,1245,706.3,98.91,324.6,146.9,48.7,1.24,0.08,28.39,35.43,22.07,19.41,60.53,36.79,50.85
2023-12-01,1501,1970,1352,1088,711.1,103.6,304.7,143.5,47.9,1.18,0.15,28.76,34.05,21.14,19.48,61.39,36.55,49.77
2023-12-02,1445,1840,1430,1115,677.1,102.75,305.4,141.0,49.3,1.25,0.06,27.65,35.11,21.31,19.32,59.07,36.69,49.3
2023-12-03,1458,1787,1293,1224,718.4,102.91,321.6,138.4,48.1,1.16,0.05,28.22,35.01,22.55,19.01,59.38,36.2,51.16
2023-12-04,1484,1942,1377,1227,716.5,100.68,311.8,138.3,51.7,1.28,0.09,28.25,34.37,22.29,19.69,60.64,36.96,50.75
2023-12-05,1541,2085,1404,1244,718.2,99.74,310.3,146.4,50.7,1.29,0.12,28.9,34.58,22.26,19.62,62.86,38.06,51.64
2023-12-06,1620,1848,1449,1255,740.7,103.3,334.2,148.5,48.1,1.11,0.06,27.51,35.25,23.01,19.47,61.2,38.84,51.53
2023-12-07,1565,1962,1523,1193,720.6,104.28,328.0,138.9,48.0,1.19,0.1,27.93,35.7,22.28,20.16,62.18,38.71,51.49
2023-12-08,1521,1933,1461,1175,715.3,103.76,312.6,144.9,52.4,1.12,0.05,27.17,34.96,21.94,19.96,61.08,38.12,50.1
2023-12-09,1455,1897,1437,1225,724.0,99.01,306.4,142.7,47.4,1.16,0.09,27.78,35.53,22.09,19.28,61.03,37.63,51.32
2023-12-10,1442,2011,1222,1115,715.5,100.65,305.6,135.3,48.7,1.3,0.14,27.5,32.63,21.57,18.02,62.46,35.11,49.38
2023-12-11,1464,1758,1437,1165,689.1,96.96,309.9,142.6,48.8,1.13,0.07,27.28,34.3,21.82,19.05,58.74,37.47,49.93
2023-12-12,1512,1880,1591,1161,717.0,103.51,301.6,137.5,48.8,1.09,0.05,27.9,36.27,21.68,20.19,59.83,39.2,49.78
2023-12-13,1506,1867,1375,1232,696.8,98.97,314.5,131.8,46.8,1.1,0.12,26.63,34.67,21.74,19.48,60.75,36.71,50.31
2023-12-14,1487,1790,1519,1152,712.0,102.58,328.2,140.4,49.5,1.16,0.07,27.19,36.6,21.67,19.62,59.44,37.87,51.56
2023-12-15,1492,1869,1374,1177,712.2,97.83,307.3,142.2,47.8,1.49,0.2,28.42,33.81,21.94,19.46,60.65,36.65,50.99
2023-12-16,1447,1958,1254,1070,678.8,102.52,305.0,139.4,50.8,1.31,0.11,27.59,32.76,21.49,17.67,60.0,35.9,48.72
2023-12-17,1551,1855,1431,1147,710.3,102.49,311.4,154.3,47.4,0.98,0.14,27.15,33.71,21.43,19.57,59.75,37.74,50.4
2023-12-18,1465,1941,1437,1162,705.8,98.31,316.6,141.9,49.2,1.2,0.05,27.17,34.26,21.88,19.38,59.72,38.27,50.35
2023-12-19,1473,1632,1316,1105,696.2,102.11,322.1,141.2,46.6,1.15,0.12,25.65,32.91,21.34,19.56,58.35,36.17,49.23
2023-12-20,1573,1972,1432,1347,719.5,100.58,332.8,145.1,46.7,1.3,0.06,28.41,34.73,22.87,19.02,59.33,37.71,53.1
2023-12-21,1570,2005,1517,1138,726.5,103.87,313.0,141.6,48.3,1.13,0.09,28.26,35.6,22.34,19.99,63.09,38.63,49.85
2023-12-22,1556,2308,1460,1191,712.4,101.09,325.5,146.7,48.6,1.15,0.07,29.51,35.32,22.06,19.08,65.13,37.68,51.61
2023-12-23,1535,1954,1479,1215,713.6,97.12,330.7,143.8,51.2,1.18,0.14,27.87,35.09,21.9,19.57,60.74,38.54,51.03
2023-12-24,1523,1629,1442,1188,729.6,98.77,322.0,143.3,49.5,1.17,0.11,26.68,35.45,22.44,19.2,60.13,38.71,51.48
2023-12-25,1591,1761,1531,1200,724.0,101.27,329.1,141.4,51.1,1.3,0.1,26.79,35.83,22.43,20.72,61.44,38.14,51.96
2023-12-26,1475,1899,1346,1124,706.1,103.85,309.0,134.4,49.2,1.2,0.15,27.82,33.65,21.31,19.03,60.5,36.74,50.02
2023-12-27,1552,2127,1472,1178,697.9,103.96,322.8,140.8,50.4,1.33,0.1,28.08,34.11,21.47,19.52,62.72,38.48,49.7
2023-12-28,1478,1955,1314,1157,713.4,104.53,322.9,141.9,48.9,1.17,0.14,27.74,34.33,21.98,19.05,61.48,37.0,51.01
2023-12-29,1463,1898,1452,1251,706.6,104.36,314.1,138.6,48.9,1.31,0.17,28.1,35.76,22.29,19.23,61.76,37.86,52.25
2023-12-30,1441,2006,1299,1147,718.2,98.52,299.1,140.9,47.7,1.14,0.11,28.49,35.27,21.71,19.35,60.98,36.97,49.1
2023-12-31,1472,1806,1450,1221,703.3,99.89,308.7,139.7,50.4,1.29,0.11,27.51,35.34,22.43,19.73,59.65,38.06,50.74
2024-01-01,1339,1781,1223,1088,659.2,97.08,307.9,138.6,50.3,1.19,0.14,27.45,33.29,20.82,18.53,59.0,35.45,48.45
2024-01-02,1369,1488,1280,1137,664.6,96.93,303.9,133.8,51.0,1.31,0.16,25.29,33.29,21.44,18.17,56.55,35.9,48.81
2024-01-03,1477,1759,1343,1039,714.3,95.85,313.8,141.5,50.4,1.06,0.11,27.16,34.41,21.58,19.53,59.68,37.08,48.16
2024-01-04,1412,1526,1244,1107,686.8,99.31,301.4,136.4,52.6,1.19,0.07,25.65,33.19,21.25,18.87,57.9,36.54,48.57
2024-01-05,1426,1769,1210,1191,703.7,96.38,317.0,133.2,50.5,1.35,0.13,26.89,33.09,21.41,18.49,59.67,35.74,49.35
2024-01-06,1398,1754,1228,1085,695.3,99.02,317.7,137.9,51.5,1.24,0.12,26.5,33.45,21.19,18.83,59.22,35.88,49.61
2024-01-07,1425,1823,1303,1211,694.4,104.86,317.4,145.4,50.0,1.13,0.13,27.24,33.41,22.04,18.95,60.2,37.22,51.32
2024-01-08,1431,1826,1345,1203,696.2,98.4,319.5,133.6,49.3,1.21,0.13,27.39,33.93,22.25,18.57,59.74,36.96,51.25
2024-01-09,1404,1639,1368,1094,681.4,99.7,302.2,139.2,51.4,1.3,0.11,26.37,33.36,21.07,18.97,57.79,36.71,48.82
2024-01-10,1434,1795,1304,1115,697.9,102.0,304.3,142.8,50.4,1.21,0.11,27.15,33.97,22.01,18.75,59.01,36.82,49.61
2024-01-11,1531,1753,1370,1162,701.1,102.06,317.6,151.5,51.6,1.39,0.13,27.34,33.78,21.38,19.22,61.35,37.19,50.71
2024-01-12,1526,2198,1325,1177,703.6,102.0,318.5,140.1,51.1,1.38,0.05,29.05,33.99,21.93,19.33,62.88,36.39,50.16
2024-01-13,1567,2004,1505,1177,709.2,101.05,334.1,140.7,49.8,1.36,0.15,28.05,35.61,21.86,19.31,62.2,38.38,49.85
2024-01-14,1505,1870,1504,1212,703.3,100.35,325.3,136.9,52.1,1.38,0.12,27.16,35.56,22.47,19.62,61.7,37.75,50.36
2024-01-15,1462,2108,1448,1091,715.2,97.8,315.6,144.9,49.8,1.25,0.07,28.15,35.43,21.08,19.37,61.82,38.82,49.65
2024-01-16,1491,1731,1442,1210,703.1,102.81,303.0,137.7,51.7,1.42,0.11,27.47,34.71,22.18,19.27,59.59,37.78,50.24
2024-01-17,1572,1878,1523,1273,730.1,97.69,309.8,141.9,52.5,1.41,0.15,27.61,36.05,22.56,19.8,61.2,38.26,52.29
2024-01-18,1595,1919,1626,1175,740.5,104.84,327.6,136.6,50.6,1.32,0.11,27.83,36.47,22.66,20.57,63.09,39.5,50.27
2024-01-19,1583,2071,1511,1327,728.8,98.71,331.5,147.2,52.5,1.2,0.07,28.59,34.72,22.66,20.14,62.18,38.99,52.47
2024-01-20,1587,2163,1540,1279,724.6,104.7,324.3,148.5,51.6,1.14,0.05,29.02,36.11,22.74,20.18,62.97,38.23,52.2
2024-01-21,1529,2104,1408,1245,714.4,100.43,333.8,145.6,52.2,1.4,0.2,29.4,34.89,22.09,19.51,62.67,38.94,51.41
2024-01-22,1565,2473,1368,1199,726.8,98.84,313.8,136.8,50.2,1.21,0.05,30.45,35.14,22.26,19.57,65.89,36.74,50.62
2024-01-23,1615,1755,1468,1306,721.1,104.19,318.3,147.0,51.6,1.27,0.11,28.27,35.26,22.62,20.46,59.55,38.62,52.64
2024-01-24,1597,2209,1500,1317,732.4,104.76,320.6,137.4,49.7,1.38,0.08,29.46,34.87,22.78,20.01,65.53,38.34,52.73
2024-01-25,1578,1981,1486,1241,724.6,101.04,318.2,143.8,53.5,1.24,0.14,29.12,35.41,21.82,20.16,62.01,37.95,50.26
2024-01-26,1597,2008,1646,1361,712.2,104.24,330.1,144.9,49.1,1.55,0.05,28.63,36.88,23.07,20.69,61.26,39.67,52.92
2024-01-27,1580,1974,1490,1250,729.1,96.45,320.7,144.9,51.1,1.37,0.16,28.46,35.79,22.18,20.44,61.71,38.23,51.46
2024-01-28,1582,1930,1573,1306,717.3,98.9,312.0,145.8,50.5,1.47,0.09,28.61,35.9,22.36,20.32,61.56,39.71,51.8
2024-01-29,1694,2591,1568,1349,727.6,107.26,343.9,146.7,52.4,1.46,0.09,31.58,35.26,22.55,19.96,67.52,38.34,52.35
2024-01-30,1686,2421,1569,1358,721.1,103.34,321.7,138.7,54.0,1.18,0.09,30.53,35.49,22.69,20.25,65.23,39.22,52.2
2024-01-31,1672,2247,1475,1229,729.1,99.02,325.7,148.3,52.5,1.44,0.08,30.5,35.68,22.54,19.92,63.21,38.2,51.59
2024-02-01,1644,2430,1493,1315,738.2,101.48,318.2,145.8,55.3,1.38,0.09,30.32,34.88,23.07,20.23,66.15,38.77,53.0
2024-02-02,1688,1996,1637,1289,741.7,101.61,337.6,143.0,50.2,1.38,0.13,28.17,36.65,23.02,20.34,62.48,40.06,52.54
2024-02-03,1683,2022,1591,1280,733.2,103.44,337.0,140.2,50.3,1.39,0.05,28.32,36.37,22.39,20.73,62.06,38.44,52.73
2024-02-04,1655,1827,1635,1395,733.6,102.47,347.7,151.9,50.9,1.47,0.07,28.4,37.25,23.39,20.53,61.74,39.77,53.86
2024-02-05,1728,2213,1652,1347,752.2,105.02,347.8,152.6,52.1,1.54,0.16,30.27,37.38,23.05,21.0,65.1,40.63,52.16
2024-02-06,1805,2518,1687,1359,739.9,105.62,360.6,152.6,50.8,1.32,0.1,30.74,37.63,23.47,20.89,67.09,40.39,52.68
2024-02-07,1778,2456,1871,1376,722.3,108.77,348.4,146.4,51.2,1.42,0.08,29.51,38.37,23.25,21.44,65.71,41.12,53.76
2024-02-08,1688,2298,1588,1259,747.9,104.98,328.1,136.5,52.9,1.52,0.05,29.95,36.12,22.52,20.52,66.53,38.81,51.47
2024-02-09,1744,2106,1751,1449,727.1,105.98,343.3,151.2,50.7,1.4,0.05,28.5,37.11,23.87,21.15,62.26,40.71,52.37
2024-02-10,1715,2469,1591,1311,721.2,107.27,343.7,148.8,50.9,1.43,0.14,30.3,35.7,22.91,20.84,65.7,40.05,53.36
2024-02-11,1760,2450,1730,1412,710.0,104.12,349.7,147.1,51.8,1.44,0.07,29.85,37.3,22.79,20.12,65.25,40.35,53.37
2024-02-12,1665,2361,1645,1383,734.3,100.41,329.7,150.5,52.0,1.58,0.13,29.52,36.41,22.76,20.74,65.69,40.32,52.98
2024-02-13,1717,1972,1643,1323,707.5,107.41,343.1,150.8,53.6,1.48,0.06,28.8,36.14,22.3,20.37,61.83,39.77,51.59
2024-02-14,1661,2279,1383,1337,714.1,103.84,325.6,146.6,51.3,1.58,0.09,29.27,34.56,23.33,19.29,63.27,37.19,52.78
2024-02-15,1705,2084,1615,1286,739.3,104.56,329.6,147.2,51.6,1.57,0.1,29.51,37.43,22.48,19.79,62.74,39.64,52.65
2024-02-16,1712,2242,1721,1479,742.1,102.74,329.8,147.5,53.2,1.41,0.07,29.62,37.75,24.42,21.12,64.98,40.89,54.88
2024-02-17,1670,2335,1619,1365,716.6,102.1,334.3,148.8,53.5,1.45,0.1,29.38,35.92,22.69,20.29,64.29,38.47,52.68
2024-02-18,1657,2231,1598,1295,722.7,105.54,323.1,142.3,54.3,1.59,0.05,29.63,36.32,22.33,20.04,63.75,39.52,51.33
2024-02-19,1699,2135,1469,1296,716.7,106.57,333.8,148.6,53.2,1.34,0.1,28.75,36.04,22.9,19.73,63.15,38.72,51.96
2024-02-20,1711,2315,1562,1340,723.0,106.26,345.8,143.6,52.8,1.5,0.12,29.73,36.29,23.21,20.06,64.08,38.89,53.28
2024-02-21,1748,2089,1692,1355,739.5,106.87,334.4,153.6,53.4,1.51,0.07,29.03,36.38,23.33,20.29,63.47,40.6,52.85
2024-02-22,1855,2816,1806,1566,740.3,108.0,350.6,153.3,52.4,1.45,0.11,32.0,37.56,24.51,21.31,70.01,40.81,56.03
2024-02-23,1780,2400,1794,1329,735.6,105.73,346.8,146.4,52.4,1.43,0.11,29.71,37.36,22.74,21.37,65.88,40.94,52.54
2024-02-24,1868,2838,1771,1471,727.5,106.36,358.2,151.9,50.7,1.45,0.11,32.25,38.29,23.93,20.87,70.41,40.48,54.75
2024-02-25,1879,2514,1831,1470,767.6,109.98,353.4,148.4,53.9,1.53,0.05,31.65,39.23,24.11,21.68,68.24,41.95,54.56
2024-02-26,1838,2441,1754,1434,753.6,105.38,359.1,156.7,53.1,1.59,0.1,30.4,37.52,23.6,21.21,66.68,40.85,54.42
2024-02-27,1776,2284,1604,1388,750.6,106.26,350.5,155.5,53.8,1.52,0.05,30.06,36.38,23.47,20.85,65.05,38.85,54.08
2024-02-28,1773,2597,1494,1386,757.8,103.28,354.6,151.7,49.6,1.36,0.07,32.13,36.03,23.81,20.12,69.41,38.59,53.54
2024-02-29,1827,2383,1778,1482,732.3,104.49,350.9,156.6,52.9,1.6,0.1,30.2,37.73,23.9,21.34,65.15,41.72,54.73
2024-03-01,1826,2656,1755,1467,739.2,105.55,347.4,151.0,52.0,1.57,0.11,31.61,37.15,23.11,20.97,67.98,40.96,54.47
2024-03-02,1909,2600,1771,1519,725.8,105.43,355.4,155.7,54.8,1.47,0.05,31.18,37.42,24.19,21.61,67.02,39.54,54.77
2024-03-03,1841,2150,1613,1268,793.4,108.36,355.6,155.7,53.8,1.43,0.09,29.63,36.68,23.42,20.79,65.59,41.04,52.93
2024-03-04,1846,2447,1817,1464,744.7,103.08,350.7,150.9,53.4,1.41,0.13,30.28,38.8,23.68,21.15,68.09,40.67,55.17
2024-03-05,1789,2225,1679,1311,755.9,105.8,342.7,149.7,52.6,1.56,0.06,29.4,36.45,23.11,20.86,65.08,40.8,52.45
2024-03-06,1815,2511,1776,1460,724.7,106.29,346.6,153.8,53.6,1.33,0.05,30.88,36.68,23.63,20.81,66.28,41.25,54.25
2024-03-07,1867,2354,1949,1548,764.2,102.24,350.6,154.1,52.1,1.58,0.12,30.79,39.63,23.83,21.68,66.39,42.64,55.48
2024-03-08,1852,2764,1578,1397,775.4,105.43,355.9,148.1,53.1,1.46,0.06,32.83,36.27,23.59,20.85,69.2,39.38,54.42
2024-03-09,1726,2324,1578,1343,732.0,105.18,328.9,138.9,52.5,1.5,0.07,29.81,35.98,22.92,19.37,64.96,38.83,53.26
2024-03-10,1745,2341,1637,1338,719.9,105.91,344.8,147.5,56.0,1.2,0.11,30.33,36.51,22.85,20.21,66.1,39.77,52.37
2024-03-11,1775,2559,1809,1463,736.6,104.82,351.2,140.6,55.0,1.34,0.1,31.22,38.32,23.56,20.86,67.72,40.49,52.53
2024-03-12,1804,2676,1576,1420,708.6,107.47,344.3,145.8,54.6,1.44,0.14,31.33,35.76,23.43,20.13,68.35,38.5,52.45
2024-03-13,1874,2612,1964,1569,749.6,106.61,372.3,148.2,51.5,1.43,0.09,30.16,40.19,24.16,21.34,68.79,42.73,54.62
2024-03-14,1827,2371,1752,1456,756.9,106.17,351.6,148.1,54.4,1.56,0.1,30.15,37.87,24.13,21.36,65.7,40.61,54.78
2024-03-15,1869,2236,1776,1478,749.0,107.43,343.8,154.8,53.6,1.53,0.05,29.15,38.52,24.09,21.42,66.15,41.71,54.83
2024-03-16,1936,2583,1837,1518,753.0,110.17,361.7,157.5,54.8,1.67,0.13,31.65,38.57,24.57,21.02,66.68,41.02,55.18
2024-03-17,1852,2447,1728,1498,755.5,104.85,354.9,153.1,53.8,1.54,0.07,30.85,38.74,24.6,21.14,67.05,39.08,54.83
2024-03-18,1875,2641,1886,1366,759.3,105.69,360.6,154.3,53.4,1.46,0.23,31.32,39.41,23.92,21.91,67.16,41.63,53.87
2024-03-19,1857,2512,1678,1460,723.3,104.95,352.9,153.8,53.7,1.6,0.09,30.84,36.85,23.23,20.9,65.28,39.98,53.18
2024-03-20,1860,2732,1806,1453,749.9,105.84,347.2,141.3,51.3,1.47,0.12,31.48,38.47,23.89,20.92,69.78,41.68,55.13
2024-03-21,1885,2508,1768,1519,788.0,110.63,349.4,152.0,52.5,1.47,0.13,31.06,38.32,24.27,21.02,67.77,41.35,56.21
2024-03-22,1868,2592,1716,1452,729.4,108.22,350.9,144.3,53.9,1.51,0.1,30.88,37.06,24.58,21.28,68.21,40.08,53.53
2024-03-23,1841,2796,1983,1383,745.0,103.54,348.7,152.8,54.8,1.63,0.12,32.5,38.72,23.55,21.79,68.02,42.53,53.37
2024-03-24,1851,2642,1803,1451,776.6,105.02,345.2,142.7,52.8,1.59,0.19,32.52,38.13,24.44,21.4,69.03,42.52,55.04
2024-03-25,1804,2472,1769,1354,758.5,106.71,343.1,149.0,53.4,1.58,0.07,30.73,39.05,23.46,21.46,66.27,41.28,52.75
2024-03-26,1757,2282,1763,1274,728.9,102.77,349.0,150.7,51.6,1.65,0.05,30.26,36.93,21.84,20.66,64.42,40.33,52.39
2024-03-27,1801,2354,1592,1454,744.8,103.92,361.8,145.2,55.2,1.58,0.05,30.27,36.2,23.51,20.36,66.8,40.52,55.03
2024-03-28,1752,2225,1808,1408,735.9,108.31,349.1,152.2,54.8,1.39,0.14,29.65,37.92,23.21,21.52,65.6,41.04,53.79
2024-03-29,1795,2361,1493,1435,729.8,104.11,358.4,151.6,54.3,1.54,0.08,30.08,35.55,23.39,19.49,65.71,37.45,54.47
2024-03-30,1828,2681,1674,1507,743.6,108.54,359.4,151.9,54.0,1.63,0.19,31.66,37.3,24.12,20.62,67.39,39.42,56.64
2024-03-31,1749,2340,1621,1337,731.4,108.04,349.4,151.1,55.4,1.37,0.13,30.2,36.3,23.14,20.12,64.37,39.79,51.66
2024-04-01,1724,2085,1681,1278,734.4,102.68,337.3,146.2,52.5,1.49,0.07,29.19,37.24,21.91,20.49,63.21,39.14,52.19
2024-04-02,1795,2817,1726,1405,729.7,103.42,349.1,150.1,52.4,1.41,0.07,31.85,37.85,23.27,21.23,68.73,40.55,52.74
2024-04-03,1754,2454,1651,1359,717.1,104.31,340.0,148.5,54.8,1.5,0.08,30.3,37.17,22.83,20.88,66.26,39.12,53.67
2024-04-04,1741,2101,1650,1322,734.0,102.06,340.1,148.0,54.7,1.58,0.05,29.63,36.65,23.35,20.67,64.4,40.37,52.81
2024-04-05,1774,2344,1603,1389,764.3,105.62,346.2,146.3,52.1,1.6,0.11,30.51,37.21,23.74,20.8,65.48,39.98,53.7
2024-04-06,1824,2544,1607,1395,745.5,105.58,356.9,145.3,52.8,1.49,0.13,31.25,36.08,23.38,20.66,66.75,38.81,53.62
2024-04-07,1820,2857,1797,1322,738.9,106.94,354.2,148.9,55.5,1.55,0.06,32.96,37.57,23.04,21.03,69.07,41.46,53.58
2024-04-08,1799,2256,1771,1386,752.7,109.19,347.1,148.1,54.0,1.38,0.05,29.7,37.36,22.94,21.31,64.91,41.7,54.1
2024-04-09,1880,2833,1939,1405,748.5,109.03,358.0,148.9,54.4,1.37,0.06,32.48,39.08,23.71,21.5,70.0,41.62,54.31
2024-04-10,1977,3126,1824,1558,789.9,109.71,372.1,157.9,52.1,1.62,0.14,34.67,38.46,24.59,21.46,73.67,41.62,57.56
2024-04-11,2034,2774,2026,1544,768.3,104.43,380.4,151.3,54.2,1.29,0.13,32.96,39.27,24.2,22.37,70.63,43.5,56.6
2024-04-12,2044,2875,1941,1664,780.0,110.62,364.1,155.6,51.7,1.48,0.11,32.12,39.4,25.59,21.83,71.48,43.12,58.37
2024-04-13,2009,2634,2047,1668,754.2,113.28,363.6,160.0,51.1,1.58,0.17,31.36,39.11,25.06,21.99,68.36,44.36,57.1
2024-04-14,1973,2758,1991,1583,769.0,100.89,377.0,158.0,54.3,1.54,0.05,32.0,40.45,24.46,22.05,69.91,43.44,55.15
2024-04-15,2007,2860,1950,1469,769.4,110.66,371.5,160.1,55.1,1.3,0.09,32.82,39.22,23.86,22.44,70.84,43.88,55.23
2024-04-16,2034,3076,1926,1682,767.6,108.96,371.8,153.7,53.1,1.57,0.12,33.48,39.79,25.29,22.45,72.56,42.47,57.23
2024-04-17,2111,3341,2139,1747,769.6,108.41,382.0,161.2,52.7,1.47,0.13,35.35,40.63,25.63,22.86,74.47,44.34,58.91
2024-04-18,2149,2959,2149,1673,771.9,113.11,386.4,154.9,55.4,1.56,0.13,33.43,40.38,25.18,23.11,70.86,43.98,56.56
2024-04-19,2078,2533,1937,1704,777.6,114.29,384.6,156.1,53.1,1.49,0.13,31.82,40.11,25.02,21.94,68.28,42.45,58.61
2024-04-20,2136,3117,1930,1625,789.4,112.85,378.1,158.1,53.2,1.49,0.15,34.68,39.7,24.75,21.56,73.21,42.92,57.56
2024-04-21,2090,3103,1990,1506,772.9,109.29,381.8,155.2,55.3,1.39,0.13,34.3,40.78,24.05,22.02,73.35,42.75,55.9
2024-04-22,2076,3064,2156,1568,777.5,107.64,382.0,155.7,52.9,1.5,0.05,33.77,40.88,24.59,22.91,72.82,43.13,56.88
2024-04-23,2094,2960,2139,1744,774.7,110.64,385.3,155.7,52.5,1.63,0.08,33.44,40.73,25.56,22.95,71.8,43.9,58.5
2024-04-24,2201,3282,2018,1608,788.7,114.06,396.3,156.6,54.2,1.52,0.05,34.86,40.78,24.92,22.5,75.66,44.05,57.03
2024-04-25,2362,4009,2175,1828,802.1,113.29,417.7,168.3,52.4,1.55,0.14,38.0,42.13,26.24,23.19,80.65,44.99,60.79
2024-04-26,2394,3753,2493,1855,808.9,114.0,412.8,164.9,53.0,1.52,0.15,37.83,44.11,27.05,24.46,80.85,47.57,60.93
2024-04-27,2386,3516,2202,1808,848.2,121.65,408.8,166.3,51.6,1.47,0.05,36.8,44.18,26.84,23.86,77.13,45.52,61.3
2024-04-28,2414,3534,2425,1833,815.4,117.7,439.3,166.8,53.4,1.5,0.08,35.92,43.49,26.78,23.99,78.91,47.27,60.41
2024-04-29,2459,3724,2340,1905,825.4,118.54,422.7,167.6,53.2,1.6,0.05,37.73,42.53,27.04,24.38,79.96,47.44,61.59
2024-04-30,2443,4231,2590,1845,820.5,111.77,421.6,167.3,54.2,1.78,0.1,39.7,44.41,26.55,24.94,83.7,49.17,60.7
2024-05-01,2534,3873,2398,1843,819.9,114.96,439.4,168.1,54.1,1.67,0.07,37.31,43.37,26.64,24.95,79.92,47.15,59.63
2024-05-02,2544,3946,2649,1979,844.4,117.06,448.0,175.3,53.7,1.64,0.05,38.21,46.46,27.54,25.45,81.85,48.89,61.98
2024-05-03,2568,3847,2555,2064,823.1,114.71,433.7,173.3,53.5,1.76,0.1,37.77,44.6,27.98,24.85,80.7,49.13,63.26
2024-05-04,2600,4426,2598,2072,846.8,121.67,433.9,171.2,52.9,1.64,0.18,41.08,46.14,27.7,25.19,86.63,49.49,62.83
2024-05-05,2618,4753,2331,1951,828.0,121.46,434.3,169.8,53.7,1.69,0.13,42.59,43.36,27.39,23.98,89.8,45.84,62.05
2024-05-06,2658,4344,2340,1943,822.9,117.16,461.8,172.2,51.6,1.62,0.09,40.64,43.67,27.13,24.3,85.16,45.69,61.38
2024-05-07,2623,4146,2563,1997,839.0,122.46,436.5,173.4,50.0,1.63,0.1,39.86,45.18,26.98,25.14,84.07,47.85,62.86
2024-05-08,2592,4065,2589,2122,813.6,117.55,440.8,176.9,54.2,1.48,0.18,38.93,44.99,27.99,25.35,82.68,48.11,63.91
2024-05-09,2534,3180,2354,2005,831.9,123.2,426.2,163.9,53.6,1.55,0.15,35.78,43.74,27.1,24.38,75.07,47.27,61.72
2024-05-10,2554,4210,2380,2025,808.1,117.38,424.9,172.5,52.6,1.54,0.09,39.82,42.92,27.23,24.17,83.4,47.08,62.74
2024-05-11,2592,4095,2629,2068,825.3,119.0,438.6,175.4,54.0,1.54,0.12,39.31,44.99,27.73,25.43,82.95,49.02,63.16
2024-05-12,2612,4236,2652,2046,810.8,121.35,436.0,165.5,51.8,1.53,0.06,39.92,45.39,27.08,25.65,84.28,48.73,61.46
2024-05-13,2694,4026,2650,2082,883.5,122.19,447.9,172.9,51.8,1.71,0.1,39.44,47.26,28.36,26.06,83.42,51.13,64.6
2024-05-14,2689,4129,2767,2123,815.8,120.21,468.9,169.2,51.6,1.56,0.13,39.24,45.35,28.01,25.88,82.7,49.79,64.1
2024-05-15,2719,4181,2537,2044,843.9,119.0,459.8,176.0,53.2,1.59,0.14,39.0,43.86,28.04,25.21,84.54,48.39,63.32
2024-05-16,2659,4537,2583,1930,854.5,119.79,456.5,171.2,50.6,1.77,0.07,41.44,45.24,27.16,25.01,86.91,48.71,62.18
2024-05-17,2635,4018,2819,2087,850.3,116.13,452.8,171.5,51.5,1.64,0.14,39.87,47.53,28.19,27.06,83.14,51.84,64.3
2024-05-18,2666,4912,2647,2153,850.9,118.99,449.2,171.2,52.8,1.58,0.11,43.34,45.8,28.44,25.75,90.43,49.76,64.71
2024-05-19,2705,4441,2698,1987,837.5,116.38,451.2,176.8,50.9,1.67,0.09,41.0,45.36,27.32,25.88,86.71,49.07,62.59
2024-05-20,2685,3817,2965,2133,860.4,114.42,454.3,174.3,51.5,1.53,0.18,38.76,48.27,27.94,26.95,82.56,51.45,64.17
2024-05-21,2677,4189,2464,2197,852.9,118.88,452.6,174.1,49.6,1.54,0.09,40.12,43.61,28.69,24.17,84.23,47.17,65.24
2024-05-22,2595,3847,2662,1999,833.6,120.75,436.8,171.6,53.0,1.53,0.06,37.86,45.94,27.7,25.43,81.64,49.19,63.94
2024-05-23,2573,3308,2748,1918,831.7,119.6,439.7,172.7,51.4,1.57,0.07,35.69,46.07,26.75,25.87,76.54,49.13,61.92
2024-05-24,2614,4625,2540,2023,828.0,117.67,438.1,170.4,50.8,1.59,0.13,41.23,44.62,27.49,24.73,87.42,47.62,63.13
2024-05-25,2639,4386,2721,1987,821.6,122.6,445.4,178.9,50.5,1.48,0.06,40.58,46.09,27.29,25.41,85.44,50.04,62.02
2024-05-26,2660,4375,2502,1996,856.0,117.1,446.5,167.7,51.5,1.59,0.13,40.54,44.91,28.0,24.94,87.21,48.8,63.03
2024-05-27,2657,4246,2538,2080,856.8,113.68,438.7,165.7,50.1,1.6,0.07,40.66,44.81,28.13,25.43,85.09,49.39,64.13
2024-05-28,2652,3717,2673,1910,823.3,112.95,429.5,165.2,54.3,1.51,0.1,37.25,46.07,26.99,25.85,80.62,48.43,62.06
2024-05-29,2613,3938,2683,1896,830.1,114.9,436.0,163.1,49.0,1.53,0.19,38.22,46.13,26.89,25.62,81.72,48.85,62.24
2024-05-30,2643,4441,2759,2036,833.5,120.32,461.6,174.9,51.3,1.45,0.06,40.86,45.44,27.53,25.74,85.26,49.68,62.97
2024-05-31,2659,3841,2836,2044,836.8,116.91,446.6,174.9,51.9,1.42,0.05,38.34,46.82,27.41,26.14,81.05,51.47,63.39
2024-06-01,2677,3376,2641,2087,840.3,119.92,457.6,178.0,50.8,1.45,0.15,35.61,45.04,27.93,25.51,76.18,49.22,63.85
2024-06-02,2644,4086,2770,2187,849.9,122.41,430.3,168.0,51.9,1.59,0.05,39.26,46.02,28.76,26.15,83.41,51.25,65.83
2024-06-03,2528,3873,2445,1958,812.0,113.9,425.2,172.2,50.7,1.55,0.07,38.08,44.0,27.1,24.59,80.48,47.52,62.13
2024-06-04,2578,4068,2658,2035,816.0,118.56,428.5,170.8,53.4,1.67,0.13,39.52,45.13,27.96,25.23,83.8,48.87,62.79
2024-06-05,2548,4191,2536,1888,843.9,118.28,434.1,170.4,50.2,1.51,0.13,38.87,44.8,27.26,25.24,85.5,48.71,62.34
2024-06-06,2498,4053,2511,1988,813.0,114.07,449.1,170.9,48.7,1.5,0.05,39.12,43.89,27.61,24.87,82.38,46.87,62.53
2024-06-07,2528,3999,2541,1909,804.3,120.03,437.0,166.2,49.9,1.53,0.09,38.37,44.5,26.12,24.67,82.45,46.81,60.64
2024-06-08,2502,4233,2263,1936,813.1,115.56,443.7,178.9,51.8,1.41,0.73,39.51,42.76,27.43,23.21,83.6,45.94,61.62
2024-06-09,2550,3482,2370,1957,820.6,116.0,433.9,175.1,51.2,1.57,0.79,36.07,44.4,27.22,23.95,76.59,46.77,61.92
2024-06-10,2574,4176,2551,2066,851.5,122.58,449.7,168.3,52.2,1.53,0.67,39.76,45.0,28.12,25.68,84.83,49.63,63.39
2024-06-11,2601,4275,2350,1898,844.9,118.99,458.6,166.8,51.8,1.42,0.77,40.53,42.81,27.31,23.83,85.38,46.31,61.73
2024-06-12,2523,3520,2586,1768,839.8,118.89,431.8,168.7,50.4,1.51,0.7,36.54,44.92,26.3,25.65,77.8,48.94,60.91
2024-06-13,2576,3536,2651,1969,840.8,120.73,434.8,171.2,50.5,1.55,0.78,37.5,46.08,27.06,25.01,78.0,49.62,63.27
2024-06-14,2581,3788,2587,2026,843.1,115.77,429.1,174.9,50.6,1.38,0.71,38.27,44.84,28.14,25.05,81.53,48.98,63.88
2024-06-15,2553,3760,2374,1980,815.6,120.12,433.8,165.2,53.2,1.56,0.75,37.64,42.53,26.98,24.08,78.68,47.26,62.65
2024-06-16,2551,4205,2686,2064,822.7,115.72,436.7,171.0,51.7,1.44,0.78,39.63,45.26,27.44,26.06,84.29,48.94,63.45
2024-06-17,2451,3573,2650,1927,799.9,114.18,440.3,161.1,53.1,1.21,0.81,36.99,44.77,26.72,25.2,77.58,49.03,60.86
2024-06-18,2463,3524,2436,1860,813.0,115.04,415.2,169.2,51.8,1.53,0.8,36.98,43.14,26.43,24.36,78.13,47.44,61.06
2024-06-19,2402,3478,2412,1685,819.7,113.28,418.7,165.4,50.7,1.55,0.77,35.85,43.71,25.66,24.1,78.22,47.66,57.83
2024-06-20,2325,3812,2292,1784,803.0,115.76,394.5,171.6,49.5,1.33,0.77,37.37,42.44,26.02,23.92,79.34,45.62,59.21
2024-06-21,2240,3331,2236,1810,811.2,113.12,395.6,155.4,50.9,1.27,0.87,35.79,42.59,26.66,23.45,75.22,44.98,60.76
2024-06-22,2290,3379,2218,1747,779.9,111.96,407.4,168.4,50.5,1.52,0.82,35.76,41.38,25.78,23.21,76.59,44.62,58.37
2024-06-23,2250,3318,2185,1748,800.2,114.29,404.3,155.0,50.4,1.35,0.79,35.23,41.94,25.57,23.2,75.56,44.47,59.51
2024-06-24,2320,3850,2367,1828,781.7,112.95,413.2,158.4,50.2,1.52,0.84,37.27,42.46,25.87,24.11,79.91,45.83,59.44
2024-06-25,2284,3212,2487,1699,797.9,112.29,407.5,156.0,47.9,1.26,0.85,34.86,43.26,25.42,24.74,75.26,47.14,58.83
2024-06-26,2189,3565,1975,1743,797.0,111.82,397.7,161.2,51.8,1.49,0.78,37.03,39.82,25.65,22.16,76.98,42.86,58.07
2024-06-27,2125,3151,2045,1762,775.5,111.89,386.0,153.8,50.2,1.45,0.86,34.3,39.47,25.52,22.35,74.1,43.52,59.51
2024-06-28,2181,3169,1990,1683,793.2,112.55,383.8,154.6,48.5,1.42,0.79,34.07,41.04,25.08,22.24,74.57,42.78,57.54
2024-06-29,2165,3815,2265,1607,768.8,110.43,375.5,160.4,50.7,1.21,0.83,37.3,41.85,24.87,23.43,80.05,45.08,55.96
2024-06-30,2130,2846,2000,1653,754.3,112.93,381.8,160.4,49.1,1.33,0.82,32.94,39.24,24.76,22.45,71.25,42.58,57.73
2024-07-01,2131,3022,1913,1510,787.7,110.26,385.2,158.8,50.7,1.43,0.86,33.8,39.31,24.14,22.15,72.74,42.62,56.05
2024-07-02,2149,2836,2147,1693,807.5,109.45,398.4,158.5,51.0,1.22,0.85,33.72,40.27,25.74,22.55,72.16,45.02,58.46
2024-07-03,2197,3490,2319,1738,771.9,108.15,393.3,167.7,51.1,1.32,0.87,36.14,42.93,25.77,23.85,76.33,45.38,59.32
2024-07-04,2262,3829,2275,1872,812.4,115.24,400.1,162.7,49.6,1.4,0.81,37.82,43.17,26.53,23.36,80.46,45.5,61.29
2024-07-05,2235,3760,2195,1721,791.6,112.4,401.5,164.6,49.3,1.26,0.88,37.29,41.66,26.14,23.06,78.39,44.61,58.35
2024-07-06,2158,3474,2133,1705,762.4,111.76,387.3,159.9,49.0,1.44,0.85,34.87,40.88,25.92,22.85,75.74,44.5,57.71
2024-07-07,2129,3058,2205,1599,762.2,113.41,392.6,154.2,48.8,1.42,0.98,34.18,40.61,24.83,23.06,71.03,45.18,57.18
2024-07-08,2135,3027,1975,1637,780.0,109.69,402.6,160.9,49.6,1.35,0.89,33.64,39.24,24.9,22.55,72.42,42.78,56.8
2024-07-09,2078,2605,1995,1520,767.3,106.59,397.8,154.6,49.3,1.35,0.9,31.52,38.94,24.38,22.08,69.44,42.92,56.59
2024-07-10,2023,3372,1903,1566,747.5,109.36,374.6,155.4,48.5,1.26,0.94,34.74,38.75,24.0,21.44,75.14,41.11,55.56
2024-07-11,2035,3033,1845,1567,743.1,110.14,377.9,157.3,48.1,1.35,0.97,33.54,38.87,24.07,21.37,71.62,41.35,55.22
2024-07-12,2027,2793,1919,1600,754.9,108.59,386.9,148.1,49.2,1.25,0.87,31.94,38.86,24.12,22.15,69.65,41.48,57.04
2024-07-13,2023,3208,2055,1539,770.1,112.87,372.7,149.3,48.8,1.28,0.95,34.09,40.44,24.24,22.72,73.43,43.26,56.45
2024-07-14,1980,2597,1955,1551,762.1,102.31,374.3,158.2,47.9,1.24,0.96,31.56,39.91,24.05,22.09,67.66,43.14,54.91
2024-07-15,1964,2877,1945,1514,752.9,111.08,358.0,151.5,50.2,1.39,0.94,32.5,38.4,24.33,22.35,71.04,41.62,55.27
2024-07-16,1913,2652,1845,1477,757.6,109.47,358.8,150.3,51.3,1.36,0.94,31.91,39.48,23.76,21.92,67.57,41.22,54.34
2024-07-17,1956,2912,1925,1533,775.1,109.3,375.4,154.6,50.2,1.19,0.91,32.94,39.98,24.52,22.28,70.3,42.13,56.53
2024-07-18,2005,2851,1851,1567,771.0,100.58,366.1,153.7,48.1,1.38,0.92,33.49,39.06,24.81,21.36,71.38,41.1,57.39
2024-07-19,1908,2369,1798,1538,752.2,110.62,359.7,154.3,48.9,1.19,0.94,30.69,38.6,24.61,21.58,66.2,41.65,55.93
2024-07-20,1859,2603,1792,1449,762.3,104.09,342.6,151.1,50.7,1.39,0.93,31.88,38.73,23.77,21.34,68.39,41.47,54.32
2024-07-21,1782,2650,1718,1380,725.1,104.17,362.6,150.0,47.4,1.35,0.98,31.13,37.29,23.26,20.68,67.87,41.07,53.69
2024-07-22,1750,2380,1687,1365,732.4,104.5,353.0,145.5,49.7,1.39,0.91,31.19,37.75,23.25,20.53,67.0,39.54,53.11
2024-07-23,1748,2528,1646,1334,732.4,105.9,344.1,149.0,47.0,1.24,0.98,30.73,36.51,23.37,20.51,66.91,38.83,52.73
2024-07-24,1676,2061,1553,1300,708.4,105.33,338.7,150.7,50.7,1.18,0.98,28.18,35.93,22.82,19.81,62.37,39.08,51.55
2024-07-25,1632,2166,1780,1391,715.5,105.25,333.0,142.8,48.1,1.17,0.96,29.32,38.11,23.53,21.03,64.71,40.31,53.13
2024-07-26,1585,1982,1557,1206,685.1,104.29,335.8,147.4,51.2,1.21,0.88,27.91,34.03,21.37,19.77,60.78,38.04,50.19
2024-07-27,1601,2241,1536,1249,746.8,103.14,322.2,144.0,50.6,1.1,0.97,29.43,36.37,22.46,20.3,66.0,39.83,50.65
2024-07-28,1609,2135,1496,1250,705.1,103.69,333.2,147.4,48.3,0.98,0.92,29.65,35.6,22.59,19.9,61.23,38.2,51.2
2024-07-29,1578,2188,1448,1234,739.2,99.4,332.5,144.1,47.5,1.14,0.93,29.81,34.55,22.68,19.72,63.31,38.74,51.67
2024-07-30,1592,2282,1487,1240,717.7,100.49,335.2,143.8,48.6,1.17,0.96,29.6,35.5,22.31,19.58,63.86,37.94,51.55
2024-07-31,1570,2174,1495,1254,722.9,104.24,305.0,144.7,48.1,1.21,0.98,30.12,35.1,22.32,19.27,63.95,38.03,50.42
2024-08-01,1562,2091,1328,1150,706.2,103.97,317.4,148.0,47.8,1.19,0.88,28.91,34.23,21.99,19.29,63.6,36.65,50.34
2024-08-02,1654,2033,1437,1357,727.5,105.18,324.0,146.6,46.2,1.18,0.95,28.57,35.1,22.47,19.7,62.04,38.35,52.95
2024-08-03,1727,2341,1584,1392,742.7,103.26,341.5,149.6,47.5,1.27,0.98,31.08,35.97,23.63,20.34,66.23,39.43,53.98
2024-08-04,1665,2134,1588,1246,735.6,105.83,317.3,144.5,46.8,1.1,0.9,29.4,36.92,22.57,20.71,65.12,39.55,50.83
2024-08-05,1711,2250,1601,1224,742.8,101.4,322.2,153.5,48.7,1.12,0.93,30.0,36.35,22.34,20.08,65.85,38.24,50.97
2024-08-06,1757,2325,1791,1326,731.0,107.73,361.0,151.0,49.2,1.34,0.92,29.8,37.9,23.08,21.16,64.79,39.89,51.52
2024-08-07,1702,2116,1491,1326,722.9,103.5,342.5,147.3,48.8,0.91,0.97,28.92,36.12,22.74,19.57,63.65,37.29,52.56
2024-08-08,1748,2007,1595,1515,711.5,109.1,343.6,147.7,48.3,1.26,0.89,28.1,35.59,23.78,20.39,62.02,38.8,54.23
2024-08-09,1829,2396,1875,1465,752.8,102.37,354.7,154.4,46.8,1.22,0.87,31.12,38.71,23.86,20.99,65.84,41.13,54.67
2024-08-10,1774,2467,1696,1292,754.8,109.72,346.8,146.5,48.0,1.17,0.96,30.25,37.19,23.18,21.19,67.27,41.31,51.94
2024-08-11,1730,2095,1712,1323,757.6,103.7,348.7,140.6,48.7,1.23,0.94,29.76,37.46,23.2,21.26,63.5,40.63,52.47
2024-08-12,1785,2452,1871,1398,744.4,104.53,341.8,149.5,47.0,1.22,0.88,30.35,39.63,22.86,21.3,66.64,41.77,52.29
2024-08-13,1801,2856,1654,1427,730.2,106.22,350.1,154.5,47.8,1.05,0.92,32.36,36.99,23.05,20.6,68.68,39.2,53.01
2024-08-14,1831,2742,1736,1360,719.6,104.46,353.8,156.9,47.4,1.09,0.86,31.62,37.35,22.68,20.56,67.13,39.66,52.41
2024-08-15,1849,2906,1740,1441,762.9,106.31,345.7,150.6,49.6,1.13,0.95,32.8,38.14,23.97,21.32,70.79,41.72,54.34
2024-08-16,1869,2688,1611,1422,722.6,104.97,366.6,151.7,48.5,1.0,0.92,31.8,36.55,23.54,20.59,68.2,40.18,53.55
2024-08-17,1802,2713,1688,1351,736.7,104.0,345.2,151.8,48.2,1.15,0.87,31.8,36.19,23.62,20.47,67.8,40.32,53.52
2024-08-18,1856,2432,1849,1469,744.7,107.82,363.0,150.1,45.4,1.21,0.87,30.34,39.54,23.52,21.1,66.75,40.48,54.21
2024-08-19,1915,2554,1883,1544,753.8,105.27,362.4,154.9,47.6,1.26,0.87,31.34,38.04,24.7,22.03,67.72,41.69,56.0
2024-08-20,1902,2084,1876,1538,753.9,105.4,373.1,152.1,47.2,1.17,0.84,28.84,39.59,23.7,22.26,64.09,42.01,56.11
2024-08-21,1898,2914,1781,1519,755.0,103.83,351.3,156.4,47.1,1.1,0.94,32.73,38.36,24.19,21.44,71.5,41.02,56.13
2024-08-22,1819,2821,1675,1398,707.5,104.75,341.9,153.1,45.4,1.16,0.92,31.35,36.66,23.18,20.65,69.65,38.49,53.27
2024-08-23,1844,2446,1870,1486,746.9,109.69,346.2,154.1,45.9,1.14,0.86,30.52,38.43,24.01,21.49,66.99,42.62,54.92
2024-08-24,1871,2558,1743,1483,716.4,104.73,357.6,150.8,47.1,1.21,0.85,31.05,38.5,23.55,20.89,66.48,39.8,53.52
2024-08-25,1866,2444,1808,1469,760.2,104.93,368.3,159.2,48.5,1.14,0.81,30.87,38.63,24.0,21.55,67.06,40.75,55.13
2024-08-26,1921,2786,1854,1465,747.1,108.09,374.9,154.9,46.4,1.23,0.85,32.99,38.47,23.45,21.48,71.14,41.56,54.41
2024-08-27,1900,2905,1950,1457,720.8,106.36,341.3,153.4,46.6,1.13,0.87,33.54,38.5,23.8,22.12,70.5,42.49,54.79
2024-08-28,1925,2334,1934,1510,743.8,113.25,364.7,150.0,49.2,1.26,0.89,29.96,38.67,24.11,21.88,65.56,42.4,55.14
2024-08-29,1869,2692,1670,1607,741.0,106.4,330.6,151.2,46.7,1.15,0.8,31.43,37.06,24.64,20.82,68.42,39.39,56.07
2024-08-30,1864,2540,1674,1478,766.9,107.57,362.1,151.9,46.9,1.09,0.76,31.82,36.99,23.99,20.91,67.52,39.75,56.07
2024-08-31,1852,2597,1818,1415,750.5,108.9,363.3,147.9,46.8,1.11,0.78,31.57,38.59,23.48,21.39,67.14,40.25,53.83
2024-09-01,1859,2683,1769,1408,753.6,108.97,354.9,150.1,45.3,1.19,0.84,32.32,37.62,23.73,21.6,70.0,40.87,54.11
2024-09-02,1836,2507,1711,1411,763.5,106.88,353.3,150.0,47.6,1.03,0.8,31.34,38.18,24.16,21.12,67.9,40.49,55.57
2024-09-03,1826,2504,1828,1556,743.1,105.72,352.0,150.6,46.1,1.11,0.84,30.84,38.71,23.86,21.44,66.07,41.56,55.77
2024-09-04,1863,2551,1796,1436,760.2,111.78,349.4,144.3,46.8,1.22,0.79,31.27,38.21,23.35,21.45,67.76,40.99,55.26
2024-09-05,1836,2742,1755,1491,756.0,106.04,356.0,150.1,47.4,1.17,0.85,32.34,38.17,24.12,21.09,70.27,41.43,56.04
2024-09-06,1750,2464,1725,1354,716.4,103.82,341.1,146.8,49.1,1.02,0.71,30.33,37.38,22.85,20.34,65.56,40.41,52.32
2024-09-07,1835,2587,1716,1453,767.7,104.66,359.9,150.5,45.2,1.15,0.67,32.09,37.04,23.98,21.6,67.8,40.47,55.49
2024-09-08,1900,2394,1960,1534,731.8,102.97,358.9,156.5,47.8,1.02,0.82,29.76,39.87,24.05,22.16,65.95,42.35,54.91
2024-09-09,1828,2453,1673,1400,758.6,108.22,344.8,158.6,47.8,1.13,0.72,31.36,37.2,23.76,21.26,67.42,41.01,55.35
2024-09-10,1858,2771,1831,1418,725.5,100.76,342.7,154.0,46.0,1.23,0.75,31.19,38.32,23.29,20.94,68.47,40.57,54.47
2024-09-11,1826,2533,1864,1527,753.6,106.12,336.5,145.4,47.4,1.12,0.74,31.24,39.0,23.85,22.06,67.09,41.65,55.95
2024-09-12,1834,2674,1627,1494,773.4,105.74,362.8,149.2,48.7,1.02,0.74,31.93,35.97,23.98,21.41,69.6,40.11,56.18
2024-09-13,1843,2918,1727,1490,743.3,111.99,349.6,153.2,45.7,1.1,0.7,32.22,37.16,23.87,21.3,69.76,40.35,54.43
2024-09-14,1824,2732,1837,1475,740.5,101.53,354.0,152.3,46.9,1.13,0.68,31.11,38.66,23.44,21.9,68.49,41.74,55.64
2024-09-15,1778,2455,1788,1422,748.2,103.12,360.4,153.0,47.1,1.19,0.67,30.32,38.03,23.59,21.51,66.6,41.52,53.61
2024-09-16,1738,2266,1633,1476,729.3,104.39,337.0,147.6,47.3,1.18,0.72,29.68,36.94,23.74,20.23,65.04,39.77,54.62
2024-09-17,1686,1805,1535,1330,755.5,103.4,330.8,145.1,47.5,1.0,0.13,27.62,36.32,23.06,20.45,60.97,39.41,52.81
2024-09-18,1639,2154,1619,1322,725.6,101.77,329.6,152.3,46.8,1.05,0.09,28.69,37.05,22.92,20.09,63.84,39.12,53.0
2024-09-19,1632,2114,1629,1212,717.0,102.82,330.1,145.3,47.2,1.11,0.08,29.36,36.44,21.7,20.19,63.68,39.51,52.05
2024-09-20,1592,2164,1409,1215,709.0,99.22,340.5,139.9,45.5,1.02,0.12,28.46,35.38,21.85,19.51,62.71,36.86,51.13
2024-09-21,1623,2128,1436,1219,706.8,103.77,341.4,150.7,46.7,1.11,0.05,29.03,34.34,21.79,19.56,64.95,38.92,51.05
2024-09-22,1695,2225,1621,1402,719.8,98.23,341.7,140.8,46.0,0.98,0.18,29.0,36.3,23.5,20.5,64.89,40.0,53.23
2024-09-23,1660,1905,1616,1174,719.9,103.41,344.5,131.9,45.1,1.1,0.12,27.44,36.03,22.7,19.81,61.32,39.77,50.68
2024-09-24,1668,2067,1551,1292,718.7,102.1,332.3,149.1,45.9,1.16,0.09,28.38,36.03,22.37,20.02,62.37,38.97,51.78
2024-09-25,1688,2359,1650,1170,718.6,106.47,338.4,150.2,46.8,1.09,0.13,30.21,36.42,21.9,20.64,64.63,39.74,51.52
2024-09-26,1707,2623,1558,1298,762.2,108.63,335.7,148.8,47.0,1.1,0.13,31.15,36.43,22.85,20.67,69.69,38.67,53.48
2024-09-27,1706,2285,1443,1315,715.1,103.38,327.6,141.9,45.0,1.15,0.11,29.69,34.65,22.79,19.84,64.43,37.24,51.96
2024-09-28,1738,2424,1613,1441,736.5,108.21,351.2,147.7,45.4,1.05,0.05,30.09,36.33,23.41,20.54,65.08,38.96,54.16
2024-09-29,1756,2579,1672,1402,745.3,104.23,347.9,147.4,47.4,1.14,0.12,30.98,37.11,23.55,20.66,66.47,40.16,55.6
2024-09-30,1687,2123,1573,1284,737.8,101.5,336.1,144.4,47.1,1.08,0.16,29.27,35.28,22.96,20.46,63.6,39.1,52.47
2024-10-01,1726,2410,1541,1415,732.0,108.91,340.2,153.3,47.6,1.02,0.08,31.23,34.82,23.05,20.04,65.93,39.3,54.59
2024-10-02,1765,2270,1524,1387,733.9,106.47,332.6,144.5,48.1,1.17,0.14,29.37,35.9,23.36,20.35,64.04,38.31,53.08
2024-10-03,1720,2491,1587,1355,739.0,104.46,331.8,148.7,47.1,1.2,0.13,31.1,35.02,22.62,20.51,65.68,39.88,53.45
2024-10-04,1717,2352,1698,1285,735.8,106.11,341.9,152.2,46.0,1.18,0.11,30.01,37.07,22.67,20.79,64.07,39.77,51.9
2024-10-05,1746,2434,1760,1317,731.3,105.54,338.2,149.7,46.6,1.16,0.11,30.27,37.36,22.78,20.79,65.5,40.38,52.23
2024-10-06,1729,2200,1736,1315,709.9,104.42,338.9,152.7,48.5,1.13,0.12,29.56,37.32,22.61,21.09,63.15,40.51,52.53
2024-10-07,1778,2574,1621,1399,732.0,102.06,345.2,151.3,49.8,1.13,0.12,30.77,36.21,23.24,20.63,67.74,39.77,52.99
2024-10-08,1892,3091,1705,1485,735.0,106.49,353.4,153.9,47.1,1.11,0.18,33.06,37.99,23.67,21.46,71.72,39.6,53.89
2024-10-09,1844,2353,1802,1534,736.7,107.97,345.7,152.3,47.2,1.06,0.14,30.34,38.36,24.02,21.39,66.22,41.53,55.63
2024-10-10,1767,2351,1731,1409,738.2,104.89,331.9,151.2,47.4,0.93,0.13,30.8,36.68,23.51,21.14,65.93,40.52,53.49
2024-10-11,1777,2479,1722,1244,744.2,107.61,344.7,147.5,46.6,0.97,0.64,31.12,37.32,22.68,20.53,67.14,39.43,51.81
2024-10-12,1808,2648,1547,1433,769.2,106.8,354.3,144.7,48.0,1.11,0.65,31.33,37.33,23.88,20.55,69.62,39.12,53.66
2024-10-13,1790,2349,1628,1323,732.3,103.37,334.2,153.2,47.8,1.0,0.56,29.83,36.25,22.75,20.4,64.35,39.37,51.88
2024-10-14,1858,2000,1771,1399,759.9,103.34,354.9,155.9,47.0,1.15,0.66,29.2,38.03,23.91,21.54,62.7,40.55,54.27
2024-10-15,1784,2713,1737,1355,744.3,105.07,348.9,150.2,46.2,1.24,0.66,32.53,38.28,23.66,21.13,70.49,41.29,53.14
2024-10-16,1814,2655,1793,1385,762.6,104.63,342.2,147.9,44.8,0.85,0.72,31.94,37.98,23.14,21.7,67.48,41.16,54.58
2024-10-17,1778,2096,1701,1319,747.6,106.21,357.4,142.8,47.5,1.03,0.7,28.87,37.92,23.09,21.55,63.35,40.62,52.39
2024-10-18,1860,2464,1805,1469,733.4,104.88,352.2,151.7,46.9,1.29,0.76,31.28,37.45,23.58,20.98,66.68,41.08,54.28
2024-10-19,1956,3119,1884,1442,733.7,106.62,365.4,148.5,45.8,1.2,0.74,33.61,37.04,23.86,21.83,70.7,41.95,54.1
2024-10-20,1910,2995,1891,1515,758.9,110.08,359.7,146.7,45.3,1.12,0.84,33.13,39.53,24.19,21.98,71.13,42.89,55.36
2024-10-21,1876,2816,1820,1600,742.4,107.29,342.9,151.7,47.5,1.08,0.86,32.04,38.37,24.52,21.95,71.04,41.57,56.47
2024-10-22,1915,2654,1839,1418,740.1,105.76,369.5,149.7,44.8,1.18,0.75,31.1,38.5,23.65,21.62,68.3,42.22,53.28
2024-10-23,1889,2662,1782,1462,732.9,107.17,351.0,153.5,47.1,1.21,0.84,32.66,37.18,23.59,21.3,67.64,41.14,54.59
2024-10-24,1882,2603,1806,1325,753.5,110.46,355.9,151.3,47.8,1.03,0.82,32.07,37.71,23.63,21.64,68.26,41.37,53.81
2024-10-25,1879,2861,1839,1453,773.3,107.69,362.2,149.4,47.5,1.25,0.86,32.66,39.32,24.15,21.96,70.49,42.04,54.58
2024-10-26,1777,2264,1711,1431,732.7,106.84,357.6,142.2,46.4,1.15,0.88,30.39,37.33,23.79,21.27,65.79,38.92,54.16
2024-10-27,1774,2272,1717,1433,747.3,103.42,336.9,145.5,45.4,1.19,0.82,30.12,37.41,23.59,20.73,64.38,40.28,54.48
2024-10-28,1736,2550,1756,1369,732.6,107.27,337.8,144.7,47.6,1.19,0.84,31.2,37.65,23.14,20.9,66.7,40.51,53.54
2024-10-29,1710,2303,1640,1393,711.7,110.07,349.5,142.3,48.3,1.13,0.85,29.33,37.13,23.36,20.9,63.3,39.56,53.01
2024-10-30,1782,2713,1639,1541,750.5,103.45,350.2,147.9,46.2,1.16,0.87,31.77,37.32,24.48,20.09,68.77,39.94,56.45
2024-10-31,1716,2198,1697,1442,715.3,101.43,344.5,142.8,47.6,1.16,0.87,29.17,36.61,23.04,20.61,63.42,40.01,54.93
2024-11-01,1757,2387,1553,1351,736.8,105.47,335.3,147.8,48.9,1.09,0.93,29.52,35.42,23.15,20.27,66.61,38.41,53.44
2024-11-02,1741,2194,1562,1289,729.6,106.97,338.9,149.0,47.4,1.17,0.91,29.14,36.38,22.86,20.15,63.19,38.23,52.37
2024-11-03,1726,2342,1663,1335,746.3,104.32,338.9,144.3,46.6,1.1,0.86,30.22,36.6,23.08,21.22,65.99,39.48,53.1
2024-11-04,1766,2128,1720,1334,721.7,102.54,337.8,150.4,48.3,1.13,0.89,29.46,36.52,23.0,20.92,63.17,40.91,51.75
2024-11-05,1782,2348,1588,1424,745.3,105.16,333.1,143.7,46.2,1.26,0.8,29.99,37.17,23.56,20.32,64.35,38.84,53.26
2024-11-06,1810,2208,1690,1352,730.1,107.37,345.5,145.5,45.6,1.14,0.97,29.73,37.46,22.39,20.54,63.53,39.63,52.24
2024-11-07,1857,2727,1718,1450,740.5,105.6,365.8,150.8,48.2,1.18,0.89,31.09,37.57,23.29,21.01,68.28,40.46,54.47
2024-11-08,1838,2693,1709,1489,691.4,107.83,353.2,153.4,46.7,1.14,0.92,31.64,35.96,23.74,20.84,68.33,38.76,53.57
2024-11-09,1804,2141,1798,1410,773.4,108.7,360.0,153.3,46.9,1.12,0.9,29.26,39.35,23.69,21.55,65.05,41.12,55.48
2024-11-10,1748,2634,1716,1321,743.7,105.49,344.1,154.7,46.6,1.29,0.86,31.58,37.93,23.07,20.9,68.21,40.78,51.37
2024-11-11,1705,2761,1611,1404,718.9,104.13,331.7,145.5,46.8,1.02,0.75,31.98,36.13,23.24,20.11,65.5,39.01,53.32
2024-11-12,1854,2587,1721,1343,730.9,108.64,364.8,150.6,49.1,1.17,0.81,31.24,37.0,22.77,20.97,66.0,41.12,53.11
2024-11-13,1914,2553,1709,1477,747.3,105.37,363.1,148.6,49.4,1.08,0.84,31.15,37.45,23.75,21.04,68.01,39.6,55.32
2024-11-14,1841,3131,1881,1441,757.1,103.99,360.9,145.8,49.6,1.26,0.81,33.47,38.57,23.88,21.5,73.33,41.77,54.66
2024-11-15,1771,2168,1732,1392,709.8,104.59,336.7,149.8,48.8,1.15,0.83,28.62,38.13,23.22,21.04,62.61,39.81,53.18
2024-11-16,1793,2468,1645,1417,738.6,104.38,356.0,146.4,48.1,1.12,0.78,31.1,36.63,24.14,21.12,66.55,39.81,53.99
2024-11-17,1818,2546,1793,1460,770.2,103.99,359.1,155.1,45.9,1.02,0.83,31.2,37.83,23.86,21.48,68.05,40.86,55.35
2024-11-18,1842,2830,1750,1441,729.4,110.96,355.6,145.0,47.4,1.3,0.7,32.21,38.24,24.03,21.06,69.52,40.19,53.95
2024-11-19,1825,2595,1713,1409,745.6,111.54,344.8,152.3,50.3,1.07,0.74,30.77,37.13,23.25,20.61,67.56,40.85,55.21
2024-11-20,1814,2403,1764,1399,776.2,105.05,349.7,146.0,47.2,1.21,0.66,31.2,38.64,23.87,21.62,67.59,41.2,54.85
2024-11-21,1826,2333,1675,1396,754.0,106.35,356.3,147.1,49.6,1.25,0.72,29.74,37.61,23.57,21.0,66.56,39.76,54.09
2024-11-22,1825,2454,1708,1476,746.3,105.64,353.1,152.5,47.9,1.36,0.63,31.1,37.36,23.84,20.83,65.95,41.47,54.3
2024-11-23,1706,2119,1624,1307,738.2,106.99,342.8,144.4,44.7,1.12,0.57,28.67,36.18,22.89,20.3,62.66,39.67,52.38
2024-11-24,1690,2284,1558,1375,722.7,107.22,344.3,144.6,48.7,1.1,0.56,30.07,35.93,22.93,20.68,63.93,39.19,53.95
2024-11-25,1642,2090,1600,1295,742.5,98.74,325.7,142.1,49.5,1.13,0.58,29.02,35.97,23.14,20.57,63.4,39.91,51.05
2024-11-26,1647,1934,1698,1271,717.6,104.45,322.2,152.6,48.0,1.12,0.16,27.77,36.88,22.26,20.38,61.57,39.85,51.74
2024-11-27,1793,2712,1641,1442,711.4,102.34,347.4,147.0,49.5,1.04,0.13,32.14,36.77,23.47,20.63,68.43,38.95,53.56
2024-11-28,1804,2386,1574,1374,736.2,110.18,346.4,150.0,46.1,1.33,0.12,30.27,37.13,23.46,20.37,66.43,39.32,53.63
2024-11-29,1780,2193,1522,1433,724.7,106.5,352.6,148.3,46.5,1.16,0.1,29.13,35.18,23.86,20.02,64.01,38.28,53.92
2024-11-30,1819,2478,1719,1438,739.5,103.96,342.0,151.1,48.5,1.19,0.05,31.12,37.25,23.9,21.21,66.8,40.59,55.06
2024-12-01,1834,2554,1690,1403,741.6,105.65,360.5,148.1,48.8,1.26,0.06,30.54,36.93,23.61,20.03,68.51,40.13,53.84
2024-12-02,1845,2203,1778,1476,764.7,105.71,364.4,150.1,50.0,1.33,0.08,28.79,38.31,23.85,20.82,64.97,41.78,55.11
2024-12-03,1865,2668,1793,1493,759.5,108.06,355.9,153.0,49.1,1.13,0.07,32.34,37.45,23.85,21.79,69.25,40.73,55.81
2024-12-04,1958,2543,1728,1601,763.8,110.8,367.0,150.5,47.0,1.27,0.07,31.02,37.34,24.36,21.11,68.1,41.22,57.52
2024-12-05,1888,3004,1641,1535,751.7,104.23,352.3,156.4,48.7,1.13,0.06,33.67,36.14,23.87,20.57,71.41,40.3,55.97
2024-12-06,1900,2776,1844,1516,737.2,111.88,355.4,157.1,49.3,1.26,0.1,32.12,37.52,24.01,21.01,69.03,41.22,55.62
2024-12-07,1840,2470,1766,1377,713.4,110.36,349.7,153.2,46.3,1.25,0.07,29.94,36.99,22.83,20.96,66.76,40.72,52.73
2024-12-08,1856,2427,1733,1596,749.7,104.41,366.3,151.5,48.6,1.2,0.15,30.89,38.46,24.91,21.15,66.42,40.88,56.3
2024-12-09,1796,2450,1567,1330,753.0,105.84,347.5,137.6,48.3,1.25,0.14,30.63,36.64,22.97,20.84,66.53,39.77,54.07
2024-12-10,1763,2527,1713,1437,735.6,109.41,333.8,150.4,48.0,1.25,0.12,30.51,37.3,23.6,20.98,66.44,40.59,54.37
2024-12-11,1736,2354,1750,1388,726.1,107.79,343.4,146.4,49.4,1.22,0.12,29.61,38.07,23.14,20.85,65.49,40.45,53.12
2024-12-12,1774,2387,1709,1327,745.5,104.47,352.2,148.0,47.5,1.22,0.05,29.72,37.58,22.64,21.05,65.66,40.12,53.0
2024-12-13,1808,2504,1648,1411,741.3,107.89,349.2,142.3,49.4,1.13,0.19,31.06,37.12,23.81,20.98,67.14,39.57,54.49
2024-12-14,1732,2238,1645,1357,758.9,112.13,352.7,149.8,49.7,1.15,0.09,29.52,36.89,23.55,21.04,65.23,40.03,54.3
2024-12-15,1723,2271,1520,1425,751.0,104.75,346.1,141.8,50.4,1.19,0.13,29.93,35.78,23.88,20.39,64.87,39.46,53.74
2024-12-16,1675,1872,1666,1281,741.3,102.13,326.2,146.7,47.8,1.15,0.13,27.92,36.36,22.96,20.8,60.47,40.33,52.56
2024-12-17,1600,2277,1510,1249,729.4,102.92,321.9,147.8,47.4,1.18,0.06,29.34,35.4,22.27,19.81,63.9,39.12,51.7
2024-12-18,1579,2124,1351,1130,696.1,102.76,325.8,141.7,49.6,1.22,0.07,28.0,33.91,21.34,18.76,61.75,37.4,49.54
2024-12-19,1553,1904,1434,1313,722.4,100.41,307.8,147.7,48.9,1.23,0.12,28.93,35.22,22.92,19.26,60.49,37.8,53.1
2024-12-20,1667,2572,1610,1257,731.6,104.69,336.4,143.0,52.8,1.29,0.05,31.08,36.44,23.02,20.53,67.55,40.41,51.71
2024-12-21,1678,2269,1559,1338,736.3,100.63,320.8,148.7,50.0,1.26,0.1,30.49,35.98,23.16,20.39,66.23,39.05,52.56
2024-12-22,1597,1933,1480,1255,725.0,100.78,334.1,138.9,49.5,1.25,0.05,28.55,34.96,22.78,20.16,61.16,38.06,51.19
2024-12-23,1558,2179,1372,1227,719.9,103.71,329.0,147.1,49.3,1.28,0.1,29.02,34.76,22.14,19.52,63.23,37.56,51.14
2024-12-24,1601,2182,1548,1305,758.7,98.13,330.5,147.7,48.1,1.17,0.16,29.7,36.17,23.39,20.69,64.21,39.62,52.57
2024-12-25,1698,2361,1554,1425,728.4,106.34,331.7,148.7,50.3,1.2,0.1,30.15,36.18,23.31,20.12,65.92,38.57,53.23
2024-12-26,1606,2052,1348,1280,732.8,97.57,328.4,142.8,49.6,1.22,0.05,29.46,33.62,22.77,19.59,63.06,37.33,51.61
2024-12-27,1502,2009,1377,1220,699.2,96.54,311.5,135.8,49.7,1.18,0.08,28.45,34.45,21.96,18.9,61.44,36.87,50.21
2024-12-28,1589,2050,1566,1271,728.6,101.07,316.9,142.3,49.9,1.12,0.12,28.34,36.47,22.88,20.19,61.78,39.11,51.49
2024-12-29,1600,2207,1476,1314,732.1,103.22,323.6,148.6,50.1,1.31,0.11,29.57,35.81,23.14,19.32,63.41,38.79,52.77
2024-12-30,1548,1712,1576,1201,717.2,104.95,326.2,143.2,47.9,1.18,0.12,27.29,35.9,21.69,20.17,59.51,38.8,49.7
2024-12-31,1567,1983,1502,1291,739.2,102.1,323.1,137.0,51.0,1.41,0.09,28.01,36.25,23.21,20.4,62.5,39.0,52.0
2025-01-01,1378,1964,1298,1144,677.9,98.15,313.9,133.5,49.0,1.25,0.07,27.86,32.75,22.18,18.73,60.46,35.45,49.28
2025-01-02,1376,1618,1266,1142,683.7,100.19,308.2,142.9,50.0,1.12,0.11,26.68,33.2,21.4,18.84,58.1,36.43,50.14
2025-01-03,1391,1665,1286,1077,696.0,96.83,309.0,140.3,51.7,1.3,0.1,26.16,33.48,21.23,18.89,57.53,36.11,48.81
2025-01-04,1437,1762,1319,1132,711.6,100.12,295.7,134.7,52.4,1.26,0.14,26.85,34.57,22.08,18.9,59.88,36.61,49.85
2025-01-05,1383,1567,1262,1110,694.5,95.86,300.6,131.1,48.3,1.27,0.08,26.5,32.37,21.45,18.64,57.67,36.33,49.26
2025-01-06,1386,1433,1319,1041,711.5,99.12,294.7,135.7,50.4,1.21,0.1,25.48,33.52,21.21,19.42,56.14,37.07,47.78
2025-01-07,1338,1629,1178,1133,676.4,97.76,296.6,129.5,50.8,1.17,0.09,25.71,33.37,21.97,18.43,57.1,35.13,49.58
2025-01-08,1351,1699,1181,1074,670.7,96.29,293.8,136.6,48.7,1.14,0.19,26.71,31.22,20.62,17.99,58.46,34.67,48.73
2025-01-09,1305,1597,1134,1052,686.8,97.92,291.5,145.7,51.5,1.15,0.07,26.31,32.74,20.82,17.7,56.75,34.77,48.95
2025-01-10,1284,1552,1302,1001,678.5,97.54,300.8,128.9,50.7,1.14,0.08,25.81,33.08,20.83,18.79,58.65,36.23,49.18
2025-01-11,1234,1493,1161,934,681.5,99.2,290.9,133.2,50.9,1.21,0.06,25.99,32.58,19.88,18.01,56.88,35.38,46.18
2025-01-12,1269,1671,1183,988,677.3,92.86,298.8,140.1,49.6,1.25,0.15,26.78,33.25,20.51,18.18,57.88,34.83,46.61
2025-01-13,1313,1594,1147,1056,678.1,97.47,282.6,139.2,51.3,1.14,0.16,25.93,32.44,20.88,17.66,57.1,34.65,48.74
2025-01-14,1302,1526,1236,1066,680.7,95.56,294.7,135.2,51.8,1.34,0.09,26.47,33.7,21.36,18.79,57.31,35.84,48.29
2025-01-15,1304,1568,1195,1047,682.6,99.68,302.2,135.3,51.0,1.28,0.15,26.53,32.47,21.2,18.3,56.89,35.37,47.72
2025-01-16,1232,1553,1140,999,668.5,98.11,298.9,129.2,50.3,1.45,0.11,24.86,31.92,20.1,18.01,56.39,34.84,47.26
2025-01-17,1218,1628,1060,962,668.4,97.26,273.1,132.4,50.5,1.23,0.13,25.59,31.91,20.19,17.42,58.31,32.83,46.63
2025-01-18,1218,1389,1123,994,665.3,94.22,282.7,134.4,51.3,1.44,0.06,23.96,31.71,20.34,17.81,54.81,34.43,48.34
2025-01-19,1354,1699,1225,1141,701.1,100.57,308.0,141.7,51.2,1.35,0.11,26.59,33.51,21.6,18.64,58.92,36.37,51.18
2025-01-20,1297,1635,1149,1064,684.2,93.55,292.2,133.2,52.3,1.13,0.17,25.74,33.0,20.76,17.97,57.27,34.78,47.56
2025-01-21,1373,1582,1318,1127,724.5,94.35,294.5,137.1,50.7,1.2,0.16,26.14,34.67,21.93,19.1,58.65,37.29,49.28
2025-01-22,1424,1808,1222,1144,699.2,96.37,294.8,135.5,49.8,1.34,0.13,27.63,32.37,21.45,18.99,60.12,35.29,49.36
2025-01-23,1438,1615,1375,1072,690.3,99.71,301.1,140.6,51.8,1.18,0.14,25.5,33.97,21.37,18.6,58.97,36.16,48.36
2025-01-24,1527,1703,1478,1157,749.3,102.97,304.8,145.3,50.8,1.26,0.2,27.37,35.91,22.18,20.07,59.55,38.89,50.6
2025-01-25,1544,2072,1383,1243,717.5,94.13,320.6,145.1,52.4,1.21,0.13,28.68,34.48,22.07,19.14,61.5,37.41,51.26
2025-01-26,1562,1982,1405,1233,728.3,105.17,329.3,138.4,51.5,1.52,0.07,28.31,34.96,22.82,19.95,61.85,37.61,51.23
2025-01-27,1557,2069,1444,1252,721.8,102.11,311.5,143.6,52.4,1.44,0.15,28.72,35.26,22.87,19.6,62.17,38.4,50.76
2025-01-28,1617,2140,1544,1361,729.4,98.86,330.2,141.9,50.4,1.34,0.1,28.19,35.69,23.19,19.81,63.42,38.72,52.41
2025-01-29,1670,2064,1565,1353,734.4,103.89,340.8,150.1,51.9,1.5,0.12,28.47,36.08,23.03,20.19,63.28,38.81,53.97
2025-01-30,1635,2168,1574,1354,705.6,105.8,330.1,144.5,50.9,1.47,0.1,29.55,35.22,22.53,20.16,64.59,38.36,52.2
2025-01-31,1565,1849,1598,1241,719.4,103.42,309.6,137.1,50.3,1.47,0.07,27.15,35.95,22.69,21.1,60.32,38.66,51.15
2025-02-01,1553,2256,1419,1188,692.6,104.47,324.3,142.0,50.8,1.32,0.11,29.84,33.73,22.09,18.69,61.86,37.55,49.27
2025-02-02,1511,1744,1292,1193,704.8,97.61,316.2,143.5,51.2,1.33,0.14,26.41,33.81,21.73,18.54,59.15,36.37,50.23
2025-02-03,1507,1919,1467,1155,696.1,99.93,315.0,142.6,53.4,1.27,0.13,27.06,34.79,21.49,19.94,60.83,38.32,50.45
2025-02-04,1570,1888,1597,1317,719.8,99.69,318.6,141.3,51.3,1.37,0.12,27.43,35.73,22.92,19.81,60.3,37.66,52.65
2025-02-05,1545,2108,1476,1260,716.5,105.89,321.0,140.3,50.5,1.31,0.09,29.24,36.15,22.09,19.75,62.96,38.61,52.04
2025-02-06,1542,1957,1366,1245,718.3,103.14,324.1,138.6,52.2,1.29,0.05,27.89,34.37,22.19,19.17,61.63,37.5,50.7
2025-02-07,1544,1931,1438,1281,715.7,108.7,339.4,141.1,52.2,1.47,0.1,28.1,35.12,22.24,19.39,61.42,37.79,51.05
2025-02-08,1587,2232,1407,1152,707.4,101.11,325.8,140.4,51.6,1.44,0.12,29.27,34.31,21.47,19.34,64.16,36.82,50.77
2025-02-09,1472,1892,1416,1194,698.7,98.55,324.4,144.5,52.0,1.3,0.05,27.56,34.35,21.71,19.26,60.37,36.56,50.88
2025-02-10,1442,1911,1251,1084,712.8,99.5,312.0,136.2,53.4,1.45,0.1,28.34,33.74,21.73,19.12,61.37,36.71,49.25
2025-02-11,1453,1710,1333,1152,716.4,103.5,309.6,140.6,53.1,1.4,0.1,27.26,34.06,21.33,19.56,58.09,37.15,50.8
2025-02-12,1515,1743,1346,1184,690.7,100.18,318.3,142.0,53.1,1.36,0.06,26.34,33.93,21.93,19.14,58.24,36.83,49.37
2025-02-13,1491,1937,1401,1212,682.0,101.0,304.6,144.9,51.0,1.51,0.13,27.47,34.6,21.95,19.09,60.11,36.96,49.49
2025-02-14,1396,1713,1271,1120,682.6,99.33,306.7,142.9,55.9,1.4,0.14,27.26,33.01,21.67,18.72,57.72,36.43,48.19
2025-02-15,1430,1907,1341,1196,713.3,99.76,291.9,142.2,53.8,1.52,0.17,27.95,33.57,22.14,19.41,60.97,36.75,50.95
2025-02-16,1400,1752,1300,1085,712.1,97.51,297.7,140.0,53.2,1.42,0.1,26.49,33.16,21.34,19.29,59.35,36.54,49.53
2025-02-17,1342,1693,1178,1099,672.9,97.8,299.3,132.8,51.2,1.42,0.15,25.78,33.16,20.94,18.29,57.66,35.04,48.39
2025-02-18,1313,1408,1249,1054,687.9,97.21,305.0,131.9,53.8,1.28,0.07,25.58,33.65,21.37,19.05,56.56,35.81,48.04
2025-02-19,1308,1853,1202,974,710.1,97.54,306.3,132.6,52.1,1.33,0.09,27.82,33.51,20.99,18.39,60.47,36.58,49.5
2025-02-20,1281,1545,1120,985,685.5,99.45,290.2,138.3,52.5,1.48,0.13,25.46,31.99,20.53,18.39,56.3,34.25,47.49
2025-02-21,1174,1469,1190,935,687.1,99.59,282.1,132.5,50.7,1.44,0.07,25.79,32.08,20.7,18.56,56.02,34.47,47.93
2025-02-22,1226,1376,1149,1024,687.3,94.01,294.1,137.2,51.3,1.33,0.09,25.71,32.31,20.77,18.0,56.17,34.41,48.05
2025-02-23,1296,1629,1184,1053,667.4,96.37,283.0,139.7,53.3,1.27,0.13,26.58,32.36,20.88,18.23,57.42,35.43,47.74
2025-02-24,1334,1480,1318,1012,682.9,95.95,300.8,133.8,54.0,1.52,0.1,26.14,33.05,20.62,18.92,57.26,36.33,48.75
2025-02-25,1280,1620,1285,1016,679.6,97.54,285.3,135.3,53.7,1.46,0.06,26.32,32.59,20.95,18.63,58.13,35.27,48.35
2025-02-26,1275,1510,1163,1100,680.0,95.64,290.0,135.0,53.7,1.29,0.08,25.53,31.58,20.95,18.13,56.33,35.18,48.86
2025-02-27,1280,1566,1197,1026,692.8,97.67,288.2,133.9,52.9,1.29,0.09,25.85,33.21,20.88,17.96,58.45,35.43,48.97
2025-02-28,1315,1712,1153,1034,689.6,100.45,299.1,134.1,52.5,1.54,0.12,26.63,31.91,20.78,18.01,59.68,35.48,49.82
2025-03-01,1354,1520,1243,1099,644.2,92.05,304.1,142.0,53.4,1.36,0.09,24.86,32.64,21.0,18.15,54.43,35.57,47.63
2025-03-02,1321,1542,1206,1085,664.5,99.02,303.4,136.6,54.0,1.35,0.05,25.42,32.32,21.15,18.06,56.46,36.47,48.64
2025-03-03,1330,1706,1239,1040,652.5,96.79,300.0,136.7,53.1,1.34,0.13,26.68,32.88,20.35,18.01,57.14,34.69,47.32
2025-03-04,1358,1977,1277,1102,691.4,99.58,301.5,134.2,54.5,1.43,0.13,27.24,33.61,21.49,19.05,60.78,35.26,48.59
2025-03-05,1436,1806,1373,1125,701.9,97.53,323.4,142.3,52.9,1.31,0.06,26.6,34.18,21.14,19.18,59.2,37.4,49.07
2025-03-06,1475,1984,1392,1203,707.3,103.42,300.5,136.7,52.0,1.44,0.05,28.44,34.58,22.71,19.98,60.8,37.84,51.64
2025-03-07,1518,1952,1334,1210,693.9,103.43,331.0,143.7,53.2,1.32,0.15,27.66,33.84,21.82,19.05,61.44,36.04,49.38
2025-03-08,1525,2288,1360,1230,719.2,102.68,315.8,144.0,53.3,1.33,0.09,28.87,34.15,22.62,19.61,63.61,36.65,51.57
2025-03-09,1599,1816,1462,1224,728.6,104.46,330.7,142.5,53.1,1.34,0.13,27.56,35.83,22.42,19.72,60.67,38.4,50.9
2025-03-10,1621,2166,1504,1236,701.7,100.97,326.0,146.0,54.8,1.35,0.07,28.79,35.03,22.25,19.54,61.94,38.98,52.01
2025-03-11,1578,1804,1560,1294,693.4,100.59,318.3,144.3,54.2,1.51,0.13,26.94,35.48,22.07,19.98,60.41,37.99,51.28
2025-03-12,1651,1763,1467,1297,724.1,105.21,335.8,145.4,51.6,1.52,0.06,27.56,34.6,22.96,20.16,60.04,38.24,51.94
2025-03-13,1687,2324,1566,1343,755.2,102.0,344.3,146.6,55.2,1.46,0.12,29.71,36.63,23.25,20.39,66.27,38.51,54.32
2025-03-14,1665,2255,1647,1295,751.2,107.17,337.3,146.2,50.0,1.42,0.11,29.88,36.72,23.08,20.85,65.17,39.93,53.25
2025-03-15,1641,2137,1524,1340,731.4,102.36,326.5,145.8,55.9,1.58,0.05,29.01,35.6,22.98,20.14,63.28,38.7,53.15
2025-03-16,1658,2197,1600,1274,713.9,104.69,361.5,146.0,53.0,1.52,0.1,29.18,35.7,22.53,20.2,63.54,39.8,52.14
2025-03-17,1682,2821,1578,1317,741.0,109.08,344.9,142.0,53.2,1.38,0.07,31.66,36.31,22.7,20.34,70.7,38.98,52.11
2025-03-18,1693,2233,1621,1374,722.2,102.24,344.0,146.1,53.3,1.5,0.14,29.22,35.4,23.06,20.08,63.41,39.71,53.46
2025-03-19,1709,2404,1599,1407,719.4,104.44,335.5,148.2,53.9,1.5,0.11,30.19,36.54,23.13,20.27,63.65,38.76,53.22
2025-03-20,1796,2341,1765,1379,708.9,108.28,343.0,149.9,53.4,1.55,0.09,29.98,37.23,22.8,21.06,64.04,40.32,53.0
2025-03-21,1849,2629,1628,1562,748.8,108.87,351.8,154.8,53.3,1.72,0.16,32.3,36.62,24.4,20.71,67.36,40.88,56.1
2025-03-22,1857,2535,1740,1473,738.7,105.8,363.6,153.7,55.0,1.44,0.05,31.33,36.74,23.9,21.05,67.79,41.45,53.88
2025-03-23,1903,2583,1848,1427,754.9,106.05,352.3,149.0,54.1,1.56,0.18,31.61,38.76,23.76,21.79,67.85,42.63,54.72
2025-03-24,1849,2941,1810,1470,712.7,105.9,345.4,150.3,52.3,1.63,0.18,33.07,37.31,23.51,21.13,70.47,40.88,53.82
2025-03-25,1867,2848,1916,1440,751.9,110.4,360.4,150.3,54.4,1.65,0.08,32.49,39.64,23.85,21.83,70.21,42.03,53.7
2025-03-26,1958,2805,1841,1556,723.2,107.49,368.9,153.9,54.1,1.54,0.14,32.69,38.26,24.17,21.51,69.02,41.23,55.09
2025-03-27,1944,2241,2001,1516,774.4,108.16,358.6,153.6,52.8,1.42,0.12,30.54,40.71,24.37,22.39,65.68,43.39,55.85
2025-03-28,1898,2584,1755,1490,760.7,106.19,350.8,154.8,54.4,1.37,0.05,31.32,38.02,24.13,21.16,69.18,41.22,55.58
2025-03-29,1863,3156,1897,1406,744.7,108.47,367.1,152.1,53.3,1.58,0.1,34.71,39.28,23.84,21.83,72.78,41.51,52.46
2025-03-30,1806,2443,1789,1473,750.7,106.21,352.1,154.8,53.2,1.53,0.05,30.91,38.28,23.54,21.28,67.42,40.75,55.04
2025-03-31,1766,2627,1600,1323,722.9,102.67,333.8,149.7,53.2,1.5,0.05,32.12,36.03,22.74,20.22,68.19,38.91,52.13
2025-04-01,1748,2655,1683,1312,736.5,102.46,332.3,144.9,50.6,1.51,0.09,31.66,37.16,23.0,20.8,67.97,40.61,53.09
2025-04-02,1677,2290,1580,1340,739.0,98.75,331.9,144.4,52.9,1.56,0.09,29.66,35.94,22.6,20.4,64.95,39.9,52.99
2025-04-03,1679,2103,1636,1407,681.0,101.71,340.9,148.8,54.4,1.52,0.15,28.03,36.93,23.33,19.78,61.49,40.41,52.3
2025-04-04,1727,1886,1618,1338,726.3,106.54,345.1,141.2,53.5,1.52,0.07,27.74,36.39,23.03,20.5,62.05,39.62,52.58
2025-04-05,1682,2383,1565,1361,727.4,107.14,344.4,141.0,52.0,1.43,0.08,29.95,36.08,23.37,20.75,64.82,38.62,53.18
2025-04-06,1761,2247,1786,1442,734.0,106.81,332.2,148.6,54.6,1.58,0.15,30.14,37.97,23.92,20.85,63.98,40.6,54.62
2025-04-07,1787,2488,1691,1448,761.9,106.9,348.8,153.1,53.1,1.45,0.09,31.06,36.96,23.99,20.83,67.16,40.46,54.23
2025-04-08,1840,2296,1826,1424,729.3,106.03,364.4,156.0,52.0,1.58,0.08,29.16,38.66,22.77,22.11,63.97,41.82,53.55
2025-04-09,1806,2435,1699,1355,732.9,107.75,359.8,149.0,56.1,1.47,0.13,30.57,36.61,23.15,20.54,65.67,40.51,53.91
2025-04-10,1849,2576,1911,1321,718.5,107.21,356.9,155.3,52.2,1.55,0.12,31.01,37.82,22.85,21.92,67.69,40.89,52.1
2025-04-11,1793,2517,1648,1392,763.4,110.12,366.5,149.8,54.5,1.64,0.1,31.04,37.13,23.25,20.75,68.1,40.2,54.36
2025-04-12,1839,2322,1699,1509,742.3,106.08,357.7,144.6,52.5,1.56,0.14,30.18,36.63,23.48,20.88,65.07,39.56,54.3
2025-04-13,1847,2811,1896,1382,740.4,109.82,362.2,150.9,53.6,1.62,0.05,32.28,39.45,23.45,21.61,70.1,42.09,52.48
2025-04-14,1875,2492,1751,1509,749.4,109.08,357.3,149.2,52.3,1.48,0.08,31.2,37.64,23.71,21.26,68.49,40.46,54.58
2025-04-15,1814,2168,1866,1369,752.7,107.78,343.9,153.7,51.9,1.5,0.18,29.72,37.03,23.97,21.15,64.55,41.45,53.22
2025-04-16,1769,2399,1755,1395,743.1,100.2,338.0,148.7,54.0,1.46,0.05,30.59,37.79,23.49,21.15,67.05,39.8,54.35
2025-04-17,1800,2484,1699,1452,781.3,108.04,350.0,144.6,53.9,1.36,0.07,30.77,38.13,24.47,21.05,68.46,41.29,55.92
2025-04-18,1752,2420,1512,1340,742.8,104.64,341.5,142.4,54.7,1.57,0.05,31.38,35.71,23.12,19.54,66.02,39.45,51.92
2025-04-19,1777,2700,1687,1405,731.9,104.25,331.8,149.0,53.3,1.53,0.1,31.07,36.35,23.59,21.06,68.48,39.69,53.27
2025-04-20,1708,2265,1625,1322,722.4,100.55,330.1,137.5,56.0,1.51,0.12,29.52,36.38,22.84,19.77,64.68,39.32,52.83
2025-04-21,1753,2368,1761,1416,730.2,104.96,340.7,146.3,53.6,1.58,0.14,29.7,37.3,23.71,21.66,64.9,40.34,53.62
2025-04-22,1692,2077,1727,1344,706.4,104.08,342.3,147.6,54.0,1.38,0.08,28.68,36.44,22.19,20.87,60.42,39.83,53.22
2025-04-23,1722,2487,1575,1357,733.0,101.22,339.7,143.3,51.6,1.36,0.06,30.78,35.7,23.38,19.87,65.95,38.77,53.46
2025-04-24,1756,2430,1733,1465,748.1,101.33,343.0,152.4,52.5,1.58,0.05,30.57,37.68,24.03,21.45,64.95,40.1,54.5
2025-04-25,1721,2254,1693,1389,723.2,105.68,331.8,152.3,53.8,1.46,0.1,30.14,37.39,23.15,20.46,63.72,40.62,53.11
2025-04-26,1753,2025,1752,1339,723.9,107.15,343.4,144.3,53.1,1.49,0.19,28.93,37.61,22.81,20.72,61.09,39.09,52.61
2025-04-27,1767,2695,1720,1383,760.5,105.67,355.4,147.6,53.4,1.36,0.08,31.88,36.83,23.41,20.55,69.72,41.0,53.46
2025-04-28,1741,2135,1490,1364,713.2,107.66,343.1,152.0,52.2,1.59,0.1,29.19,35.62,23.06,19.52,62.11,38.34,53.27
2025-04-29,1691,2169,1586,1335,697.8,103.76,324.3,146.7,53.3,1.51,0.11,29.47,36.17,23.04,19.82,63.18,39.53,52.47
2025-04-30,1594,2162,1411,1385,700.0,102.26,315.6,138.4,53.2,1.4,0.08,29.27,35.24,22.81,19.59,63.33,37.26,52.93
2025-05-01,1615,1935,1505,1293,696.7,100.45,332.7,144.0,51.6,1.61,0.16,27.7,34.7,21.93,20.06,61.23,37.87,51.65
2025-05-02,1539,1765,1512,1118,716.5,97.59,317.8,139.1,53.8,1.32,0.15,26.57,35.5,22.42,19.52,58.52,38.02,49.28
2025-05-03,1548,1678,1473,1197,706.5,106.28,320.1,147.2,50.9,1.4,0.13,26.82,35.37,22.21,19.73,59.58,38.14,50.9
2025-05-04,1539,2121,1525,1123,707.5,104.32,314.8,144.9,53.2,1.5,0.14,29.0,35.22,21.5,19.32,62.95,38.03,49.83
2025-05-05,1578,1984,1507,1230,732.7,98.66,328.0,142.3,55.0,1.52,0.07,28.1,36.01,22.78,20.08,62.74,38.08,52.76
2025-05-06,1567,2535,1375,1139,703.7,102.34,320.3,143.8,53.7,1.31,0.05,30.6,34.32,21.95,19.88,67.41,36.79,49.08
2025-05-07,1554,1870,1273,1186,724.2,101.49,319.8,137.7,53.7,1.4,0.07,27.75,33.48,22.26,18.45,61.51,36.21,50.42
2025-05-08,1596,1950,1511,1183,740.2,101.74,319.0,141.0,51.7,1.49,0.11,28.9,35.49,22.1,19.77,61.26,38.29,50.22
2025-05-09,1616,2045,1505,1294,713.1,101.74,335.4,150.8,54.9,1.55,0.09,29.19,36.05,22.79,20.05,62.61,38.36,51.75
2025-05-10,1635,2219,1466,1289,733.3,104.03,328.4,145.4,54.4,1.54,0.12,29.97,34.94,23.08,20.09,63.17,38.24,51.22
2025-05-11,1662,2141,1435,1325,721.8,105.56,338.0,149.6,51.7,1.49,0.1,28.96,34.46,22.32,19.34,63.18,38.18,53.15
2025-05-12,1587,2192,1436,1248,730.3,103.28,315.3,144.7,52.1,1.42,0.05,29.79,35.35,22.57,20.13,63.55,38.13,52.37
2025-05-13,1629,1995,1519,1213,697.9,102.66,343.3,150.2,54.1,1.41,0.15,28.3,35.28,22.11,19.53,61.3,37.58,50.5
2025-05-14,1663,1980,1622,1337,700.8,103.13,343.4,137.9,54.7,1.47,0.08,27.98,35.43,22.8,20.72,60.19,37.97,51.5
2025-05-15,1613,1830,1533,1371,713.8,105.06,312.5,143.8,51.0,1.53,0.13,28.31,35.38,23.03,20.1,59.34,38.02,51.88
2025-05-16,1604,1743,1630,1287,705.2,103.72,320.3,150.9,51.3,1.39,0.07,26.68,35.8,22.84,20.66,59.01,39.54,51.2
2025-05-17,1605,2034,1432,1245,710.9,102.77,330.7,148.1,52.3,1.39,0.06,28.62,34.54,22.25,19.63,61.84,38.08,51.63
2025-05-18,1602,2065,1572,1192,714.9,102.43,315.9,149.5,49.8,1.5,0.06,28.9,37.2,22.06,20.32,62.08,39.36,50.25
2025-05-19,1622,2043,1530,1232,731.4,103.71,327.6,144.7,52.4,1.49,0.05,28.55,35.73,22.52,20.3,63.66,39.22,52.7
2025-05-20,1697,2515,1661,1360,723.4,102.9,340.4,144.7,53.8,1.38,0.05,30.96,36.27,22.99,20.9,66.8,40.24,53.77
2025-05-21,1753,2626,1627,1437,723.8,107.03,341.8,144.3,50.6,1.32,0.12,31.63,37.48,23.05,20.41,67.76,39.64,53.79
2025-05-22,1687,2209,1680,1342,723.1,101.23,340.3,142.2,52.4,1.27,0.06,29.42,37.29,23.01,20.36,63.58,40.74,52.38
2025-05-23,1720,1996,1653,1396,720.7,103.42,334.1,150.7,51.5,1.42,0.11,28.51,36.97,23.28,20.48,60.97,39.73,52.9
2025-05-24,1789,2345,1643,1444,726.2,107.07,329.3,151.4,54.1,1.33,0.1,30.03,36.2,23.41,20.3,65.11,40.6,54.89
2025-05-25,1808,2373,1720,1447,718.3,103.02,357.3,149.6,51.4,1.49,0.14,30.34,37.66,23.43,20.57,66.4,39.76,53.4
2025-05-26,1863,2458,1757,1421,749.9,102.78,363.4,153.4,53.9,1.29,0.06,30.7,38.21,22.66,21.65,66.91,40.54,54.74
2025-05-27,1963,2630,1930,1544,751.9,108.43,387.1,154.7,51.3,1.57,0.14,31.48,39.16,24.65,22.06,69.08,42.15,55.68
2025-05-28,2012,2729,1822,1517,780.4,104.78,355.0,159.3,52.9,1.42,0.06,32.41,37.87,24.67,21.84,70.82,41.84,56.41
2025-05-29,2021,2806,1942,1577,745.2,105.91,379.6,159.5,52.2,1.38,0.05,32.81,39.07,24.01,22.2,70.03,42.07,55.41
2025-05-30,2069,2838,2036,1634,764.3,111.79,363.5,152.7,51.7,1.41,0.11,32.01,40.91,24.69,22.59,70.6,43.53,56.8
2025-05-31,2072,3044,2002,1722,799.9,109.42,393.5,158.1,50.9,1.38,0.06,33.72,40.44,26.12,23.12,72.53,43.52,58.8
2025-06-01,2067,3072,2129,1526,758.1,113.08,382.9,150.2,52.1,1.57,0.16,34.62,40.44,23.9,22.11,72.15,43.58,55.21
2025-06-02,2044,2727,2046,1624,766.0,106.5,368.7,156.8,51.2,1.49,0.11,32.33,40.03,24.99,22.16,69.28,43.17,57.67
2025-06-03,2118,3399,2047,1746,759.6,110.39,391.1,160.7,50.8,1.45,0.1,35.07,39.97,25.3,22.21,75.4,43.88,57.75
2025-06-04,2070,2756,2018,1661,752.2,110.9,374.8,151.7,53.4,1.34,0.11,32.51,39.33,25.05,21.83,68.41,43.09,56.7
2025-06-05,2141,2726,2103,1721,803.7,108.05,389.9,157.2,52.2,1.44,0.08,32.36,41.1,25.73,23.03,70.2,43.58,59.7
2025-06-06,2159,3263,2134,1718,785.1,113.83,391.3,159.4,52.3,1.38,0.17,34.07,41.79,25.44,23.02,74.99,45.11,59.14
2025-06-07,2080,2814,1824,1704,775.6,111.33,394.4,158.2,51.0,1.22,0.08,32.88,39.34,25.48,22.23,70.06,42.01,59.02
2025-06-08,2092,3111,1989,1558,749.5,106.21,396.3,156.5,51.2,1.37,0.12,33.5,39.1,24.2,22.37,71.75,42.98,54.63
2025-06-09,1977,2271,1758,1459,767.4,108.39,363.9,149.8,51.0,1.45,0.67,30.18,38.71,23.44,21.15,65.07,41.62,55.13
2025-06-10,2003,3180,2049,1563,782.3,109.85,380.0,155.0,51.7,1.37,0.71,34.63,40.79,24.39,22.75,73.72,44.14,56.61
2025-06-11,2041,3093,1961,1454,786.5,107.99,378.8,149.6,52.0,1.4,0.67,34.21,40.15,23.8,21.73,71.61,42.58,55.03
2025-06-12,2004,2519,1908,1640,775.0,105.19,360.3,154.3,51.1,1.48,0.73,30.69,39.49,24.54,22.02,67.46,41.9,57.5
2025-06-13,2002,2522,2012,1639,747.9,109.57,365.9,153.4,50.1,1.47,0.73,31.07,39.16,24.88,22.21,67.92,44.01,56.5
2025-06-14,2094,3445,2065,1602,779.9,115.8,400.7,157.1,52.0,1.57,0.76,35.87,40.29,24.8,22.38,76.36,43.39,57.06
2025-06-15,2059,2795,1873,1581,781.3,108.77,380.9,154.5,51.0,1.22,0.77,32.16,39.53,24.86,21.82,70.84,42.46,58.79
2025-06-16,1996,2658,1912,1554,737.2,112.7,378.8,149.0,49.2,1.32,0.76,30.95,38.13,24.37,21.48,66.85,42.68,55.65
2025-06-17,2063,2438,1956,1611,754.9,107.92,376.8,155.3,48.3,1.47,0.84,30.33,38.8,24.91,21.73,66.43,42.27,56.74
2025-06-18,2153,3065,1903,1682,795.1,111.69,384.5,162.9,51.2,1.44,0.77,34.42,39.69,25.55,22.32,73.19,42.54,58.73
2025-06-19,2141,3074,2001,1703,793.7,112.91,387.8,164.0,49.8,1.41,0.78,33.35,39.84,25.23,22.81,73.63,43.93,58.56
2025-06-20,2181,3394,2096,1683,761.7,111.56,390.1,169.7,51.2,1.35,0.78,35.57,40.85,25.3,22.79,75.96,43.8,56.86
2025-06-21,2237,2949,2162,1801,803.1,111.66,386.7,168.2,49.7,1.43,0.8,33.84,41.16,26.2,23.1,73.16,45.11,58.82
2025-06-22,2185,2827,1963,1728,786.9,113.46,384.6,155.3,50.7,1.41,0.79,32.83,39.98,26.26,22.09,70.57,43.02,58.58
2025-06-23,2148,3257,2199,1630,792.9,115.8,393.9,157.4,50.1,1.24,0.79,34.39,41.82,25.13,23.18,74.48,44.73,57.42
2025-06-24,2197,3503,2121,1798,777.2,112.57,391.0,160.3,52.6,1.41,0.84,35.6,40.61,26.0,22.79,77.55,43.97,58.03
2025-06-25,2269,2960,2213,1664,804.4,111.59,402.7,162.0,51.5,1.36,0.82,34.07,41.81,25.38,23.19,72.37,45.88,59.21
2025-06-26,2282,3708,2268,1763,808.9,112.6,405.9,163.0,51.9,1.47,0.87,37.75,42.06,26.0,24.03,78.46,45.63,59.56
2025-06-27,2222,3301,2074,1792,784.2,118.48,399.4,170.7,50.3,1.41,0.76,34.66,40.61,25.91,22.66,74.86,44.09,60.15
2025-06-28,2308,3767,2302,1736,799.3,113.79,416.2,159.0,51.2,1.55,0.9,37.86,42.02,25.62,24.0,80.4,45.41,57.62
2025-06-29,2264,3358,2164,1778,784.5,111.33,393.1,159.4,50.3,1.39,0.88,35.62,41.16,25.9,22.67,74.87,45.6,60.01
2025-06-30,2231,2642,2072,1770,815.4,109.46,402.6,167.9,51.9,1.29,0.85,32.42,41.45,26.27,22.76,69.88,44.52,59.43
2025-07-01,2233,3274,2233,1674,789.0,107.79,404.3,158.9,49.9,1.17,0.86,34.72,41.28,25.2,23.67,74.3,45.36,58.76
2025-07-02,2296,3733,2405,1775,784.0,114.2,413.6,164.6,48.3,1.31,0.89,36.83,42.77,26.08,24.33,79.41,46.91,59.21
2025-07-03,2323,3245,2349,1788,790.0,115.31,397.5,167.9,47.5,1.41,0.83,35.62,42.96,26.16,23.53,74.89,45.87,59.64
2025-07-04,2327,3394,2376,1762,803.1,112.74,411.3,165.8,51.9,1.43,0.88,35.8,42.06,25.66,24.2,76.99,47.13,59.63
2025-07-05,2333,3466,2219,1973,813.1,113.79,423.8,164.8,50.4,1.33,0.89,36.71,43.03,26.87,23.64,78.34,44.71,61.79
2025-07-06,2318,2676,2081,1741,780.1,110.68,407.4,167.4,50.4,1.34,0.81,32.25,41.13,25.74,22.51,68.43,43.56,58.21
2025-07-07,2329,3977,2443,1876,829.1,114.1,413.4,160.4,51.5,1.37,0.91,38.54,43.2,26.6,24.69,81.58,47.07,61.05
2025-07-08,2183,2983,2335,1670,789.9,112.82,398.7,158.1,47.6,1.37,0.84,33.92,41.55,25.0,23.36,72.11,45.06,57.1
2025-07-09,2153,3283,2247,1602,788.9,109.83,380.8,161.4,49.1,1.41,0.95,35.91,41.96,25.45,23.19,75.03,45.03,56.87
2025-07-10,2151,3129,2049,1680,780.2,115.36,403.4,150.9,49.2,1.28,0.96,33.98,39.82,24.99,22.77,73.76,43.59,57.47
2025-07-11,2079,3311,1891,1661,773.8,107.95,384.3,162.9,50.3,1.25,0.97,35.36,39.62,24.66,21.9,74.46,41.74,56.62
2025-07-12,2086,3120,1906,1684,772.0,110.85,385.2,158.6,48.5,1.47,0.9,34.18,39.41,24.99,21.97,72.62,41.76,58.03
2025-07-13,2063,2921,1822,1708,786.9,111.91,365.1,157.4,47.9,1.45,0.91,32.78,38.89,25.56,21.67,72.47,41.98,58.37
2025-07-14,2139,2904,2060,1860,780.2,110.76,393.7,152.3,47.8,1.27,0.84,32.62,40.17,26.27,22.8,71.84,43.67,60.15
2025-07-15,2206,3468,2314,1731,799.3,111.48,399.2,155.5,50.6,1.41,0.95,35.84,43.39,26.29,24.0,77.1,45.85,59.32
2025-07-16,2169,2708,2087,1641,777.1,107.82,403.8,158.1,48.2,1.49,0.87,32.41,40.98,24.81,22.96,68.18,43.23,57.22
2025-07-17,2148,3308,2112,1701,784.2,114.48,385.9,162.3,48.4,1.41,0.87,35.46,41.2,25.5,22.92,75.91,43.98,57.66
2025-07-18,2132,2840,2205,1641,767.4,110.42,378.6,150.4,49.8,1.24,0.92,32.13,41.92,25.29,23.01,70.68,44.3,57.33
2025-07-19,2098,3351,1986,1694,793.9,111.67,377.0,160.9,48.1,1.3,0.89,35.68,39.62,25.28,22.28,75.6,43.39,56.6
2025-07-20,2097,3083,2232,1548,763.0,111.99,378.3,156.3,46.9,1.15,0.9,33.77,42.09,24.62,22.88,71.95,44.49,55.89
2025-07-21,2048,3100,2170,1748,765.1,108.0,367.8,155.5,46.9,1.2,0.94,33.93,40.9,24.96,22.84,72.29,44.3,58.81
2025-07-22,1981,2838,1890,1600,757.7,108.05,379.4,155.6,48.7,1.26,0.98,32.87,39.05,25.17,21.58,69.64,41.37,57.08
2025-07-23,2004,2463,1872,1459,759.7,112.24,382.4,156.3,49.3,1.28,0.97,31.63,38.71,24.2,22.18,65.67,41.22,54.52
2025-07-24,2028,2710,2021,1537,778.6,106.48,372.9,153.0,48.4,1.21,0.95,32.42,39.21,24.29,22.15,69.17,43.66,54.83
2025-07-25,1979,2967,1868,1596,757.4,113.84,365.7,157.0,49.1,1.03,0.98,32.68,39.2,24.87,21.98,70.25,42.23,54.82
2025-07-26,2018,2928,1829,1648,787.5,107.24,358.7,146.3,46.6,1.27,0.95,33.33,37.98,25.57,21.67,71.83,41.83,58.05
2025-07-27,1978,3080,2022,1466,749.8,105.55,374.3,152.7,46.7,1.3,0.93,33.99,39.24,23.47,22.17,71.33,42.94,54.49
2025-07-28,1985,2917,2023,1594,765.3,108.93,382.7,155.3,51.2,1.3,0.92,33.44,39.74,24.5,22.48,71.67,42.95,57.76
2025-07-29,2020,2670,1959,1453,755.2,114.66,368.4,154.3,49.9,1.23,0.97,32.1,38.37,24.23,21.6,67.57,43.07,53.82
2025-07-30,2012,2695,1813,1564,772.2,104.24,371.6,148.1,49.3,1.23,0.91,31.94,37.99,24.6,21.32,70.27,41.55,56.55
2025-07-31,2028,2935,1833,1652,767.5,108.92,378.0,158.9,47.5,1.26,0.96,32.65,38.74,25.14,21.24,71.96,41.49,58.28
2025-08-01,1996,2321,1929,1523,761.7,109.96,384.5,150.0,48.0,1.27,0.93,30.54,39.06,24.29,21.84,65.15,42.87,55.76
2025-08-02,1980,3195,1854,1453,780.1,108.62,370.6,154.3,48.2,1.22,0.91,34.06,38.83,24.32,21.52,73.91,41.71,54.26
2025-08-03,1964,2886,1853,1544,750.7,109.24,368.7,154.8,49.7,1.04,0.91,33.05,38.05,24.43,21.95,69.88,41.7,57.3
2025-08-04,1922,2971,1934,1466,764.4,105.83,363.7,153.1,48.6,1.32,0.98,33.6,39.33,24.02,21.82,72.0,41.95,55.97
2025-08-05,1908,2342,1893,1531,742.5,105.92,349.4,157.3,48.7,1.17,0.91,29.98,38.52,23.51,20.94,66.81,42.14,55.17
2025-08-06,1826,2777,1859,1381,746.2,105.76,339.8,150.2,47.8,1.09,0.93,32.17,37.67,23.55,21.44,70.24,42.01,54.12
2025-08-07,1798,2915,1626,1367,723.4,102.87,341.9,151.3,48.9,1.15,0.92,32.65,36.35,23.3,20.65,69.48,38.78,53.46
2025-08-08,1782,2185,1664,1285,729.5,105.31,354.5,148.9,48.3,1.19,0.98,29.05,36.2,22.32,21.1,63.9,39.09,52.52
2025-08-09,1766,2564,1741,1397,736.4,104.22,342.1,151.2,47.9,1.12,0.98,30.56,37.93,23.01,20.92,68.36,40.67,52.77
2025-08-10,1752,2389,1700,1368,763.2,103.79,338.9,153.9,46.9,1.12,0.97,30.62,37.39,23.6,20.88,66.9,41.6,54.04
2025-08-11,1748,2086,1785,1308,736.9,105.69,338.3,148.8,47.6,1.14,0.91,28.95,39.07,22.94,21.16,63.88,41.32,53.44
2025-08-12,1770,2517,1717,1401,762.9,100.69,344.1,152.0,46.4,1.19,0.94,31.76,38.19,23.03,21.22,68.09,40.65,54.53
2025-08-13,1812,2667,1885,1480,746.3,105.34,363.5,155.8,47.6,1.1,0.89,31.4,38.61,23.65,21.31,68.52,41.37,55.03
2025-08-14,1776,2316,1733,1383,733.0,111.14,344.6,154.4,47.7,1.19,0.93,30.36,37.67,23.35,20.85,65.01,39.8,53.04
2025-08-15,1713,2532,1707,1362,754.4,101.61,332.5,145.7,44.7,1.04,0.84,30.73,36.46,23.54,20.97,66.67,40.91,53.04
2025-08-16,1658,1921,1539,1320,731.5,106.66,332.9,149.9,47.3,1.3,0.92,27.57,36.43,22.72,20.14,61.06,39.34,51.65
2025-08-17,1632,1911,1539,1225,712.2,103.16,343.9,146.1,46.1,1.21,0.9,27.71,35.24,22.17,19.92,60.34,38.25,51.5
2025-08-18,1613,2160,1587,1377,726.7,101.21,323.7,149.0,48.0,1.1,0.92,28.77,36.27,22.9,20.0,63.28,39.05,53.02
2025-08-19,1573,2070,1596,1219,710.5,98.76,313.9,145.7,48.2,1.14,0.9,27.99,35.68,22.56,20.29,62.37,39.0,50.14
2025-08-20,1507,1837,1460,1224,677.1,101.31,312.1,142.7,46.9,1.01,0.93,27.84,34.24,21.95,19.35,59.27,38.3,50.85
2025-08-21,1484,2033,1379,1212,718.2,104.21,314.7,142.7,48.0,1.14,0.86,28.28,34.49,22.0,19.35,62.34,37.45,50.68
2025-08-22,1494,2007,1491,1176,721.7,99.76,320.2,142.2,48.0,1.16,0.91,29.31,35.49,21.69,19.52,62.53,37.85,50.17
2025-08-23,1524,2114,1270,1235,736.5,101.04,326.0,143.2,47.0,1.12,0.9,28.65,34.05,22.11,19.26,63.11,36.28,51.4
2025-08-24,1495,1909,1297,1195,711.8,103.28,306.5,140.6,49.1,1.16,0.91,27.13,33.89,22.59,18.69,61.46,36.22,50.57
2025-08-25,1473,1982,1421,1101,699.1,101.25,304.9,139.6,46.3,1.08,0.91,28.51,33.79,21.38,19.87,62.01,38.07,49.58
2025-08-26,1426,1744,1326,1117,709.6,95.66,304.8,146.4,48.9,1.07,0.82,26.74,35.24,21.49,18.73,59.74,37.12,49.2
2025-08-27,1424,2103,1364,1103,709.6,99.81,312.7,141.2,46.8,1.02,0.87,28.73,34.46,21.47,19.46,62.18,36.99,50.17
2025-08-28,1381,1620,1284,1078,716.2,102.61,292.5,135.8,46.1,1.11,0.8,26.0,34.08,21.27,18.39,59.23,35.18,49.7
2025-08-29,1411,2082,1347,1062,694.5,99.24,300.9,137.8,46.6,1.0,0.89,28.38,33.83,21.14,18.37,62.29,36.36,48.44
2025-08-30,1319,1633,1167,1099,681.5,90.91,291.3,140.6,45.7,1.08,0.8,25.63,32.06,21.27,18.04,58.14,35.35,48.8
2025-08-31,1302,1424,1233,1105,671.1,98.43,301.8,132.9,47.9,1.07,0.81,25.07,32.89,21.2,17.71,56.68,35.7,48.48
2025-09-01,1318,1804,1276,1091,691.9,97.24,300.2,130.4,45.0,1.15,0.83,26.9,33.59,20.93,18.95,59.97,36.37,49.07
2025-09-02,1328,1659,1300,1111,661.8,93.33,304.2,130.9,48.6,1.09,0.84,26.16,33.81,21.41,18.58,58.48,35.23,49.51
2025-09-03,1464,2002,1502,1145,713.4,96.04,322.3,133.5,45.8,0.93,0.82,28.51,36.44,21.63,20.25,61.69,38.39,49.88
2025-09-04,1480,2088,1397,1143,712.4,102.94,310.8,135.6,47.9,1.01,0.83,28.74,35.37,21.58,19.34,62.2,36.98,50.2
2025-09-05,1426,1858,1344,1097,705.9,97.77,297.9,134.6,46.9,1.0,0.79,27.69,33.26,21.26,19.2,61.14,36.95,48.99
2025-09-06,1419,1712,1218,1156,698.3,97.21,297.3,144.7,47.1,1.0,0.79,26.7,32.89,21.4,18.47,58.17,35.46,50.25
2025-09-07,1327,1770,1192,1067,707.9,97.81,282.2,136.4,46.1,1.11,0.71,26.95,33.24,21.4,18.26,60.95,36.33,49.27
2025-09-08,1322,1633,1208,1050,697.4,96.2,292.7,135.0,47.2,0.86,0.81,26.56,32.83,21.41,18.38,59.06,35.92,49.47
2025-09-09,1279,1647,1238,1074,669.9,97.3,288.7,129.4,46.9,1.14,0.75,26.06,32.81,20.8,18.04,57.56,35.48,47.85
2025-09-10,1325,1356,1185,1073,675.8,97.35,303.0,135.9,45.0,1.11,0.74,24.81,31.47,20.51,18.35,55.99,35.92,48.88
2025-09-11,1296,1646,1240,999,667.9,94.35,293.7,128.7,45.5,1.04,0.82,26.24,33.28,20.29,18.3,57.9,35.34,48.18
2025-09-12,1289,1497,1186,1000,688.5,95.95,288.9,134.0,46.0,1.05,0.63,25.23,31.8,20.65,18.31,55.82,34.73,47.62
2025-09-13,1256,1725,1142,1030,661.1,97.75,288.4,142.8,45.8,1.02,0.74,26.93,31.22,20.33,18.79,57.36,35.19,47.56
2025-09-14,1343,1752,1256,1114,703.2,98.28,290.3,139.7,48.1,1.04,0.63,26.89,32.96,21.36,18.62,59.54,36.35,49.66
2025-09-15,1325,1669,1198,1079,704.5,97.65,304.9,135.6,46.6,1.12,0.73,26.67,33.02,21.19,18.61,58.77,35.63,49.02
2025-09-16,1416,1861,1287,1210,682.7,104.27,300.1,141.8,45.7,1.02,0.68,27.23,32.57,21.86,18.69,60.63,35.81,50.33
2025-09-17,1454,1709,1239,1228,697.7,101.89,301.3,138.0,46.0,1.1,0.58,26.99,32.73,21.66,18.98,59.03,36.26,51.17
2025-09-18,1474,2138,1358,1189,703.2,102.54,319.2,137.5,46.0,0.98,0.14,28.9,34.78,22.11,19.23,61.79,37.42,50.36
2025-09-19,1489,2223,1356,1140,718.0,100.24,318.8,147.9,46.2,1.09,0.05,29.31,34.36,22.31,19.19,63.45,36.85,50.11
2025-09-20,1504,2005,1369,1128,730.7,101.46,302.1,136.9,45.3,1.03,0.14,29.06,34.92,22.29,20.11,62.82,37.82,50.48
2025-09-21,1401,1992,1327,1096,668.8,98.1,311.6,137.2,45.6,1.07,0.06,26.4,32.85,20.95,18.5,59.18,36.35,48.34
2025-09-22,1384,1658,1325,1133,687.2,100.82,297.0,139.4,47.5,0.96,0.08,26.86,33.7,21.69,18.84,57.09,36.09,49.21
2025-09-23,1424,1690,1338,1213,692.8,99.28,304.2,135.5,46.8,1.08,0.05,26.95,33.84,22.14,19.27,58.25,36.69,49.94
2025-09-24,1417,1800,1382,1144,675.0,100.0,308.0,141.7,46.3,1.03,0.12,26.14,33.56,21.43,18.78,59.62,36.48,49.25
2025-09-25,1342,1725,1276,1119,679.5,98.56,303.2,135.8,46.5,1.15,0.08,26.95,33.23,21.4,18.86,58.29,36.62,49.35
2025-09-26,1337,1606,1216,1054,692.6,98.02,301.5,139.5,46.5,1.04,0.09,26.61,32.07,21.32,18.35,58.11,35.41,48.45
2025-09-27,1421,1877,1290,1156,692.3,106.85,306.5,141.5,46.3,1.08,0.1,27.66,33.77,21.93,19.09,60.12,37.06,49.34
2025-09-28,1480,1949,1403,1211,680.5,98.84,309.9,139.9,47.1,1.01,0.05,27.0,33.99,21.61,19.45,60.31,37.07,50.13
2025-09-29,1472,1738,1412,1074,745.8,98.69,315.7,147.5,47.0,1.07,0.13,27.71,35.11,21.93,19.69,59.96,37.24,50.25
2025-09-30,1516,2046,1517,1180,712.0,102.84,316.2,139.2,44.6,1.09,0.08,28.85,35.92,22.47,19.58,62.72,37.3,50.59
2025-10-01,1492,2056,1476,1227,706.8,99.22,329.0,146.6,46.3,1.02,0.19,28.2,35.33,22.44,19.55,61.19,37.88,52.29
2025-10-02,1401,1790,1265,1125,677.6,98.44,309.4,143.3,44.7,1.0,0.08,27.03,32.99,21.82,18.57,58.79,36.55,48.72
2025-10-03,1351,1836,1242,1024,691.8,95.59,292.0,144.3,47.3,0.96,0.08,27.1,32.63,20.17,18.86,60.55,36.54,48.15
2025-10-04,1428,1635,1372,1023,694.8,100.85,303.8,140.1,47.4,1.03,0.05,26.7,34.85,21.15,19.24,57.56,37.07,48.76
2025-10-05,1410,1848,1379,1103,666.8,100.58,306.1,135.7,45.8,0.98,0.05,26.87,33.14,21.23,19.11,58.06,36.23,48.2
2025-10-06,1394,1591,1354,1105,677.2,98.27,314.4,146.8,46.4,1.06,0.14,25.7,34.1,21.56,19.04,55.74,36.36,50.03
2025-10-07,1376,1570,1271,1056,702.9,100.53,313.4,136.6,44.0,0.97,0.14,26.13,32.77,20.88,19.06,58.23,36.44,48.86
2025-10-08,1470,1790,1285,1172,731.6,95.7,309.0,137.3,47.7,1.04,0.08,26.97,34.56,21.95,19.03,60.98,37.44,51.19
2025-10-09,1549,1870,1379,1249,717.4,99.89,313.3,142.0,47.4,0.98,0.1,27.65,35.08,22.66,19.41,60.52,37.69,51.46
2025-10-10,1657,2118,1584,1340,741.3,103.0,324.1,141.8,47.9,1.17,0.15,29.27,35.46,22.78,20.39,62.68,39.86,53.65
2025-10-11,1642,2151,1575,1172,720.7,100.26,333.0,147.4,48.3,1.08,0.11,29.38,36.27,22.08,20.05,63.18,39.3,49.98
2025-10-12,1651,2353,1472,1233,722.8,98.96,350.4,143.2,45.1,1.08,0.62,30.08,35.51,22.35,20.08,65.91,38.68,52.32
2025-10-13,1568,2004,1475,1224,730.6,101.21,327.2,142.1,47.6,1.11,0.62,27.9,35.82,22.32,20.15,61.4,37.23,51.58
2025-10-14,1639,1906,1594,1322,747.6,104.87,317.8,149.1,48.4,1.22,0.62,28.77,36.77,23.23,20.84,62.66,39.11,53.36
2025-10-15,1574,2256,1393,1268,734.5,105.28,317.7,146.0,44.8,1.07,0.68,30.25,34.45,22.31,19.32,63.39,37.23,51.6
2025-10-16,1581,1940,1567,1272,699.8,100.82,319.3,143.7,46.4,0.95,0.76,27.86,35.56,22.12,20.09,60.08,37.98,51.53
2025-10-17,1521,1965,1397,1185,707.6,103.03,311.2,142.7,46.2,1.16,0.68,27.72,35.39,21.92,19.68,61.38,37.39,49.9
2025-10-18,1489,1985,1477,1164,708.8,102.24,311.1,141.1,47.7,0.95,0.76,27.91,34.6,21.49,20.14,62.18,37.3,50.96
2025-10-19,1444,1869,1308,1112,695.4,102.95,312.3,138.1,43.8,1.01,0.75,27.35,33.89,21.82,18.44,61.17,36.03,48.58
2025-10-20,1412,1941,1244,1156,701.2,98.48,311.4,138.9,48.9,1.14,0.74,27.94,33.92,21.5,18.68,61.61,36.05,50.09
2025-10-21,1384,1804,1253,1060,704.3,94.38,311.7,140.1,46.6,1.02,0.81,27.12,32.96,21.49,18.68,60.91,35.41,48.71
2025-10-22,1356,1574,1248,1116,703.6,98.58,304.2,136.9,47.8,0.99,0.82,25.83,32.71,21.29,19.19,57.94,35.92,48.64
2025-10-23,1399,2071,1273,1121,719.1,96.61,288.9,140.3,46.7,1.07,0.83,29.05,33.19,21.93,18.28,62.11,36.93,49.42
2025-10-24,1344,1695,1228,1068,682.1,96.38,290.2,133.7,47.4,1.04,0.89,26.58,33.14,20.61,18.15,59.09,35.05,48.81
2025-10-25,1357,1671,1276,1051,668.1,97.65,298.7,135.0,44.0,0.99,0.91,25.77,32.45,21.3,18.97,58.61,36.21,47.5
2025-10-26,1420,1937,1308,1066,701.7,98.64,308.0,136.2,46.4,1.13,0.85,27.94,33.75,21.6,18.8,61.55,36.2,48.55
2025-10-27,1395,1791,1289,1080,721.5,99.42,311.0,136.2,47.9,1.15,0.86,27.45,34.67,21.35,18.63,60.62,36.91,49.78
2025-10-28,1360,1751,1151,1068,681.8,100.22,300.7,142.6,47.2,1.16,0.81,26.44,32.36,20.85,18.6,59.71,34.51,49.09
2025-10-29,1351,2016,1273,973,698.1,97.38,299.8,140.1,44.9,1.09,0.94,28.62,33.12,20.87,18.34,61.72,36.5,48.18
2025-10-30,1413,1747,1306,1113,705.9,100.36,307.9,134.7,47.0,1.0,0.88,27.05,33.93,21.1,19.27,59.36,36.5,49.57
2025-10-31,1425,1761,1431,1173,699.8,99.61,305.3,141.0,46.0,0.96,0.87,26.9,34.65,21.83,18.96,59.83,37.76,50.3
2025-11-01,1400,1781,1238,1137,694.0,101.49,305.3,137.0,45.9,0.88,0.86,26.98,33.42,21.33,18.16,59.67,35.66,49.69
2025-11-02,1427,1966,1206,1110,683.3,99.14,316.5,136.6,45.2,1.15,0.86,27.91,33.61,21.26,18.44,61.26,35.79,48.44
2025-11-03,1373,1512,1311,1094,656.4,98.5,301.1,131.9,47.8,1.08,0.97,25.29,33.36,20.81,18.34,55.86,36.32,48.45
2025-11-04,1411,1503,1333,1096,678.6,98.4,305.6,142.8,48.4,1.04,0.94,25.52,34.67,20.98,18.94,57.14,36.49,48.17
2025-11-05,1435,1738,1267,1145,692.3,99.33,308.1,134.1,49.7,0.92,0.84,27.22,33.61,22.12,19.24,59.52,35.89,50.04
2025-11-06,1422,1566,1220,1198,713.0,97.56,317.3,139.0,45.4,0.98,0.84,25.68,32.97,22.31,18.63,58.16,35.98,50.83
2025-11-07,1382,1675,1379,1141,690.1,96.63,293.8,134.3,48.1,0.93,0.9,25.98,35.31,21.12,19.63,57.78,36.34,48.28
2025-11-08,1340,1730,1325,1089,678.8,100.06,312.5,140.0,48.2,1.18,0.84,26.91,33.54,20.92,18.93,59.34,36.47,49.3
2025-11-09,1371,1594,1112,1069,677.0,95.95,292.2,136.5,46.6,1.12,0.87,26.91,31.5,21.31,18.23,56.4,34.99,48.13
2025-11-10,1437,1620,1306,1175,708.3,98.99,303.4,139.1,46.2,0.98,0.93,26.79,35.07,22.2,18.28,57.67,37.47,50.01
2025-11-11,1408,1787,1415,1043,715.2,101.82,311.4,138.4,46.0,1.21,0.9,28.04,34.43,20.84,19.68,60.1,38.3,49.55
2025-11-12,1434,1948,1302,1126,714.0,98.84,316.5,140.8,46.8,1.03,0.78,27.84,33.58,21.91,19.16,59.58,36.26,49.83
2025-11-13,1330,1423,1198,1084,694.4,100.02,286.0,136.7,47.7,1.1,0.8,25.12,32.64,21.37,18.33,57.33,35.73,49.36
2025-11-14,1304,1709,1185,1071,660.0,96.02,285.7,135.7,49.1,1.1,0.83,26.45,32.38,20.33,18.68,57.77,34.91,47.7
2025-11-15,1307,1713,1137,1070,677.2,94.91,297.0,133.9,48.8,1.07,0.85,26.88,32.68,20.94,17.9,59.35,35.49,48.94
2025-11-16,1264,1655,1062,1022,706.4,92.81,309.0,128.5,45.6,1.05,0.76,26.06,30.78,21.03,17.5,59.86,34.41,48.66
2025-11-17,1221,1610,1176,969,688.6,99.31,295.7,129.1,46.6,1.07,0.79,26.08,33.13,20.64,18.53,57.6,35.8,47.77
2025-11-18,1192,1669,988,975,645.0,92.66,280.7,135.6,49.2,1.04,0.74,25.9,30.37,19.87,16.76,57.94,32.71,46.53
2025-11-19,1211,1409,1121,932,669.6,97.72,265.4,132.0,46.8,1.09,0.81,24.74,31.78,20.02,17.95,54.69,34.58,47.65
2025-11-20,1206,1455,1151,932,675.2,93.26,284.8,130.5,47.7,1.09,0.75,25.06,33.14,20.11,18.49,56.29,34.51,47.92
2025-11-21,1096,1225,920,883,644.4,97.06,275.8,124.3,45.7,1.01,0.69,24.2,30.25,19.6,17.05,52.81,31.68,44.22
2025-11-22,993,1110,849,808,607.9,97.37,259.5,120.1,49.2,1.13,0.62,23.08,29.31,18.87,16.25,51.61,31.08,44.41
2025-11-23,969,1205,919,727,640.8,87.17,253.3,123.5,45.6,0.97,0.62,24.05,30.06,18.85,16.77,53.48,32.47,42.98
2025-11-24,998,997,919,821,631.4,89.24,264.3,130.7,45.9,1.08,0.54,22.79,30.32,19.4,17.17,50.69,33.16,44.83
2025-11-25,864,856,740,725,613.6,91.29,242.3,121.0,49.2,1.0,0.63,21.45,29.18,19.16,15.56,49.47,30.23,41.94
2025-11-26,845,991,791,687,617.6,90.27,263.0,124.3,50.3,0.96,0.63,22.63,27.57,18.72,16.4,51.02,30.93,42.89
2025-11-27,825,935,770,737,618.2,90.54,258.3,119.7,47.7,1.0,0.13,21.83,29.2,19.13,16.74,50.03,30.36,42.75
2025-11-28,903,947,812,713,630.4,88.68,258.9,126.9,48.1,0.99,0.08,22.29,29.92,18.57,16.51,52.12,32.18,42.96
2025-11-29,888,1020,752,711,615.4,94.8,252.9,122.5,49.3,1.1,0.15,22.16,28.74,18.27,15.92,50.46,30.67,42.63
2025-11-30,912,1017,794,729,628.5,90.6,249.3,119.7,48.6,1.04,0.16,22.47,28.65,19.03,16.21,52.05,31.26,42.94
2025-12-01,923,1127,834,747,607.0,87.48,255.5,123.9,47.8,1.16,0.07,23.0,28.38,18.69,16.11,52.04,31.22,42.7
2025-12-02,819,860,713,659,623.9,87.82,258.6,129.2,47.7,0.96,0.15,21.76,29.52,18.59,15.7,48.11,29.75,42.22
2025-12-03,862,992,798,662,582.3,86.31,256.6,130.3,46.5,0.88,0.11,21.69,27.87,17.75,15.94,50.43,29.99,41.49
2025-12-04,877,1136,717,697,622.7,93.59,252.7,125.6,48.7,1.09,0.08,23.65,29.1,18.76,16.11,52.51,30.26,43.08
2025-12-05,905,1026,744,732,644.7,88.52,261.3,123.9,48.4,1.2,0.15,22.9,29.07,18.9,16.67,51.51,31.61,44.89
2025-12-06,1107,1290,1012,933,641.3,95.2,278.4,131.5,48.0,1.14,0.05,23.91,31.79,19.86,16.67,53.87,32.08,45.49
2025-12-07,1000,1184,875,879,654.1,90.8,266.4,128.5,47.4,1.01,0.05,23.36,29.8,19.72,16.07,53.4,32.74,45.78
2025-12-08,1087,1217,953,921,672.1,92.07,279.9,129.6,47.6,1.02,0.08,23.41,30.0,20.36,17.75,54.81,33.54,47.06
2025-12-09,1071,1464,882,836,603.0,88.54,274.5,131.0,49.4,1.27,0.09,24.37,29.25,19.37,16.43,53.76,30.8,43.65
2025-12-10,1084,1267,981,848,652.1,95.05,278.6,130.5,49.8,1.08,0.05,23.6,29.96,19.53,17.25,54.83,33.11,43.95
2025-12-11,1080,1215,973,864,610.6,96.72,272.5,128.2,48.4,1.03,0.12,23.69,31.36,19.46,17.0,51.35,33.12,43.43
2025-12-12,1056,1125,984,912,648.9,90.74,266.8,124.0,48.4,1.21,0.07,23.47,30.99,20.06,17.14,51.17,32.7,44.65
2025-12-13,1025,1260,925,822,646.6,88.59,261.4,126.1,47.9,1.1,0.05,24.67,30.6,19.67,17.53,53.92,32.46,45.8
2025-12-14,1040,1263,931,794,611.4,94.75,261.9,131.6,50.1,0.95,0.13,23.73,30.12,19.28,16.83,53.42,33.6,44.14
2025-12-15,961,1020,909,763,667.2,87.13,246.5,126.0,49.1,1.27,0.08,22.9,30.06,19.86,16.91,51.88,33.11,45.09
2025-12-16,998,1169,837,831,647.5,95.0,255.8,128.4,49.5,1.16,0.14,22.89,29.52,19.37,16.48,51.16,31.94,45.59
2025-12-17,976,953,897,811,627.5,89.26,253.3,125.4,49.6,0.99,0.12,22.73,29.78,19.66,16.63,49.27,31.98,43.98
2025-12-18,917,1012,748,738,654.5,87.64,251.0,120.6,48.8,1.22,0.09,22.48,30.02,19.1,16.05,51.88,31.68,45.44
2025-12-19,894,998,760,746,602.5,90.57,265.3,123.2,47.9,1.02,0.14,22.15,27.78,18.32,16.42,49.99,31.09,43.21
2025-12-20,958,1201,804,705,619.5,88.59,257.8,121.9,48.1,1.03,0.12,24.12,28.56,18.38,16.27,53.13,30.29,42.86
2025-12-21,930,953,860,757,599.7,88.88,258.2,120.8,50.7,1.05,0.1,22.32,28.86,18.82,15.95,49.58,30.37,43.75
2025-12-22,948,935,843,794,663.6,91.87,260.2,130.5,48.6,1.28,0.12,22.92,29.54,19.67,16.86,50.65,31.88,45.32
2025-12-23,910,916,808,714,636.6,84.19,267.0,122.9,49.0,1.29,0.12,22.73,28.49,18.47,16.82,50.46,31.59,44.19
2025-12-24,949,932,800,743,646.6,95.11,253.5,122.8,48.2,1.09,0.06,22.9,27.95,18.8,16.75,51.38,31.81,44.78
2025-12-25,983,1212,867,736,645.8,91.78,259.8,133.2,48.2,1.28,0.19,24.45,28.87,18.82,16.47,54.01,31.42,43.64
2025-12-26,1076,1391,936,922,662.0,90.18,270.1,132.7,48.8,0.98,0.1,24.59,31.07,19.87,16.78,54.99,32.97,46.5
2025-12-27,1066,1252,981,834,653.1,90.67,278.9,127.6,51.8,1.24,0.1,23.94,30.71,19.01,17.65,53.66,33.24,44.61
2025-12-28,1098,1396,945,892,660.2,96.29,283.9,131.8,50.6,1.28,0.05,24.47,30.98,19.29,16.64,55.6,32.69,45.02
2025-12-29,1101,1290,1064,907,658.2,95.37,277.3,129.2,49.2,1.3,0.11,24.31,31.11,19.9,17.71,53.56,33.74,46.63
2025-12-30,1166,1367,973,991,655.6,98.51,289.9,129.2,51.2,1.2,0.11,24.6,30.65,20.52,17.04,55.2,32.89,47.63
2025-12-31,1127,1281,982,899,659.1,92.63,277.5,132.8,49.8,1.23,0.05,23.59,31.62,20.18,17.67,53.87,33.62,44.86
2026-01-01,1112,1261,1093,874,662.0,94.8,273.1,129.1,51.7,1.13,0.06,23.98,32.44,19.46,17.43,53.89,34.3,45.39
2026-01-02,1104,1122,979,894,658.6,94.99,283.2,130.5,52.8,1.19,0.06,24.13,31.26,19.54,17.02,52.65,32.78,46.02
2026-01-03,1103,1306,934,933,634.6,95.65,277.6,134.3,51.4,1.18,0.09,24.21,30.2,19.78,17.07,53.65,33.1,46.0
2026-01-04,1111,1286,1018,887,637.6,96.86,268.5,134.0,50.3,1.18,0.11,24.35,31.01,19.72,17.49,54.81,32.64,46.67
2026-01-05,1126,1393,998,870,675.9,92.53,283.9,128.6,51.1,1.3,0.09,24.96,31.37,20.28,17.88,55.14,32.92,45.71
2026-01-06,1122,1319,976,846,654.6,93.97,273.9,132.7,50.4,1.22,0.11,23.66,30.62,19.87,17.35,53.94,33.14,45.23
2026-01-07,1136,1313,975,867,669.7,92.97,274.3,126.6,48.2,1.35,0.13,24.52,30.72,19.79,17.43,55.62,33.37,46.3
2026-01-08,1218,1361,1269,1008,655.0,95.85,292.6,135.3,49.7,1.25,0.12,25.03,33.4,20.64,18.72,54.92,35.59,47.03
2026-01-09,1270,1555,1152,1001,655.7,98.64,290.1,135.5,49.4,1.42,0.11,25.04,31.35,20.24,17.53,56.85,34.06,46.87
2026-01-10,1314,1716,1095,1022,670.7,93.54,298.6,137.7,49.8,1.35,0.11,26.73,32.55,20.77,17.56,57.4,34.89,47.4
2026-01-11,1291,1437,1277,1000,677.2,100.04,298.4,134.3,52.8,1.25,0.11,24.55,33.09,20.67,18.23,56.06,36.82,47.78
2026-01-12,1247,1519,1178,1000,665.0,93.64,282.2,142.6,52.1,1.26,0.09,25.47,31.67,21.0,17.31,56.82,34.99,47.26
2026-01-13,1296,1620,1148,1024,700.5,96.59,296.7,132.1,51.3,1.19,0.07,26.57,32.37,21.17,18.53,57.65,35.49,48.84
2026-01-14,1341,1570,1181,1056,689.4,101.25,309.2,140.8,51.8,1.28,0.1,25.86,32.28,20.87,18.76,57.82,34.36,48.78
2026-01-15,1416,1707,1360,1185,723.6,100.24,298.7,134.9,48.6,1.21,0.13,28.02,34.24,21.87,19.5,59.38,37.14,49.08
2026-01-16,1384,1770,1267,1168,698.1,99.73,306.6,140.2,51.8,1.39,0.13,26.81,33.17,21.68,18.86,58.9,35.88,49.02
2026-01-17,1372,1562,1148,1021,654.3,95.72,295.0,140.1,52.1,1.26,0.12,25.3,31.63,20.12,17.94,57.04,34.17,47.08
2026-01-18,1289,1622,1292,1042,696.1,94.62,301.0,135.7,48.4,1.3,0.08,26.39,33.47,21.01,18.85,58.82,36.06,49.13
2026-01-19,1270,1436,1142,983,655.2,99.25,299.0,133.0,52.0,1.09,0.09,24.66,31.89,20.35,18.4,55.36,34.29,46.56
2026-01-20,1322,1772,1311,1043,687.8,96.34,293.6,137.0,49.5,1.27,0.09,26.32,34.02,21.15,19.31,59.4,35.67,48.6
2026-01-21,1300,1894,1273,1049,669.9,96.18,311.7,136.8,48.9,1.26,0.08,26.8,32.97,21.07,18.37,60.56,35.58,48.41
2026-01-22,1333,1538,1169,1053,717.9,100.41,306.4,143.9,52.9,1.37,0.14,26.48,33.22,21.37,18.84,57.63,35.26,49.48
2026-01-23,1325,1707,1285,1065,706.2,95.23,302.3,133.0,50.1,1.34,0.05,26.7,33.72,20.81,19.25,59.28,36.89,48.71
2026-01-24,1342,1570,1200,1097,675.7,98.83,303.7,134.8,50.5,1.39,0.18,26.5,32.92,20.83,18.49,56.73,35.51,48.05
2026-01-25,1285,1702,1072,1037,677.8,97.27,300.3,136.5,52.6,1.33,0.18,26.28,31.77,20.71,17.91,57.49,34.55,47.3
2026-01-26,1291,1422,1163,1003,684.2,97.27,285.2,134.5,51.1,1.4,0.1,25.53,32.18,20.96,18.32,55.68,35.68,49.61
2026-01-27,1141,1391,1058,893,674.6,93.31,279.1,130.9,51.3,1.31,0.12,25.19,31.14,20.27,17.26,54.63,33.81,46.6
2026-01-28,1136,1238,1009,860,661.5,93.06,280.1,135.4,51.4,1.17,0.13,23.94,31.15,19.72,16.93,54.03,33.77,46.75
2026-01-29,1058,1189,940,823,635.6,90.37,265.9,117.6,52.1,1.26,0.07,23.24,30.79,20.07,17.15,52.04,33.22,44.14
2026-01-30,1125,1205,1080,975,648.8,95.51,279.6,128.4,51.5,1.28,0.12,23.13,31.26,20.76,17.26,52.11,33.53,47.47
2026-01-31,1169,1475,1071,908,665.1,93.44,290.3,125.1,51.9,1.04,0.15,25.48,31.2,20.45,17.27,56.4,33.16,46.01
2026-02-01,1197,1333,1047,913,687.3,98.03,279.9,128.1,51.2,1.22,0.05,25.35,31.58,20.52,17.14,55.75,33.99,46.82
2026-02-02,1278,1630,1217,1033,685.3,96.49,291.3,144.8,52.3,1.48,0.05,25.58,32.63,21.07,18.3,57.55,36.11,48.03
2026-02-03,1233,1446,1141,982,661.7,93.6,280.5,136.3,52.3,1.29,0.13,24.94,31.67,20.57,18.05,56.03,34.19,46.56
2026-02-04,1326,1624,1069,1048,694.5,97.27,282.4,140.3,54.3,1.33,0.09,26.03,31.26,20.56,18.05,57.43,34.39,48.06
2026-02-05,1375,1743,1301,1155,685.1,97.7,308.2,137.6,51.6,1.17,0.08,26.95,33.4,21.28,19.04,58.5,35.89,49.61
2026-02-06,1365,1601,1288,1110,703.0,101.07,300.7,140.7,51.9,1.24,0.09,26.16,33.81,21.44,18.75,58.32,36.37,49.14
2026-02-07,1425,1837,1325,1107,734.8,98.65,307.6,132.2,52.4,1.4,0.05,28.29,33.9,21.82,19.31,61.69,36.74,50.24
2026-02-08,1370,1923,1324,1071,684.8,97.94,293.5,141.9,53.3,1.32,0.08,27.4,33.24,21.1,19.13,60.04,35.71,48.14
2026-02-09,1330,1544,1186,1038,697.3,101.47,295.7,133.3,50.9,1.26,0.05,25.47,32.39,21.15,18.55,56.96,35.36,48.95
2026-02-10,1302,1749,1219,1074,670.6,98.73,303.0,133.7,52.4,1.45,0.15,26.4,32.01,20.39,18.16,59.09,35.28,48.09
2026-02-11,1278,1747,1083,1008,677.2,101.2,291.8,137.2,49.3,1.29,0.11,26.51,31.34,20.88,17.92,59.0,35.02,48.71
2026-02-12,1228,1382,1148,912,673.1,99.31,286.8,135.0,52.0,1.24,0.1,25.14,32.13,20.19,17.47,55.4,34.93,46.48
2026-02-13,1295,1403,1309,1031,678.1,95.12,295.2,136.0,53.7,1.36,0.13,24.93,32.8,20.81,18.76,56.45,35.64,47.96
2026-02-14,1286,1611,1124,963,716.8,99.65,282.6,129.9,51.6,1.29,0.21,26.68,32.64,21.12,18.13,59.87,35.05,49.04
2026-02-15,1308,1538,1159,1133,677.9,101.37,299.8,136.4,52.7,1.3,0.06,25.39,32.03,21.1,18.6,57.04,35.42,48.92
2026-02-16,1282,1802,1137,984,688.2,100.95,282.1,139.1,51.9,1.35,0.05,26.92,31.91,20.63,17.84,58.94,34.84,47.45
2026-02-17,1194,1427,1098,950,639.4,98.02,275.5,130.7,51.5,1.29,0.1,24.42,31.55,20.16,17.62,55.09,33.42,45.8
2026-02-18,1214,1361,1051,981,677.3,98.32,276.6,138.6,53.8,1.22,0.05,24.54,31.27,20.33,17.57,54.66,34.25,47.54
2026-02-19,1122,1188,1040,891,676.3,93.49,274.2,127.2,51.4,1.38,0.09,24.58,31.26,19.49,17.48,54.58,33.71,45.9
2026-02-20,1125,1428,1065,893,651.7,92.22,273.1,130.8,53.0,1.41,0.13,24.6,31.96,19.53,17.67,54.61,34.15,46.29
2026-02-21,1063,1161,985,871,613.9,92.28,269.5,135.2,53.1,1.31,0.16,23.06,29.7,19.4,16.8,51.6,32.86,44.7
2026-02-22,1172,1392,973,997,664.9,90.99,273.4,129.4,51.7,1.4,0.05,25.29,31.62,20.48,17.84,54.57,32.83,47.84
2026-02-23,1224,1585,1177,1009,672.4,99.45,294.2,137.9,53.0,1.33,0.06,26.15,32.26,20.69,17.58,57.16,36.01,48.07
2026-02-24,1236,1433,1185,1046,684.4,95.58,294.0,141.9,51.7,1.22,0.11,25.95,32.1,20.8,18.49,56.21,35.31,48.03
2026-02-25,1305,1599,1253,997,712.4,100.75,293.2,136.6,53.5,1.45,0.13,26.59,33.3,20.59,18.78,58.8,35.01,47.93
2026-02-26,1267,1540,1186,1025,671.8,93.77,286.8,132.7,51.3,1.37,0.13,25.4,32.52,20.81,18.19,56.71,35.36,47.62
2026-02-27,1300,1684,1210,1043,668.8,100.13,289.4,132.7,52.5,1.4,0.16,27.09,33.24,20.79,18.37,57.82,34.01,47.96
2026-02-28,1315,1698,1275,1063,666.0,96.45,293.2,141.4,52.7,1.38,0.13,26.53,33.44,21.12,18.82,57.43,36.29,48.33
2026-03-01,1333,1623,1350,1120,688.7,94.8,286.4,141.8,54.3,1.38,0.1,26.16,33.96,21.21,19.09,57.62,36.75,49.57
2026-03-02,1403,1778,1240,1104,701.4,103.26,297.3,144.5,53.2,1.42,0.14,27.11,33.95,20.86,18.96,58.54,35.99,49.37
2026-03-03,1444,1784,1416,1127,691.0,102.66,316.2,139.7,54.2,1.43,0.1,27.06,33.5,20.71,19.31,60.25,37.23,49.02
2026-03-04,1461,1649,1356,1183,713.1,100.72,313.6,144.5,53.8,1.52,0.11,26.54,34.46,21.88,18.92,58.66,37.41,50.22
2026-03-05,1380,1767,1271,1019,698.5,98.9,315.6,137.9,53.8,1.44,0.08,26.45,33.66,21.02,18.74,60.49,35.98,48.64
2026-03-06,1336,1907,1139,1054,686.7,99.15,295.4,133.3,52.7,1.5,0.11,28.15,32.53,20.99,18.48,60.14,35.0,48.09
2026-03-07,1335,1538,1215,1057,672.4,98.52,294.8,141.3,54.4,1.52,0.05,25.63,31.9,20.78,18.21,55.3,35.43,48.54
2026-03-08,1345,1568,1181,1031,679.9,96.22,295.5,143.6,52.8,1.28,0.14,25.94,32.06,20.4,17.93,56.78,33.78,48.42
2026-03-09,1293,1474,1162,1075,644.2,96.26,290.7,131.5,51.1,1.5,0.06,25.83,31.82,20.23,18.07,55.28,34.8,48.71
2026-03-10,1421,1904,1248,1080,700.0,104.41,301.6,135.0,53.0,1.47,0.06,27.37,33.92,21.43,18.79,60.61,36.45,48.79
2026-03-11,1502,2010,1372,1183,706.7,107.55,317.8,141.6,53.8,1.48,0.05,28.48,35.32,21.87,19.01,62.15,37.36,50.24
2026-03-12,1535,1973,1409,1229,713.1,105.34,319.5,146.2,51.4,1.52,0.07,27.81,34.39,22.13,19.38,61.65,37.72,49.73
2026-03-13,1542,1862,1451,1285,718.6,102.73,315.8,138.0,52.2,1.42,0.06,27.81,34.46,22.13,19.61,60.49,38.74,51.33
2026-03-14,1533,2010,1320,1212,715.9,100.55,329.0,143.2,51.9,1.49,0.11,28.41,34.53,21.89,19.11,61.29,36.86,50.4
2026-03-15,1488,1676,1288,1223,702.9,98.64,329.3,138.7,54.3,1.35,0.05,26.95,35.0,22.13,19.06,58.39,36.42,51.12
2026-03-16,1495,1951,1422,1217,706.2,98.93,324.2,144.1,55.4,1.33,0.08,28.42,35.27,22.2,19.32,61.57,37.19,51.91
2026-03-17,1512,2094,1357,1202,686.4,99.66,321.1,138.5,53.1,1.49,0.07,28.13,33.57,21.81,19.23,62.43,35.74,50.56
2026-03-18,1452,1668,1425,1101,691.5,105.41,316.3,143.1,54.0,1.43,0.05,27.03,35.95,21.77,19.18,57.82,37.53,49.73
2026-03-19,1473,1659,1389,1101,703.6,104.91,327.4,140.0,54.0,1.44,0.11,27.16,34.78,21.3,19.79,59.25,36.95,48.98
2026-03-20,1469,2122,1412,1170,691.3,102.19,318.2,136.8,55.3,1.38,0.09,28.45,34.02,22.12,19.79,62.61,36.24,49.22
2026-03-21,1377,1641,1365,1071,704.0,96.35,297.5,138.2,52.7,1.46,0.1,26.49,35.24,21.38,18.94,57.78,37.0,48.92
2026-03-22,1339,1812,1217,1105,676.5,100.33,301.3,129.1,53.2,1.39,0.13,26.75,32.35,21.28,18.0,59.29,35.4,48.48
2026-03-23,1324,1616,1186,1086,687.8,97.24,301.6,134.2,53.0,1.41,0.1,26.06,32.42,21.52,18.63,57.99,35.27,48.36
2026-03-24,1426,1786,1383,1124,698.9,94.22,299.5,140.7,53.6,1.4,0.09,26.61,34.69,21.36,19.3,58.77,37.16,49.7
2026-03-25,1460,1932,1394,1104,712.4,100.88,308.7,133.2,56.5,1.38,0.14,28.24,34.59,21.46,19.54,60.21,36.62,48.92
2026-03-26,1396,1634,1283,1132,707.0,96.98,313.1,128.2,53.5,1.41,0.09,25.67,33.74,21.3,18.69,58.76,36.94,50.34
2026-03-27,1427,1829,1418,1086,707.6,97.58,292.9,130.0,52.5,1.53,0.08,27.12,34.73,21.7,19.4,59.81,37.72,49.08
2026-03-28,1353,1634,1238,1044,656.6,97.72,289.7,142.6,52.1,1.39,0.13,25.87,33.19,20.84,18.19,58.08,35.91,47.67
2026-03-29,1415,1600,1316,1079,713.6,98.15,304.8,138.7,55.0,1.43,0.07,26.93,32.89,21.77,19.16,59.52,36.53,49.43
2026-03-30,1396,1805,1296,1103,716.4,99.0,307.1,136.4,52.5,1.41,0.15,27.17,34.1,21.66,18.64,60.5,36.91,49.43
2026-03-31,1397,1723,1236,1162,686.4,98.9,293.5,142.3,54.3,1.38,0.11,26.82,32.92,21.97,18.5,59.29,34.82,50.5
2026-04-01,1470,1862,1376,1165,706.0,95.66,311.2,139.0,52.7,1.54,0.16,27.49,34.0,21.61,18.88,59.66,36.74,49.24
2026-04-02,1410,1609,1401,1100,681.8,103.12,314.9,140.0,52.0,1.33,0.1,26.45,33.82,21.56,19.01,56.57,36.28,49.68
2026-04-03,1345,1884,1270,1005,657.9,95.75,299.3,137.2,54.2,1.42,0.14,27.2,31.57,20.42,18.41,59.12,35.69,47.06
2026-04-04,1322,1748,1221,1077,673.3,95.43,303.9,134.5,52.7,1.35,0.05,26.94,32.36,21.07,18.51,57.57,34.87,49.01
2026-04-05,1382,1868,1270,1064,683.6,98.02,298.0,139.3,54.0,1.48,0.15,27.07,33.92,21.31,18.82,60.01,35.75,48.65
2026-04-06,1311,1576,1229,1050,677.7,97.35,288.7,139.2,54.1,1.43,0.13,25.47,33.3,21.66,18.66,56.56,35.56,48.75
2026-04-07,1175,1200,1111,928,651.5,98.86,287.8,131.5,54.1,1.49,0.07,23.98,31.54,20.31,17.29,53.25,34.02,46.16
2026-04-08,1162,1586,1090,963,653.2,95.64,282.6,130.0,53.2,1.45,0.13,25.43,30.8,20.54,18.05,56.39,33.43,46.82
2026-04-09,1199,1425,1077,954,668.8,97.06,274.0,131.6,54.3,1.4,0.05,25.09,32.06,20.2,17.54,56.0,35.06,47.57
2026-04-10,1270,1454,1185,1011,666.3,97.58,284.4,125.7,52.4,1.47,0.08,25.3,33.05,20.69,17.99,55.96,35.09,47.58
2026-04-11,1254,1572,1179,1021,684.1,97.2,301.8,135.6,50.5,1.47,0.07,26.43,33.14,20.83,18.36,56.97,36.1,48.83
2026-04-12,1242,1641,1081,1076,684.6,97.18,280.6,129.3,54.3,1.33,0.14,26.57,31.43,21.58,17.78,56.9,34.0,48.9
2026-04-13,1309,1609,1217,1081,718.4,92.75,302.5,138.6,53.6,1.48,0.15,26.24,32.98,21.45,18.81,58.64,35.93,49.06
2026-04-14,1222,1619,998,974,688.8,95.43,282.1,133.2,52.7,1.42,0.08,25.75,32.2,21.05,17.74,56.57,33.98,47.37
2026-04-15,1211,1577,1135,970,674.2,98.77,284.7,133.7,51.6,1.44,0.05,26.52,31.55,20.11,17.79,57.89,35.54,47.75
2026-04-16,1230,1354,1164,963,663.6,106.05,289.1,136.6,50.9,1.37,0.06,24.05,32.44,20.78,18.0,55.16,35.65,46.16
2026-04-17,1262,1451,1202,970,681.3,93.75,273.3,131.0,53.4,1.33,0.1,25.16,31.86,20.3,18.3,56.72,35.19,47.85
2026-04-18,1245,1621,1119,973,679.6,97.51,276.6,135.7,55.3,1.32,0.1,26.36,31.97,20.82,18.28,56.87,34.37,47.15
2026-04-19,1255,1193,1170,972,668.4,95.22,290.1,135.6,53.2,1.13,0.09,24.66,32.61,20.2,17.97,53.78,34.95,46.34
2026-04-20,1138,1318,1108,937,673.0,99.66,271.4,130.4,52.9,1.32,0.07,24.56,31.92,20.49,17.75,54.28,35.14,46.93
2026-04-21,1115,1149,1083,858,637.3,90.74,282.8,126.8,53.3,1.57,0.17,23.44,31.48,19.27,17.2,52.39,33.85,44.67
2026-04-22,1149,1300,1044,971,659.0,96.3,265.5,133.9,55.9,1.44,0.08,24.03,30.65,20.68,17.25,53.5,33.98,46.55
2026-04-23,1109,1258,1013,919,665.9,90.5,278.8,133.2,54.2,1.4,0.07,24.32,30.73,20.4,17.05,53.97,34.29,46.06
2026-04-24,1123,1273,1076,903,655.1,93.48,264.7,131.2,52.1,1.45,0.15,23.75,31.68,19.78,17.41,52.89,34.52,46.08
2026-04-25,1157,1303,974,928,660.5,94.8,276.3,127.4,53.2,1.36,0.09,24.11,31.13,20.32,17.73,54.15,33.84,46.19
2026-04-26,1150,1234,1029,902,660.7,97.43,269.9,129.4,53.6,1.34,0.12,24.4,31.29,20.29,17.69,52.52,34.09,46.36
2026-04-27,1169,1636,1136,947,652.6,92.4,295.6,131.8,51.9,1.35,0.06,25.67,32.31,19.9,18.23,58.14,35.15,47.08
2026-04-28,1130,1519,1076,947,677.8,96.05,265.7,133.7,54.0,1.31,0.12,25.98,30.95,20.1,17.52,56.73,33.81,47.35
2026-04-29,1130,1199,1045,882,645.0,94.45,275.4,124.6,52.1,1.31,0.13,23.69,30.83,19.44,16.83,52.93,34.77,46.63
2026-04-30,1172,1564,988,882,670.3,95.84,266.9,129.9,51.3,1.37,0.06,25.18,31.94,19.62,17.48,57.27,34.14,47.33
2026-05-01,1190,1372,1084,980,674.0,97.87,295.4,131.1,53.1,1.38,0.08,25.36,32.42,20.23,18.36,54.33,34.33,47.16
2026-05-02,1170,1399,1035,950,651.1,91.91,283.7,131.8,52.9,1.47,0.06,24.21,31.4,20.46,17.28,54.28,34.22,45.78
2026-05-03,1192,1412,1106,912,669.1,97.53,283.8,127.5,53.0,1.45,0.08,24.78,31.79,20.31,17.89,55.82,34.33,46.25
2026-05-04,1238,1415,1088,960,660.2,94.9,299.3,133.2,52.0,1.26,0.16,24.84,32.12,19.81,17.24,55.34,34.46,46.86
2026-05-05,1143,1447,986,886,682.7,97.36,278.9,130.1,52.2,1.33,0.11,25.74,31.41,19.97,17.49,55.63,34.09,47.76
2026-05-06,1212,1467,994,942,653.5,96.71,286.6,129.1,54.3,1.28,0.18,24.87,30.06,19.81,17.24,55.94,33.82,46.21
2026-05-07,1204,1385,1168,952,659.8,95.21,285.1,132.6,53.4,1.16,0.16,24.41,32.67,20.53,17.41,55.16,34.61,46.86
2026-05-08,1235,1335,1109,977,655.2,94.81,291.8,131.8,51.7,1.37,0.15,24.56,31.25,20.23,17.45,54.75,34.75,46.47
2026-05-09,1305,1490,1212,1014,661.9,99.57,290.7,137.9,50.5,1.42,0.16,25.2,32.91,20.16,17.9,56.19,35.0,47.26
2026-05-10,1244,1306,1140,964,698.4,99.59,286.4,130.7,51.7,1.37,0.15,24.69,31.74,20.73,17.76,54.87,35.61,46.95
2026-05-11,1217,1461,1054,964,679.3,94.62,291.8,133.8,52.9,1.39,0.17,25.45,32.44,20.69,17.51,56.1,34.26,46.38
2026-05-12,1211,1312,1038,976,672.6,93.02,287.0,130.0,51.9,1.33,0.12,24.12,31.29,20.23,17.76,53.38,33.12,48.07
2026-05-13,1181,1372,1023,934,656.8,97.05,280.7,130.0,51.8,1.27,0.13,24.0,30.52,20.07,17.23,54.4,33.3,47.05
2026-05-14,1278,1732,1133,1068,692.5,93.43,280.6,136.4,51.9,1.33,0.13,27.62,32.07,20.92,18.5,58.7,35.52,48.55
2026-05-15,1243,1647,1161,1014,662.2,93.16,300.1,135.1,52.5,1.46,0.08,26.06,31.99,21.0,17.92,57.72,34.67,48.11
2026-05-16,1224,1467,1076,917,684.0,93.42,280.8,132.0,53.5,1.38,0.13,25.52,31.87,20.17,17.95,56.7,35.12,46.03
2026-05-17,1243,1492,1239,1014,661.4,95.38,296.0,133.1,52.5,1.23,0.15,24.98,33.37,20.4,18.49,55.4,34.81,47.35
2026-05-18,1191,1631,1143,977,658.2,92.15,284.0,126.9,52.5,1.35,0.08,26.25,32.01,20.38,18.38,56.49,34.97,47.05
2026-05-19,1180,1459,1120,929,677.9,90.45,271.2,138.0,52.1,1.43,0.07,25.12,31.01,20.25,17.77,57.01,34.73,47.58
2026-05-20,1205,1404,1095,907,682.7,92.92,294.2,135.9,51.7,1.4,0.08,24.03,31.37,20.44,18.06,55.55,34.52,46.79
2026-05-21,1197,1266,1177,959,677.7,97.22,285.4,135.5,53.4,1.43,0.15,24.22,33.89,20.83,17.93,54.5,34.61,47.49
2026-05-22,1202,1481,1086,962,653.6,92.51,294.5,126.6,53.1,1.21,0.09,25.04,31.56,20.64,18.17,56.16,34.21,46.39
2026-05-23,1184,1500,1078,906,660.3,94.51,280.4,130.1,54.7,1.33,0.06,25.25,32.01,19.91,17.36,55.91,33.64,46.32
2026-05-24,1116,1233,1021,845,660.8,99.0,280.6,129.2,52.9,1.28,0.06,24.02,30.97,19.79,17.56,53.56,33.4,46.22
2026-05-25,1142,1372,1075,913,649.0,94.49,263.5,123.6,51.5,1.36,0.06,24.33,30.84,20.41,18.04,54.32,33.87,45.03
2026-05-26,1241,1455,1173,982,694.8,97.24,283.8,137.7,51.0,1.26,0.07,25.23,32.5,21.21,17.98,56.18,35.26,48.5
2026-05-27,1249,1491,1119,982,639.3,94.17,278.5,140.2,53.2,1.25,0.05,24.9,31.58,19.99,17.85,55.4,34.65,46.47
2026-05-28,1268,1237,1134,1009,666.0,102.28,287.7,143.1,51.0,1.32,0.12,23.52,31.79,20.81,17.65,52.57,33.38,46.65
2026-05-29,1311,1586,1247,999,675.3,96.26,298.9,131.9,52.9,1.25,0.09,25.11,33.94,20.79,19.18,56.87,35.61,47.42
2026-05-30,1253,1636,1190,983,633.0,96.02,284.2,134.9,51.0,1.34,0.12,25.65,31.63,20.47,17.34,56.75,34.4,47.24
2026-05-31,1346,1589,1220,1094,666.4,101.52,305.8,142.4,52.2,1.16,0.05,25.84,32.12,21.47,17.85,57.2,35.35,48.21
2026-06-01,1362,1707,1160,1068,698.6,98.04,293.7,136.5,50.5,1.42,0.14,27.08,33.1,20.93,17.98,59.81,35.13,49.09
2026-06-02,1450,1738,1336,1073,700.4,100.12,317.1,137.7,52.6,1.12,0.1,26.79,34.47,21.08,18.72,59.73,37.31,48.04
2026-06-03,1416,1844,1356,1103,719.5,98.72,316.8,131.6,50.2,1.4,0.12,27.13,34.45,21.89,19.44,60.88,37.13,48.68
2026-06-04,1512,1924,1541,1146,730.7,100.36,324.8,146.3,51.9,1.3,0.16,27.33,35.65,22.0,20.66,61.62,38.94,49.88
2026-06-05,1554,1878,1369,1241,719.0,102.66,318.5,142.8,51.3,1.23,0.11,27.4,33.57,21.69,19.68,60.55,37.8,51.99
2026-06-06,1583,2305,1455,1266,720.7,103.6,307.5,140.8,51.6,1.36,0.18,29.91,35.78,22.01,19.76,64.97,38.07,51.69
2026-06-07,1596,2262,1471,1176,718.5,100.82,330.5,145.2,51.0,1.42,0.05,30.09,35.69,22.21,19.74,64.41,37.5,51.27
2026-06-08,1583,1982,1588,1288,676.2,100.31,323.5,144.3,50.9,1.44,0.09,27.74,35.25,22.48,19.7,60.31,38.16,51.69
2026-06-09,1644,2280,1548,1238,702.4,101.7,323.4,146.1,51.5,1.44,0.63,28.92,35.6,21.79,20.04,63.28,38.42,50.53
2026-06-10,1650,2298,1486,1382,725.5,99.82,327.4,144.7,50.1,1.28,0.72,29.41,35.36,23.51,19.8,64.65,37.54,54.12
2026-06-11,1549,2127,1493,1222,721.2,97.68,332.2,149.3,50.0,1.34,0.72,28.59,36.27,22.22,19.91,63.9,38.0,50.88
2026-06-12,1492,1663,1365,1123,709.5,101.46,305.5,140.6,50.7,1.17,0.68,26.49,33.83,21.33,19.01,58.83,37.13,50.39
2026-06-13,1483,2061,1299,1121,690.6,102.91,317.3,147.4,50.6,1.32,0.82,28.71,33.28,21.29,18.46,61.68,37.36,49.93
2026-06-14,1499,1847,1338,1204,720.0,103.0,317.1,143.6,49.8,1.34,0.72,28.11,33.95,21.8,19.22,60.93,37.31,51.01
2026-06-15,1496,1874,1518,1166,727.8,94.82,312.1,142.7,52.1,1.28,0.66,27.77,35.89,21.85,20.01,61.42,38.73,50.74
2026-06-16,1557,2467,1488,1226,727.0,101.18,326.8,142.5,50.5,1.17,0.78,30.63,35.53,21.79,19.7,66.37,39.25,51.58
2026-06-17,1456,1906,1364,1229,715.6,97.35,323.7,144.1,50.6,1.24,0.79,27.53,34.54,22.24,19.05,60.99,37.55,51.24
2026-06-18,1463,1815,1346,1127,693.2,100.58,309.0,140.8,49.2,1.44,0.75,26.47,33.53,21.69,19.2,59.25,37.12,49.25
2026-06-19,1370,1411,1286,1092,706.3,97.59,299.5,134.0,53.2,1.3,0.81,26.17,34.47,21.04,19.03,57.18,36.3,49.07
2026-06-20,1408,1976,1326,1182,697.1,100.77,310.5,135.0,53.6,1.24,0.75,27.02,33.66,21.85,19.54,60.81,36.03,49.98
2026-06-21,1403,1578,1320,1126,701.9,99.15,312.3,140.4,49.7,1.26,0.78,25.44,34.5,21.35,19.41,58.9,36.83,50.39
2026-06-22,1423,1658,1330,1057,702.2,94.8,306.1,135.6,52.0,1.3,0.82,27.26,35.56,21.42,18.68,58.61,37.69,47.9
2026-06-23,1377,1680,1331,1117,689.3,96.34,299.8,137.7,50.4,1.13,0.84,26.5,33.36,20.73,18.88,58.37,37.34,48.98
2026-06-24,1441,2042,1342,1090,686.0,99.86,291.3,144.0,52.4,1.15,0.8,27.66,34.0,21.46,18.55,61.9,36.94,48.69
2026-06-25,1491,2040,1324,1248,703.8,100.92,308.2,142.4,50.8,1.21,0.8,28.59,33.9,21.72,18.47,61.39,36.42,51.0
2026-06-26,1517,1942,1376,1161,722.9,97.62,308.2,139.0,50.5,1.23,0.83,28.41,35.65,21.9,20.05,61.94,36.69,50.71
2026-06-27,1507,1996,1269,1334,700.2,97.11,321.6,147.2,47.3,1.41,0.75,27.54,33.37,22.48,19.22,61.45,35.86,51.26
2026-06-28,1532,1897,1579,1283,723.3,101.51,316.9,144.5,49.2,1.27,0.83,27.68,36.24,22.52,20.03,61.45,39.16,52.59
2026-06-29,1491,1943,1452,1143,716.0,97.18,312.2,145.2,50.2,1.22,0.77,28.37,35.19,21.35,20.02,60.87,37.71,50.7
2026-06-30,1530,2001,1373,1211,705.2,97.18,318.6,133.2,50.3,1.26,0.82,27.83,34.29,22.57,19.65,61.07,37.66,51.14
2026-07-01,1609,2294,1492,1308,739.9,101.53,320.3,145.7,48.6,1.11,0.8,30.03,36.11,22.52,19.42,63.77,37.9,52.51
2026-07-02,1657,2387,1514,1346,719.5,102.21,345.0,149.1,49.1,1.2,0.89,30.67,35.63,22.57,20.18,64.97,38.42,52.19
2026-07-03,1613,2220,1635,1295,742.2,100.51,338.1,151.3,50.6,1.2,0.84,28.65,37.04,23.4,20.45,64.12,39.41,52.34
2026-07-04,1625,2095,1421,1345,727.5,101.14,342.0,139.0,48.2,1.18,0.93,28.72,35.13,23.1,19.72,62.52,38.39,52.83
2026-07-05,1552,2149,1464,1221,712.1,101.75,326.6,147.7,50.0,1.35,0.81,29.02,34.81,21.82,20.56,62.94,38.25,51.4
2026-07-06,1576,2055,1471,1226,701.8,100.3,323.4,150.1,51.2,1.3,0.88,27.65,34.87,22.09,20.08,61.97,37.45,50.78
2026-07-07,1593,1918,1559,1240,715.8,102.55,338.4,135.9,50.1,1.15,0.9,27.69,36.13,22.26,20.04,61.48,39.21,51.52
2026-07-08,1492,1860,1386,1222,702.0,99.75,309.1,143.1,50.0,1.12,0.92,27.89,34.67,21.6,19.69,60.64,36.4,50.53
2026-07-09,1428,1825,1211,1150,678.5,100.05,300.7,141.9,47.1,1.11,0.98,26.75,33.39,21.28,17.79,59.74,34.58,49.6
2026-07-10,1410,1912,1293,1133,691.9,101.52,300.9,137.6,48.5,1.19,0.83,26.99,34.49,21.53,18.95,60.89,35.88,49.37
2026-07-11,1392,1725,1228,1142,680.9,101.12,308.0,136.4,51.9,1.22,0.88,27.05,32.67,21.86,18.61,58.68,34.65,49.55
2026-07-12,1328,1485,1231,971,693.9,101.14,290.9,139.3,48.7,1.22,0.98,25.83,33.21,20.62,18.78,56.81,35.82,46.6
2026-07-13,1347,1682,1334,1085,707.0,100.33,297.7,134.6,50.8,1.1,0.88,26.68,33.99,21.38,18.94,59.49,36.85,49.58
2026-07-14,1358,1709,1147,1090,670.4,99.03,287.4,136.6,48.5,1.17,0.94,26.36,31.63,20.87,18.15,58.54,34.64,48.87
2026-07-15,1347,1700,1195,1144,713.1,97.16,302.8,140.4,48.9,1.17,0.89,27.28,33.45,22.11,18.83,58.13,36.17,50.44
2026-07-16,1308,1728,1172,979,680.6,96.59,282.7,143.0,49.8,1.26,0.87,26.72,32.91,20.87,17.52,58.38,34.84,46.87
2026-07-17,1361,1837,1235,1150,674.5,96.29,293.0,139.7,49.2,1.24,0.9,27.29,32.34,21.71,18.33,58.01,34.95,48.91
2026-07-18,1445,1753,1394,1149,710.7,99.92,319.2,140.4,49.5,1.07,0.98,26.81,34.39,21.82,19.09,58.28,37.01,49.6
2026-07-19,1419,1708,1307,1148,689.5,101.21,316.1,137.1,48.0,1.03,0.89,25.85,33.39,21.12,19.04,58.22,35.79,49.84
2026-07-20,1387,1597,1312,1176,691.1,97.12,306.3,134.2,47.5,1.16,0.93,26.38,32.94,22.09,19.29,57.57,36.16,50.4
2026-07-21,1412,1885,1270,1147,689.3,99.27,308.1,143.4,47.8,1.12,0.93,27.87,33.34,21.6,18.5,59.81,36.4,49.21
2026-07-22,1394,1958,1308,1126,680.9,97.36,299.8,137.8,48.2,1.09,0.98,27.58,32.94,21.31,18.45,59.26,35.39,49.99
2026-07-23,1388,1700,1336,1114,703.3,99.47,297.2,142.9,48.5,1.1,0.98,27.11,34.13,21.67,19.1,59.44,36.67,50.33
2026-07-24,1427,1775,1277,1110,692.8,98.23,304.6,138.0,49.9,1.21,0.95,26.83,33.6,21.49,18.4,58.75,36.7,49.35
2026-07-25,1331,1841,1276,1059,663.8,96.11,285.1,134.1,48.7,1.02,0.82,26.89,33.22,20.56,18.44,59.35,36.28,48.26
2026-07-26,1400,1836,1302,1081,702.2,97.45,306.7,140.3,49.2,1.3,0.91,28.06,34.01,21.25,18.82,59.56,36.22,48.13
2026-07-27,1406,1836,1373,1115,676.5,100.51,305.6,138.5,48.7,1.09,0.9,26.94,34.68,20.73,19.18,58.97,37.81,48.65
2026-07-28,1387,1576,1273,999,675.0,98.69,295.8,133.4,47.1,1.19,0.98,25.7,32.76,20.69,18.68,57.33,35.38,46.83
2026-07-29,1385,1833,1308,1120,710.0,97.82,315.6,145.5,48.4,1.09,0.91,26.69,33.57,22.03,19.06,59.99,36.62,49.22
2026-07-30,1386,1611,1282,1096,674.3,99.57,308.0,135.7,48.5,1.02,0.98,26.27,33.55,20.64,19.11,57.43,35.37,49.01
2026-07-31,1301,1454,1193,1024,647.0,96.41,299.7,139.5,49.2,1.11,0.97,24.66,32.1,20.58,18.12,55.39,35.05,47.71
2026-08-01,1382,1685,1297,1108,701.0,101.66,298.8,141.5,47.0,1.03,0.98,26.71,34.29,21.68,18.77,57.7,37.9,49.91
2026-08-02,1387,1661,1321,1040,687.8,96.5,303.3,133.2,45.8,1.14,0.98,26.26,33.99,21.24,18.8,58.46,37.4,48.49
2026-08-03,1414,1756,1231,1209,692.3,98.91,311.1,135.0,48.4,1.13,0.91,26.7,34.08,21.72,18.32,58.42,36.27,50.74
2026-08-04,1465,1660,1463,1157,697.1,96.74,312.9,139.2,48.5,1.08,0.88,26.45,34.83,21.38,19.23,57.6,37.43,48.96
2026-08-05,1416,1929,1193,1118,699.3,98.56,319.2,135.6,47.8,1.14,0.95,27.74,32.21,21.35,18.04,60.26,35.58,48.74
2026-08-06,1443,2005,1297,1101,687.9,95.69,307.7,146.7,48.0,1.21,0.98,28.44,33.7,21.68,19.13,61.67,36.85,48.93
2026-08-07,1433,1537,1326,1138,720.1,101.58,304.1,138.7,49.0,1.11,0.91,26.81,34.19,21.3,18.95,56.84,37.41,50.56
2026-08-08,1479,2049,1408,1237,681.4,102.41,318.2,144.4,47.4,1.07,0.94,28.35,34.51,21.64,19.28,61.76,37.09,50.24
2026-08-09,1374,1608,1372,1138,697.4,100.66,291.7,139.9,47.5,1.14,0.98,26.77,34.55,21.47,19.08,58.17,37.1,48.89
2026-08-10,1373,1836,1153,1129,700.2,98.76,309.1,138.9,47.9,1.14,0.98,27.68,32.41,21.3,18.29,60.04,35.9,49.24
2026-08-11,1346,1664,1212,1095,675.9,96.03,288.5,137.2,46.3,1.07,0.91,26.45,32.23,21.17,18.69,57.99,36.09,48.16
2026-08-12,1372,1721,1136,1076,675.2,96.68,306.8,142.8,47.5,1.21,0.94,27.09,32.1,21.5,18.08,58.09,34.09,47.45
2026-08-13,1400,1738,1301,1048,709.2,102.98,299.5,135.3,47.6,1.08,0.89,26.47,32.69,20.87,18.7,59.87,36.78,50.24
2026-08-14,1367,1875,1283,1079,675.0,102.18,305.0,144.6,49.6,1.21,0.86,26.94,33.28,21.05,18.46,59.32,36.27,49.26
2026-08-15,1335,1490,1330,1053,676.8,98.33,305.0,131.6,47.2,1.03,0.97,25.14,33.4,20.97,19.09,55.2,36.11,47.07
2026-08-16,1333,1732,1238,1106,699.0,96.71,298.7,139.8,47.8,1.15,0.83,26.73,33.7,21.35,18.78,59.0,36.65,48.21
2026-08-17,1291,1721,1250,1043,681.0,100.69,283.5,129.9,48.6,1.05,0.91,26.85,32.1,20.48,18.82,59.01,35.67,47.74
2026-08-18,1338,1755,1272,1134,659.4,96.35,290.9,135.6,46.4,1.1,0.89,26.03,32.93,21.06,18.39,58.49,36.3,47.93
2026-08-19,1323,1938,1194,1104,710.6,98.39,290.6,136.8,49.1,0.91,0.92,28.13,33.91,21.36,18.13,62.43,35.67,51.02
2026-08-20,1178,1339,999,927,658.4,98.65,266.2,130.4,49.5,1.22,0.87,24.32,31.27,20.31,17.49,54.34,33.63,45.89
2026-08-21,1165,1481,1075,867,658.6,92.93,288.9,131.2,47.3,1.07,0.93,25.07,31.97,19.93,17.72,55.64,34.22,45.88
2026-08-22,1117,1290,938,947,662.4,96.23,275.9,125.0,46.6,1.11,0.87,24.46,30.72,19.8,17.2,54.04,33.93,46.39
2026-08-23,1040,1297,997,884,658.0,94.03,258.1,124.4,49.2,0.91,0.93,25.03,30.08,19.77,16.91,53.6,33.85,45.15
2026-08-24,984,1095,874,752,670.7,91.57,273.2,128.7,48.2,1.02,0.88,23.29,30.29,19.14,16.73,52.42,32.5,45.21
2026-08-25,996,1080,947,854,618.0,89.43,257.3,127.2,47.3,0.99,0.82,22.85,30.15,19.95,16.52,50.42,32.32,45.01
2026-08-26,1070,1357,944,875,665.0,91.49,272.3,126.5,48.9,0.93,0.88,24.28,30.09,19.99,17.29,53.25,33.04,45.87
2026-08-27,1092,1212,1001,884,666.5,94.42,265.9,135.2,48.7,1.12,0.87,23.78,31.0,19.64,17.54,53.24,33.66,47.47
2026-08-28,1066,1083,972,914,649.9,89.66,253.7,124.2,46.7,1.02,0.84,22.84,29.15,19.74,17.15,52.08,32.69,46.17
2026-08-29,1094,1212,988,927,667.4,94.06,261.8,128.5,47.3,1.01,0.81,24.18,30.82,20.09,17.65,54.11,33.52,46.29
2026-08-30,1075,1296,950,888,667.2,94.74,267.2,127.4,47.7,1.06,0.87,24.63,30.49,20.1,17.66,53.99,33.95,47.25
2026-08-31,1044,1320,959,858,628.5,95.28,274.9,130.9,47.0,0.93,0.79,24.38,30.89,19.63,17.04,53.12,33.38,45.14
